i•Ê“Yj‘å‰JŒx•ñE’ˆÓ•ñ‚Ì“yë‰J—ÊŽw”Šî€’l,,,,—ß˜a7”N5ŒŽ29“úŒ»Ý,
Žs’¬‘º“™‚ð‚Ü‚Æ‚ß‚½’nˆæ,Žs’¬‘º“™,’nˆæƒƒbƒVƒ…ƒR[ƒhi‚PkmŠiŽq‘Î‰žj,“yë‰J—ÊŽw”Šî€i’ˆÓ•ñj,“yë‰J—ÊŽw”Šî€iŒx•ñj,
‘åãŽs,‘åãŽs,51357279,|,|,
‘åãŽs,‘åãŽs,51357289,|,|,
‘åãŽs,‘åãŽs,51357319,154,|,
‘åãŽs,‘åãŽs,51357327,154,|,
‘åãŽs,‘åãŽs,51357328,154,|,
‘åãŽs,‘åãŽs,51357329,154,|,
‘åãŽs,‘åãŽs,51357332,|,|,
‘åãŽs,‘åãŽs,51357333,|,|,
‘åãŽs,‘åãŽs,51357334,|,|,
‘åãŽs,‘åãŽs,51357335,154,|,
‘åãŽs,‘åãŽs,51357336,154,|,
‘åãŽs,‘åãŽs,51357337,154,|,
‘åãŽs,‘åãŽs,51357338,154,|,
‘åãŽs,‘åãŽs,51357339,154,|,
‘åãŽs,‘åãŽs,51357341,|,|,
‘åãŽs,‘åãŽs,51357342,|,|,
‘åãŽs,‘åãŽs,51357343,|,|,
‘åãŽs,‘åãŽs,51357344,|,|,
‘åãŽs,‘åãŽs,51357345,154,|,
‘åãŽs,‘åãŽs,51357346,154,|,
‘åãŽs,‘åãŽs,51357347,154,|,
‘åãŽs,‘åãŽs,51357348,154,|,
‘åãŽs,‘åãŽs,51357349,154,|,
‘åãŽs,‘åãŽs,51357351,|,|,
‘åãŽs,‘åãŽs,51357352,|,|,
‘åãŽs,‘åãŽs,51357353,|,|,
‘åãŽs,‘åãŽs,51357354,|,|,
‘åãŽs,‘åãŽs,51357355,154,|,
‘åãŽs,‘åãŽs,51357356,154,|,
‘åãŽs,‘åãŽs,51357357,154,|,
‘åãŽs,‘åãŽs,51357358,154,|,
‘åãŽs,‘åãŽs,51357359,154,|,
‘åãŽs,‘åãŽs,51357361,|,|,
‘åãŽs,‘åãŽs,51357362,|,|,
‘åãŽs,‘åãŽs,51357363,|,|,
‘åãŽs,‘åãŽs,51357364,|,|,
‘åãŽs,‘åãŽs,51357365,154,|,
‘åãŽs,‘åãŽs,51357366,154,|,
‘åãŽs,‘åãŽs,51357367,154,|,
‘åãŽs,‘åãŽs,51357368,154,|,
‘åãŽs,‘åãŽs,51357369,154,|,
‘åãŽs,‘åãŽs,51357370,|,|,
‘åãŽs,‘åãŽs,51357371,|,|,
‘åãŽs,‘åãŽs,51357372,|,|,
‘åãŽs,‘åãŽs,51357373,|,|,
‘åãŽs,‘åãŽs,51357374,|,|,
‘åãŽs,‘åãŽs,51357375,154,|,
‘åãŽs,‘åãŽs,51357376,154,|,
‘åãŽs,‘åãŽs,51357377,154,|,
‘åãŽs,‘åãŽs,51357378,154,|,
‘åãŽs,‘åãŽs,51357379,154,|,
‘åãŽs,‘åãŽs,51357380,154,|,
‘åãŽs,‘åãŽs,51357381,154,|,
‘åãŽs,‘åãŽs,51357382,154,|,
‘åãŽs,‘åãŽs,51357383,154,|,
‘åãŽs,‘åãŽs,51357384,154,|,
‘åãŽs,‘åãŽs,51357385,154,|,
‘åãŽs,‘åãŽs,51357386,154,|,
‘åãŽs,‘åãŽs,51357387,154,|,
‘åãŽs,‘åãŽs,51357388,154,|,
‘åãŽs,‘åãŽs,51357389,154,|,
‘åãŽs,‘åãŽs,51357390,154,|,
‘åãŽs,‘åãŽs,51357391,154,|,
‘åãŽs,‘åãŽs,51357392,154,|,
‘åãŽs,‘åãŽs,51357393,154,|,
‘åãŽs,‘åãŽs,51357394,154,|,
‘åãŽs,‘åãŽs,51357395,154,|,
‘åãŽs,‘åãŽs,51357396,154,|,
‘åãŽs,‘åãŽs,51357397,154,|,
‘åãŽs,‘åãŽs,51357398,154,|,
‘åãŽs,‘åãŽs,51357399,154,|,
‘åãŽs,‘åãŽs,51357400,154,|,
‘åãŽs,‘åãŽs,51357410,154,|,
‘åãŽs,‘åãŽs,51357411,154,|,
‘åãŽs,‘åãŽs,51357414,154,|,
‘åãŽs,‘åãŽs,51357415,154,|,
‘åãŽs,‘åãŽs,51357420,154,|,
‘åãŽs,‘åãŽs,51357421,154,|,
‘åãŽs,‘åãŽs,51357422,154,|,
‘åãŽs,‘åãŽs,51357423,154,|,
‘åãŽs,‘åãŽs,51357424,154,|,
‘åãŽs,‘åãŽs,51357425,154,|,
‘åãŽs,‘åãŽs,51357426,154,|,
‘åãŽs,‘åãŽs,51357430,154,|,
‘åãŽs,‘åãŽs,51357431,154,|,
‘åãŽs,‘åãŽs,51357432,154,|,
‘åãŽs,‘åãŽs,51357433,154,|,
‘åãŽs,‘åãŽs,51357434,154,|,
‘åãŽs,‘åãŽs,51357435,154,|,
‘åãŽs,‘åãŽs,51357440,154,|,
‘åãŽs,‘åãŽs,51357441,154,|,
‘åãŽs,‘åãŽs,51357442,154,|,
‘åãŽs,‘åãŽs,51357443,154,|,
‘åãŽs,‘åãŽs,51357444,154,|,
‘åãŽs,‘åãŽs,51357445,154,|,
‘åãŽs,‘åãŽs,51357450,154,|,
‘åãŽs,‘åãŽs,51357451,154,|,
‘åãŽs,‘åãŽs,51357452,154,|,
‘åãŽs,‘åãŽs,51357453,154,|,
‘åãŽs,‘åãŽs,51357454,154,|,
‘åãŽs,‘åãŽs,51357455,154,|,
‘åãŽs,‘åãŽs,51357460,154,|,
‘åãŽs,‘åãŽs,51357461,154,|,
‘åãŽs,‘åãŽs,51357462,154,|,
‘åãŽs,‘åãŽs,51357463,154,|,
‘åãŽs,‘åãŽs,51357464,154,|,
‘åãŽs,‘åãŽs,51357470,154,|,
‘åãŽs,‘åãŽs,51357471,154,|,
‘åãŽs,‘åãŽs,51357472,154,|,
‘åãŽs,‘åãŽs,51357473,154,|,
‘åãŽs,‘åãŽs,51357474,154,|,
‘åãŽs,‘åãŽs,51357480,154,|,
‘åãŽs,‘åãŽs,51357481,154,|,
‘åãŽs,‘åãŽs,51357482,154,|,
‘åãŽs,‘åãŽs,51357483,154,|,
‘åãŽs,‘åãŽs,51357484,154,|,
‘åãŽs,‘åãŽs,51357490,154,|,
‘åãŽs,‘åãŽs,51357491,154,|,
‘åãŽs,‘åãŽs,51357492,154,|,
‘åãŽs,‘åãŽs,51357493,154,|,
‘åãŽs,‘åãŽs,51357494,154,|,
‘åãŽs,‘åãŽs,52350301,154,|,
‘åãŽs,‘åãŽs,52350302,154,|,
‘åãŽs,‘åãŽs,52350303,154,|,
‘åãŽs,‘åãŽs,52350304,154,|,
‘åãŽs,‘åãŽs,52350305,154,|,
‘åãŽs,‘åãŽs,52350306,154,|,
‘åãŽs,‘åãŽs,52350307,154,|,
‘åãŽs,‘åãŽs,52350308,154,|,
‘åãŽs,‘åãŽs,52350309,154,|,
‘åãŽs,‘åãŽs,52350312,154,|,
‘åãŽs,‘åãŽs,52350313,154,|,
‘åãŽs,‘åãŽs,52350314,154,|,
‘åãŽs,‘åãŽs,52350315,154,|,
‘åãŽs,‘åãŽs,52350316,154,|,
‘åãŽs,‘åãŽs,52350317,154,|,
‘åãŽs,‘åãŽs,52350318,154,|,
‘åãŽs,‘åãŽs,52350319,154,|,
‘åãŽs,‘åãŽs,52350322,154,|,
‘åãŽs,‘åãŽs,52350323,154,|,
‘åãŽs,‘åãŽs,52350324,154,|,
‘åãŽs,‘åãŽs,52350325,154,|,
‘åãŽs,‘åãŽs,52350326,154,|,
‘åãŽs,‘åãŽs,52350327,154,|,
‘åãŽs,‘åãŽs,52350328,154,|,
‘åãŽs,‘åãŽs,52350329,154,|,
‘åãŽs,‘åãŽs,52350333,154,|,
‘åãŽs,‘åãŽs,52350334,154,|,
‘åãŽs,‘åãŽs,52350335,154,|,
‘åãŽs,‘åãŽs,52350336,154,|,
‘åãŽs,‘åãŽs,52350337,154,|,
‘åãŽs,‘åãŽs,52350338,154,|,
‘åãŽs,‘åãŽs,52350339,154,|,
‘åãŽs,‘åãŽs,52350344,154,|,
‘åãŽs,‘åãŽs,52350345,154,|,
‘åãŽs,‘åãŽs,52350346,154,|,
‘åãŽs,‘åãŽs,52350347,154,|,
‘åãŽs,‘åãŽs,52350348,154,|,
‘åãŽs,‘åãŽs,52350349,154,|,
‘åãŽs,‘åãŽs,52350355,154,|,
‘åãŽs,‘åãŽs,52350356,154,|,
‘åãŽs,‘åãŽs,52350357,154,|,
‘åãŽs,‘åãŽs,52350358,154,|,
‘åãŽs,‘åãŽs,52350359,154,|,
‘åãŽs,‘åãŽs,52350366,154,|,
‘åãŽs,‘åãŽs,52350367,154,|,
‘åãŽs,‘åãŽs,52350368,154,|,
‘åãŽs,‘åãŽs,52350369,154,|,
‘åãŽs,‘åãŽs,52350376,154,|,
‘åãŽs,‘åãŽs,52350377,154,|,
‘åãŽs,‘åãŽs,52350378,154,|,
‘åãŽs,‘åãŽs,52350379,154,|,
‘åãŽs,‘åãŽs,52350388,154,|,
‘åãŽs,‘åãŽs,52350389,154,|,
‘åãŽs,‘åãŽs,52350399,154,|,
‘åãŽs,‘åãŽs,52350400,154,|,
‘åãŽs,‘åãŽs,52350401,154,|,
‘åãŽs,‘åãŽs,52350402,154,|,
‘åãŽs,‘åãŽs,52350403,154,|,
‘åãŽs,‘åãŽs,52350404,154,|,
‘åãŽs,‘åãŽs,52350410,154,|,
‘åãŽs,‘åãŽs,52350411,154,|,
‘åãŽs,‘åãŽs,52350412,154,|,
‘åãŽs,‘åãŽs,52350413,154,|,
‘åãŽs,‘åãŽs,52350414,154,|,
‘åãŽs,‘åãŽs,52350420,154,|,
‘åãŽs,‘åãŽs,52350421,154,|,
‘åãŽs,‘åãŽs,52350422,154,|,
‘åãŽs,‘åãŽs,52350423,154,|,
‘åãŽs,‘åãŽs,52350424,154,|,
‘åãŽs,‘åãŽs,52350425,154,|,
‘åãŽs,‘åãŽs,52350430,154,|,
‘åãŽs,‘åãŽs,52350431,154,|,
‘åãŽs,‘åãŽs,52350432,154,|,
‘åãŽs,‘åãŽs,52350433,154,|,
‘åãŽs,‘åãŽs,52350434,154,|,
‘åãŽs,‘åãŽs,52350435,154,|,
‘åãŽs,‘åãŽs,52350436,154,|,
‘åãŽs,‘åãŽs,52350440,154,|,
‘åãŽs,‘åãŽs,52350441,154,|,
‘åãŽs,‘åãŽs,52350442,154,|,
‘åãŽs,‘åãŽs,52350443,154,|,
‘åãŽs,‘åãŽs,52350444,154,|,
‘åãŽs,‘åãŽs,52350445,154,|,
‘åãŽs,‘åãŽs,52350446,154,|,
‘åãŽs,‘åãŽs,52350447,154,|,
‘åãŽs,‘åãŽs,52350450,154,|,
‘åãŽs,‘åãŽs,52350451,154,|,
‘åãŽs,‘åãŽs,52350452,154,|,
‘åãŽs,‘åãŽs,52350453,154,|,
‘åãŽs,‘åãŽs,52350454,154,|,
‘åãŽs,‘åãŽs,52350455,154,|,
‘åãŽs,‘åãŽs,52350456,154,|,
‘åãŽs,‘åãŽs,52350457,154,|,
‘åãŽs,‘åãŽs,52350460,154,|,
‘åãŽs,‘åãŽs,52350461,154,|,
‘åãŽs,‘åãŽs,52350462,154,|,
‘åãŽs,‘åãŽs,52350463,154,|,
‘åãŽs,‘åãŽs,52350464,154,|,
‘åãŽs,‘åãŽs,52350470,154,|,
‘åãŽs,‘åãŽs,52350471,154,|,
‘åãŽs,‘åãŽs,52350472,154,|,
‘åãŽs,‘åãŽs,52350473,154,|,
‘åãŽs,‘åãŽs,52350480,154,|,
‘åãŽs,‘åãŽs,52350481,154,|,
‘åãŽs,‘åãŽs,52350482,154,|,
‘åãŽs,‘åãŽs,52350483,154,|,
‘åãŽs,‘åãŽs,52350484,154,|,
‘åãŽs,‘åãŽs,52350491,154,|,
‘åãŽs,‘åãŽs,52350492,154,|,
‘åãŽs,‘åãŽs,52350493,154,|,
‘åãŽs,‘åãŽs,52350494,154,|,
‘åãŽs,‘åãŽs,52351402,154,|,
‘åãŽs,‘åãŽs,52351403,154,|,
‘åãŽs,‘åãŽs,52351404,154,|,
‘åãŽs,‘åãŽs,52351413,154,|,
–k‘åã,–L’†Žs,52350387,154,|,
–k‘åã,–L’†Žs,52350397,154,|,
–k‘åã,–L’†Žs,52350398,154,|,
–k‘åã,–L’†Žs,52351307,154,|,
–k‘åã,–L’†Žs,52351308,154,|,
–k‘åã,–L’†Žs,52351316,154,|,
–k‘åã,–L’†Žs,52351317,154,|,
–k‘åã,–L’†Žs,52351318,154,|,
–k‘åã,–L’†Žs,52351326,154,|,
–k‘åã,–L’†Žs,52351327,86,135,
–k‘åã,–L’†Žs,52351328,154,|,
–k‘åã,–L’†Žs,52351336,154,|,
–k‘åã,–L’†Žs,52351337,154,|,
–k‘åã,–L’†Žs,52351338,93,146,
–k‘åã,–L’†Žs,52351339,89,140,
–k‘åã,–L’†Žs,52351345,154,|,
–k‘åã,–L’†Žs,52351346,94,148,
–k‘åã,–L’†Žs,52351347,90,142,
–k‘åã,–L’†Žs,52351348,94,147,
–k‘åã,–L’†Žs,52351355,154,|,
–k‘åã,–L’†Žs,52351356,91,143,
–k‘åã,–L’†Žs,52351357,99,|,
–k‘åã,–L’†Žs,52351358,94,148,
–k‘åã,–L’†Žs,52351359,94,147,
–k‘åã,–L’†Žs,52351366,95,149,
–k‘åã,–L’†Žs,52351367,99,|,
–k‘åã,–L’†Žs,52351368,98,154,
–k‘åã,–L’†Žs,52351369,99,155,
–k‘åã,–L’†Žs,52351377,87,137,
–k‘åã,–L’†Žs,52351378,99,155,
–k‘åã,–L’†Žs,52351379,99,155,
–k‘åã,–L’†Žs,52351470,94,148,
–k‘åã,’r“cŽs,52351364,154,|,
–k‘åã,’r“cŽs,52351365,91,143,
–k‘åã,’r“cŽs,52351373,154,|,
–k‘åã,’r“cŽs,52351374,154,|,
–k‘åã,’r“cŽs,52351375,92,144,
–k‘åã,’r“cŽs,52351383,154,|,
–k‘åã,’r“cŽs,52351384,97,153,
–k‘åã,’r“cŽs,52351385,97,153,
–k‘åã,’r“cŽs,52351394,91,143,
–k‘åã,’r“cŽs,52351395,95,149,
–k‘åã,’r“cŽs,52352304,88,138,
–k‘åã,’r“cŽs,52352305,88,139,
–k‘åã,’r“cŽs,52352314,89,140,
–k‘åã,’r“cŽs,52352315,90,141,
–k‘åã,’r“cŽs,52352316,93,146,
–k‘åã,’r“cŽs,52352324,90,142,
–k‘åã,’r“cŽs,52352325,90,142,
–k‘åã,’r“cŽs,52352326,98,154,
–k‘åã,’r“cŽs,52352335,88,138,
–k‘åã,’r“cŽs,52352336,96,150,
–k‘åã,’r“cŽs,52352345,104,163,
–k‘åã,“cŽs,52350490,154,|,
–k‘åã,“cŽs,52351309,154,|,
–k‘åã,“cŽs,52351319,154,|,
–k‘åã,“cŽs,52351329,154,|,
–k‘åã,“cŽs,52351349,90,141,
–k‘åã,“cŽs,52351400,154,|,
–k‘åã,“cŽs,52351401,154,|,
–k‘åã,“cŽs,52351410,85,134,
–k‘åã,“cŽs,52351411,88,139,
–k‘åã,“cŽs,52351412,154,|,
–k‘åã,“cŽs,52351420,89,140,
–k‘åã,“cŽs,52351421,89,140,
–k‘åã,“cŽs,52351422,154,|,
–k‘åã,“cŽs,52351423,154,|,
–k‘åã,“cŽs,52351430,86,135,
–k‘åã,“cŽs,52351431,94,147,
–k‘åã,“cŽs,52351432,101,159,
–k‘åã,“cŽs,52351440,90,142,
–k‘åã,“cŽs,52351441,98,154,
–k‘åã,“cŽs,52351442,107,168,
–k‘åã,“cŽs,52351450,90,142,
–k‘åã,“cŽs,52351451,103,161,
–k‘åã,“cŽs,52351452,106,167,
–k‘åã,“cŽs,52351453,98,154,
–k‘åã,“cŽs,52351460,94,148,
–k‘åã,“cŽs,52351461,103,161,
–k‘åã,“cŽs,52351462,107,168,
–k‘åã,“cŽs,52351463,90,142,
–k‘åã,“cŽs,52351471,103,161,
–k‘åã,“cŽs,52351472,103,161,
–k‘åã,“cŽs,52351480,99,156,
–k‘åã,“cŽs,52351481,103,162,
–k‘åã,“cŽs,52351490,101,158,
–k‘åã,‚’ÎŽs,52351448,154,|,
–k‘åã,‚’ÎŽs,52351458,154,|,
–k‘åã,‚’ÎŽs,52351468,154,|,
–k‘åã,‚’ÎŽs,52351469,154,|,
–k‘åã,‚’ÎŽs,52351478,154,|,
–k‘åã,‚’ÎŽs,52351479,154,|,
–k‘åã,‚’ÎŽs,52351488,154,|,
–k‘åã,‚’ÎŽs,52351489,154,|,
–k‘åã,‚’ÎŽs,52351497,154,|,
–k‘åã,‚’ÎŽs,52351498,154,|,
–k‘åã,‚’ÎŽs,52351499,154,|,
–k‘åã,‚’ÎŽs,52351570,154,|,
–k‘åã,‚’ÎŽs,52351580,154,|,
–k‘åã,‚’ÎŽs,52351590,154,|,
–k‘åã,‚’ÎŽs,52351591,154,|,
–k‘åã,‚’ÎŽs,52352407,154,|,
–k‘åã,‚’ÎŽs,52352408,154,|,
–k‘åã,‚’ÎŽs,52352409,154,|,
–k‘åã,‚’ÎŽs,52352416,154,|,
–k‘åã,‚’ÎŽs,52352417,154,|,
–k‘åã,‚’ÎŽs,52352418,154,|,
–k‘åã,‚’ÎŽs,52352419,154,|,
–k‘åã,‚’ÎŽs,52352425,83,130,
–k‘åã,‚’ÎŽs,52352426,90,141,
–k‘åã,‚’ÎŽs,52352427,93,146,
–k‘åã,‚’ÎŽs,52352428,94,148,
–k‘åã,‚’ÎŽs,52352429,95,149,
–k‘åã,‚’ÎŽs,52352436,83,131,
–k‘åã,‚’ÎŽs,52352437,87,137,
–k‘åã,‚’ÎŽs,52352438,84,132,
–k‘åã,‚’ÎŽs,52352439,96,150,
–k‘åã,‚’ÎŽs,52352445,85,134,
–k‘åã,‚’ÎŽs,52352446,84,132,
–k‘åã,‚’ÎŽs,52352447,84,132,
–k‘åã,‚’ÎŽs,52352448,85,133,
–k‘åã,‚’ÎŽs,52352449,96,151,
–k‘åã,‚’ÎŽs,52352456,86,135,
–k‘åã,‚’ÎŽs,52352457,85,133,
–k‘åã,‚’ÎŽs,52352458,85,133,
–k‘åã,‚’ÎŽs,52352459,85,134,
–k‘åã,‚’ÎŽs,52352465,90,141,
–k‘åã,‚’ÎŽs,52352466,86,135,
–k‘åã,‚’ÎŽs,52352467,85,134,
–k‘åã,‚’ÎŽs,52352468,85,134,
–k‘åã,‚’ÎŽs,52352469,86,135,
–k‘åã,‚’ÎŽs,52352476,90,141,
–k‘åã,‚’ÎŽs,52352477,88,139,
–k‘åã,‚’ÎŽs,52352478,89,140,
–k‘åã,‚’ÎŽs,52352479,89,140,
–k‘åã,‚’ÎŽs,52352486,89,140,
–k‘åã,‚’ÎŽs,52352487,88,139,
–k‘åã,‚’ÎŽs,52352488,89,140,
–k‘åã,‚’ÎŽs,52352489,90,141,
–k‘åã,‚’ÎŽs,52352496,96,151,
–k‘åã,‚’ÎŽs,52352497,96,151,
–k‘åã,‚’ÎŽs,52352498,96,151,
–k‘åã,‚’ÎŽs,52352499,90,141,
–k‘åã,‚’ÎŽs,52352500,154,|,
–k‘åã,‚’ÎŽs,52352501,154,|,
–k‘åã,‚’ÎŽs,52352510,154,|,
–k‘åã,‚’ÎŽs,52352511,154,|,
–k‘åã,‚’ÎŽs,52352520,154,|,
–k‘åã,‚’ÎŽs,52352521,154,|,
–k‘åã,‚’ÎŽs,52352522,154,|,
–k‘åã,‚’ÎŽs,52352530,96,151,
–k‘åã,‚’ÎŽs,52352531,92,145,
–k‘åã,‚’ÎŽs,52352532,93,146,
–k‘åã,‚’ÎŽs,52352533,154,|,
–k‘åã,‚’ÎŽs,52352540,97,152,
–k‘åã,‚’ÎŽs,52352541,89,140,
–k‘åã,‚’ÎŽs,52352542,93,146,
–k‘åã,‚’ÎŽs,52352543,154,|,
–k‘åã,‚’ÎŽs,52352550,90,141,
–k‘åã,‚’ÎŽs,52352551,90,142,
–k‘åã,‚’ÎŽs,52352560,86,135,
–k‘åã,‚’ÎŽs,52352570,90,141,
–k‘åã,‚’ÎŽs,52352580,94,147,
–k‘åã,‚’ÎŽs,52353406,104,163,
–k‘åã,‚’ÎŽs,52353407,96,151,
–k‘åã,‚’ÎŽs,52353408,92,145,
–k‘åã,‚’ÎŽs,52353409,96,151,
–k‘åã,‚’ÎŽs,52353416,104,164,
–k‘åã,‚’ÎŽs,52353417,96,151,
–k‘åã,‚’ÎŽs,52353419,97,152,
–k‘åã,‚’ÎŽs,52353426,101,158,
–k‘åã,‚’ÎŽs,52353427,101,159,
–k‘åã,‚’ÎŽs,52353428,99,155,
–k‘åã,‚’ÎŽs,52353435,98,154,
–k‘åã,‚’ÎŽs,52353436,97,153,
–k‘åã,‚’ÎŽs,52353437,98,154,
–k‘åã,‚’ÎŽs,52353438,95,149,
–k‘åã,‚’ÎŽs,52353445,101,159,
–k‘åã,‚’ÎŽs,52353446,105,165,
–k‘åã,‚’ÎŽs,52353447,103,161,
–k‘åã,‚’ÎŽs,52353448,99,156,
–k‘åã,‚’ÎŽs,52353456,104,163,
–k‘åã,‚’ÎŽs,52353457,106,166,
–k‘åã,‚’ÎŽs,52353458,112,175,
–k‘åã,‚’ÎŽs,52353466,97,153,
–k‘åã,ˆï–ØŽs,52351445,154,|,
–k‘åã,ˆï–ØŽs,52351446,154,|,
–k‘åã,ˆï–ØŽs,52351454,154,|,
–k‘åã,ˆï–ØŽs,52351455,154,|,
–k‘åã,ˆï–ØŽs,52351456,154,|,
–k‘åã,ˆï–ØŽs,52351457,154,|,
–k‘åã,ˆï–ØŽs,52351464,98,154,
–k‘åã,ˆï–ØŽs,52351465,154,|,
–k‘åã,ˆï–ØŽs,52351466,154,|,
–k‘åã,ˆï–ØŽs,52351467,154,|,
–k‘åã,ˆï–ØŽs,52351473,99,155,
–k‘åã,ˆï–ØŽs,52351474,94,148,
–k‘åã,ˆï–ØŽs,52351475,154,|,
–k‘åã,ˆï–ØŽs,52351476,154,|,
–k‘åã,ˆï–ØŽs,52351477,154,|,
–k‘åã,ˆï–ØŽs,52351482,99,156,
–k‘åã,ˆï–ØŽs,52351483,96,150,
–k‘åã,ˆï–ØŽs,52351484,91,143,
–k‘åã,ˆï–ØŽs,52351485,154,|,
–k‘åã,ˆï–ØŽs,52351486,154,|,
–k‘åã,ˆï–ØŽs,52351487,154,|,
–k‘åã,ˆï–ØŽs,52351492,96,151,
–k‘åã,ˆï–ØŽs,52351493,96,150,
–k‘åã,ˆï–ØŽs,52351494,92,144,
–k‘åã,ˆï–ØŽs,52351495,154,|,
–k‘åã,ˆï–ØŽs,52351496,154,|,
–k‘åã,ˆï–ØŽs,52352402,97,153,
–k‘åã,ˆï–ØŽs,52352403,89,140,
–k‘åã,ˆï–ØŽs,52352404,154,|,
–k‘åã,ˆï–ØŽs,52352405,154,|,
–k‘åã,ˆï–ØŽs,52352406,154,|,
–k‘åã,ˆï–ØŽs,52352412,91,143,
–k‘åã,ˆï–ØŽs,52352413,91,143,
–k‘åã,ˆï–ØŽs,52352414,90,141,
–k‘åã,ˆï–ØŽs,52352415,154,|,
–k‘åã,ˆï–ØŽs,52352422,92,145,
–k‘åã,ˆï–ØŽs,52352423,92,145,
–k‘åã,ˆï–ØŽs,52352424,88,138,
–k‘åã,ˆï–ØŽs,52352431,90,141,
–k‘åã,ˆï–ØŽs,52352432,90,142,
–k‘åã,ˆï–ØŽs,52352433,94,147,
–k‘åã,ˆï–ØŽs,52352434,92,145,
–k‘åã,ˆï–ØŽs,52352435,84,132,
–k‘åã,ˆï–ØŽs,52352441,92,145,
–k‘åã,ˆï–ØŽs,52352442,96,151,
–k‘åã,ˆï–ØŽs,52352443,95,149,
–k‘åã,ˆï–ØŽs,52352444,90,142,
–k‘åã,ˆï–ØŽs,52352450,99,155,
–k‘åã,ˆï–ØŽs,52352451,98,154,
–k‘åã,ˆï–ØŽs,52352452,97,153,
–k‘åã,ˆï–ØŽs,52352453,96,151,
–k‘åã,ˆï–ØŽs,52352454,91,143,
–k‘åã,ˆï–ØŽs,52352455,90,142,
–k‘åã,ˆï–ØŽs,52352460,103,162,
–k‘åã,ˆï–ØŽs,52352461,99,155,
–k‘åã,ˆï–ØŽs,52352462,101,159,
–k‘åã,ˆï–ØŽs,52352463,96,151,
–k‘åã,ˆï–ØŽs,52352464,95,149,
–k‘åã,ˆï–ØŽs,52352470,102,160,
–k‘åã,ˆï–ØŽs,52352471,102,160,
–k‘åã,ˆï–ØŽs,52352472,101,159,
–k‘åã,ˆï–ØŽs,52352473,100,157,
–k‘åã,ˆï–ØŽs,52352474,96,150,
–k‘åã,ˆï–ØŽs,52352475,94,147,
–k‘åã,ˆï–ØŽs,52352481,101,159,
–k‘åã,ˆï–ØŽs,52352482,74,117,
–k‘åã,ˆï–ØŽs,52352483,74,116,
–k‘åã,ˆï–ØŽs,52352484,72,114,
–k‘åã,ˆï–ØŽs,52352485,94,147,
–k‘åã,ˆï–ØŽs,52352492,74,116,
–k‘åã,ˆï–ØŽs,52352493,74,116,
–k‘åã,ˆï–ØŽs,52352494,72,114,
–k‘åã,ˆï–ØŽs,52352495,97,153,
–k‘åã,ˆï–ØŽs,52353402,74,116,
–k‘åã,–¥–ÊŽs,52351376,99,|,
–k‘åã,–¥–ÊŽs,52351386,97,152,
–k‘åã,–¥–ÊŽs,52351387,99,|,
–k‘åã,–¥–ÊŽs,52351388,99,156,
–k‘åã,–¥–ÊŽs,52351389,99,156,
–k‘åã,–¥–ÊŽs,52351396,91,143,
–k‘åã,–¥–ÊŽs,52351397,90,142,
–k‘åã,–¥–ÊŽs,52351398,90,142,
–k‘åã,–¥–ÊŽs,52351399,97,152,
–k‘åã,–¥–ÊŽs,52351491,101,158,
–k‘åã,–¥–ÊŽs,52352306,92,144,
–k‘åã,–¥–ÊŽs,52352307,92,145,
–k‘åã,–¥–ÊŽs,52352308,99,156,
–k‘åã,–¥–ÊŽs,52352309,99,155,
–k‘åã,–¥–ÊŽs,52352317,92,145,
–k‘åã,–¥–ÊŽs,52352318,93,146,
–k‘åã,–¥–ÊŽs,52352319,89,140,
–k‘åã,–¥–ÊŽs,52352327,94,147,
–k‘åã,–¥–ÊŽs,52352328,98,154,
–k‘åã,–¥–ÊŽs,52352329,90,141,
–k‘åã,–¥–ÊŽs,52352337,99,156,
–k‘åã,–¥–ÊŽs,52352338,100,157,
–k‘åã,–¥–ÊŽs,52352339,91,143,
–k‘åã,–¥–ÊŽs,52352346,100,157,
–k‘åã,–¥–ÊŽs,52352347,101,159,
–k‘åã,–¥–ÊŽs,52352348,101,159,
–k‘åã,–¥–ÊŽs,52352349,102,160,
–k‘åã,–¥–ÊŽs,52352355,104,163,
–k‘åã,–¥–ÊŽs,52352356,101,158,
–k‘åã,–¥–ÊŽs,52352357,106,166,
–k‘åã,–¥–ÊŽs,52352358,103,162,
–k‘åã,–¥–ÊŽs,52352365,108,170,
–k‘åã,–¥–ÊŽs,52352366,104,164,
–k‘åã,–¥–ÊŽs,52352367,105,165,
–k‘åã,–¥–ÊŽs,52352376,96,151,
–k‘åã,–¥–ÊŽs,52352377,97,153,
–k‘åã,–¥–ÊŽs,52352378,110,172,
–k‘åã,–¥–ÊŽs,52352387,93,146,
–k‘åã,–¥–ÊŽs,52352400,98,154,
–k‘åã,–¥–ÊŽs,52352401,94,147,
–k‘åã,–¥–ÊŽs,52352410,88,138,
–k‘åã,–¥–ÊŽs,52352411,88,139,
–k‘åã,–¥–ÊŽs,52352420,90,141,
–k‘åã,–¥–ÊŽs,52352421,88,139,
–k‘åã,–¥–ÊŽs,52352430,90,142,
–k‘åã,–¥–ÊŽs,52352440,97,152,
–k‘åã,Û’ÃŽs,52351414,154,|,
–k‘åã,Û’ÃŽs,52351415,154,|,
–k‘åã,Û’ÃŽs,52351424,154,|,
–k‘åã,Û’ÃŽs,52351425,154,|,
–k‘åã,Û’ÃŽs,52351426,154,|,
–k‘åã,Û’ÃŽs,52351433,154,|,
–k‘åã,Û’ÃŽs,52351434,154,|,
–k‘åã,Û’ÃŽs,52351435,154,|,
–k‘åã,Û’ÃŽs,52351436,154,|,
–k‘åã,Û’ÃŽs,52351437,154,|,
–k‘åã,Û’ÃŽs,52351443,154,|,
–k‘åã,Û’ÃŽs,52351444,154,|,
–k‘åã,Û’ÃŽs,52351447,154,|,
–k‘åã,“‡–{’¬,52352552,97,153,
–k‘åã,“‡–{’¬,52352553,154,|,
–k‘åã,“‡–{’¬,52352554,154,|,
–k‘åã,“‡–{’¬,52352561,87,137,
–k‘åã,“‡–{’¬,52352562,91,143,
–k‘åã,“‡–{’¬,52352563,89,140,
–k‘åã,“‡–{’¬,52352571,90,142,
–k‘åã,“‡–{’¬,52352572,87,137,
–k‘åã,“‡–{’¬,52352573,85,134,
–k‘åã,“‡–{’¬,52352581,91,143,
–k‘åã,“‡–{’¬,52352582,90,142,
–k‘åã,“‡–{’¬,52352590,94,148,
–k‘åã,“‡–{’¬,52352591,92,144,
–k‘åã,“‡–{’¬,52353500,90,142,
–k‘åã,“‡–{’¬,52353501,90,142,
–k‘åã,“‡–{’¬,52353510,93,146,
–k‘åã,–L”\’¬,52352359,99,156,
–k‘åã,–L”\’¬,52352368,111,174,
–k‘åã,–L”\’¬,52352369,112,175,
–k‘åã,–L”\’¬,52352375,92,144,
–k‘åã,–L”\’¬,52352379,98,154,
–k‘åã,–L”\’¬,52352384,106,167,
–k‘åã,–L”\’¬,52352385,112,175,
–k‘åã,–L”\’¬,52352386,112,176,
–k‘åã,–L”\’¬,52352388,94,148,
–k‘åã,–L”\’¬,52352389,94,147,
–k‘åã,–L”\’¬,52352394,106,167,
–k‘åã,–L”\’¬,52352395,111,174,
–k‘åã,–L”\’¬,52352396,111,174,
–k‘åã,–L”\’¬,52352397,92,145,
–k‘åã,–L”\’¬,52352398,94,147,
–k‘åã,–L”\’¬,52352399,83,130,
–k‘åã,–L”\’¬,52352480,105,165,
–k‘åã,–L”\’¬,52352490,82,129,
–k‘åã,–L”\’¬,52352491,82,129,
–k‘åã,–L”\’¬,52353307,91,143,
–k‘åã,–L”\’¬,52353308,94,147,
–k‘åã,–L”\’¬,52353309,83,131,
–k‘åã,–L”\’¬,52353318,100,157,
–k‘åã,–L”\’¬,52353319,83,130,
–k‘åã,–L”\’¬,52353328,90,142,
–k‘åã,–L”\’¬,52353329,96,151,
–k‘åã,–L”\’¬,52353400,83,130,
–k‘åã,–L”\’¬,52353401,83,130,
–k‘åã,–L”\’¬,52353410,83,130,
–k‘åã,–L”\’¬,52353411,81,128,
–k‘åã,–L”\’¬,52353420,101,158,
–k‘åã,”\¨’¬,52353258,79,124,
–k‘åã,”\¨’¬,52353259,80,125,
–k‘åã,”\¨’¬,52353268,79,124,
–k‘åã,”\¨’¬,52353269,80,126,
–k‘åã,”\¨’¬,52353278,79,124,
–k‘åã,”\¨’¬,52353279,81,127,
–k‘åã,”\¨’¬,52353288,87,136,
–k‘åã,”\¨’¬,52353289,88,138,
–k‘åã,”\¨’¬,52353298,86,135,
–k‘åã,”\¨’¬,52353299,81,127,
–k‘åã,”\¨’¬,52353316,101,159,
–k‘åã,”\¨’¬,52353317,106,166,
–k‘åã,”\¨’¬,52353323,106,167,
–k‘åã,”\¨’¬,52353324,103,161,
–k‘åã,”\¨’¬,52353325,103,161,
–k‘åã,”\¨’¬,52353326,90,142,
–k‘åã,”\¨’¬,52353327,91,143,
–k‘åã,”\¨’¬,52353331,97,153,
–k‘åã,”\¨’¬,52353332,102,160,
–k‘åã,”\¨’¬,52353333,107,168,
–k‘åã,”\¨’¬,52353334,103,162,
–k‘åã,”\¨’¬,52353335,104,163,
–k‘åã,”\¨’¬,52353336,92,145,
–k‘åã,”\¨’¬,52353337,91,143,
–k‘åã,”\¨’¬,52353338,90,141,
–k‘åã,”\¨’¬,52353341,101,159,
–k‘åã,”\¨’¬,52353342,103,161,
–k‘åã,”\¨’¬,52353343,107,168,
–k‘åã,”\¨’¬,52353344,107,168,
–k‘åã,”\¨’¬,52353345,103,161,
–k‘åã,”\¨’¬,52353346,91,143,
–k‘åã,”\¨’¬,52353347,90,142,
–k‘åã,”\¨’¬,52353348,90,141,
–k‘åã,”\¨’¬,52353350,81,128,
–k‘åã,”\¨’¬,52353351,97,153,
–k‘åã,”\¨’¬,52353352,103,162,
–k‘åã,”\¨’¬,52353353,103,161,
–k‘åã,”\¨’¬,52353354,103,161,
–k‘åã,”\¨’¬,52353355,102,160,
–k‘åã,”\¨’¬,52353356,103,161,
–k‘åã,”\¨’¬,52353357,98,154,
–k‘åã,”\¨’¬,52353358,97,153,
–k‘åã,”\¨’¬,52353360,82,129,
–k‘åã,”\¨’¬,52353361,98,154,
–k‘åã,”\¨’¬,52353362,99,155,
–k‘åã,”\¨’¬,52353363,103,162,
–k‘åã,”\¨’¬,52353364,103,161,
–k‘åã,”\¨’¬,52353365,103,161,
–k‘åã,”\¨’¬,52353366,103,161,
–k‘åã,”\¨’¬,52353367,99,155,
–k‘åã,”\¨’¬,52353368,97,152,
–k‘åã,”\¨’¬,52353370,83,130,
–k‘åã,”\¨’¬,52353371,94,147,
–k‘åã,”\¨’¬,52353372,97,153,
–k‘åã,”\¨’¬,52353373,98,154,
–k‘åã,”\¨’¬,52353374,103,161,
–k‘åã,”\¨’¬,52353375,103,161,
–k‘åã,”\¨’¬,52353376,103,162,
–k‘åã,”\¨’¬,52353377,111,174,
–k‘åã,”\¨’¬,52353378,101,158,
–k‘åã,”\¨’¬,52353380,83,130,
–k‘åã,”\¨’¬,52353381,82,129,
–k‘åã,”\¨’¬,52353382,83,130,
–k‘åã,”\¨’¬,52353383,101,159,
–k‘åã,”\¨’¬,52353384,98,154,
–k‘åã,”\¨’¬,52353385,103,161,
–k‘åã,”\¨’¬,52353386,106,167,
–k‘åã,”\¨’¬,52353387,101,159,
–k‘åã,”\¨’¬,52353388,103,162,
–k‘åã,”\¨’¬,52353390,81,128,
–k‘åã,”\¨’¬,52353391,81,128,
–k‘åã,”\¨’¬,52353392,81,128,
–k‘åã,”\¨’¬,52353393,97,152,
–k‘åã,”\¨’¬,52353394,97,153,
–k‘åã,”\¨’¬,52353395,96,151,
–k‘åã,”\¨’¬,52353396,96,151,
–k‘åã,”\¨’¬,52353397,95,149,
–k‘åã,”\¨’¬,52354208,83,130,
–k‘åã,”\¨’¬,52354209,86,135,
–k‘åã,”\¨’¬,52354218,85,133,
–k‘åã,”\¨’¬,52354219,85,133,
–k‘åã,”\¨’¬,52354228,85,133,
–k‘åã,”\¨’¬,52354229,85,133,
–k‘åã,”\¨’¬,52354237,88,138,
–k‘åã,”\¨’¬,52354238,85,133,
–k‘åã,”\¨’¬,52354239,85,134,
–k‘åã,”\¨’¬,52354247,84,132,
–k‘åã,”\¨’¬,52354248,85,133,
–k‘åã,”\¨’¬,52354249,83,130,
–k‘åã,”\¨’¬,52354258,80,126,
–k‘åã,”\¨’¬,52354259,85,133,
–k‘åã,”\¨’¬,52354300,80,126,
–k‘åã,”\¨’¬,52354301,80,125,
–k‘åã,”\¨’¬,52354302,81,127,
–k‘åã,”\¨’¬,52354303,97,152,
–k‘åã,”\¨’¬,52354304,97,152,
–k‘åã,”\¨’¬,52354305,95,149,
–k‘åã,”\¨’¬,52354310,85,133,
–k‘åã,”\¨’¬,52354330,83,130,
“Œ•”‘åã,ŽçŒûŽs,52350465,154,|,
“Œ•”‘åã,ŽçŒûŽs,52350466,154,|,
“Œ•”‘åã,ŽçŒûŽs,52350474,154,|,
“Œ•”‘åã,ŽçŒûŽs,52350475,154,|,
“Œ•”‘åã,ŽçŒûŽs,52350485,154,|,
“Œ•”‘åã,ŽçŒûŽs,52350495,154,|,
“Œ•”‘åã,ŽçŒûŽs,52350496,154,|,
“Œ•”‘åã,ŽçŒûŽs,52351405,154,|,
“Œ•”‘åã,ŽçŒûŽs,52351406,154,|,
“Œ•”‘åã,ŽçŒûŽs,52351407,154,|,
“Œ•”‘åã,ŽçŒûŽs,52351416,154,|,
“Œ•”‘åã,ŽçŒûŽs,52351417,154,|,
“Œ•”‘åã,–‡•ûŽs,52351459,154,|,
“Œ•”‘åã,–‡•ûŽs,52351532,103,157,
“Œ•”‘åã,–‡•ûŽs,52351533,154,|,
“Œ•”‘åã,–‡•ûŽs,52351537,94,143,
“Œ•”‘åã,–‡•ûŽs,52351541,95,144,
“Œ•”‘åã,–‡•ûŽs,52351542,99,151,
“Œ•”‘åã,–‡•ûŽs,52351543,99,150,
“Œ•”‘åã,–‡•ûŽs,52351547,94,143,
“Œ•”‘åã,–‡•ûŽs,52351548,101,154,
“Œ•”‘åã,–‡•ûŽs,52351550,95,145,
“Œ•”‘åã,–‡•ûŽs,52351551,96,146,
“Œ•”‘åã,–‡•ûŽs,52351552,96,146,
“Œ•”‘åã,–‡•ûŽs,52351557,94,143,
“Œ•”‘åã,–‡•ûŽs,52351558,101,154,
“Œ•”‘åã,–‡•ûŽs,52351560,154,|,
“Œ•”‘åã,–‡•ûŽs,52351561,97,147,
“Œ•”‘åã,–‡•ûŽs,52351562,97,148,
“Œ•”‘åã,–‡•ûŽs,52351563,93,141,
“Œ•”‘åã,–‡•ûŽs,52351564,154,|,
“Œ•”‘åã,–‡•ûŽs,52351565,154,|,
“Œ•”‘åã,–‡•ûŽs,52351566,91,138,
“Œ•”‘åã,–‡•ûŽs,52351567,90,137,
“Œ•”‘åã,–‡•ûŽs,52351568,90,137,
“Œ•”‘åã,–‡•ûŽs,52351569,93,142,
“Œ•”‘åã,–‡•ûŽs,52351571,101,154,
“Œ•”‘åã,–‡•ûŽs,52351572,94,143,
“Œ•”‘åã,–‡•ûŽs,52351573,93,142,
“Œ•”‘åã,–‡•ûŽs,52351574,154,|,
“Œ•”‘åã,–‡•ûŽs,52351575,154,|,
“Œ•”‘åã,–‡•ûŽs,52351576,92,140,
“Œ•”‘åã,–‡•ûŽs,52351577,91,138,
“Œ•”‘åã,–‡•ûŽs,52351578,90,137,
“Œ•”‘åã,–‡•ûŽs,52351581,154,|,
“Œ•”‘åã,–‡•ûŽs,52351582,99,150,
“Œ•”‘åã,–‡•ûŽs,52351583,154,|,
“Œ•”‘åã,–‡•ûŽs,52351584,154,|,
“Œ•”‘åã,–‡•ûŽs,52351585,101,154,
“Œ•”‘åã,–‡•ûŽs,52351586,154,|,
“Œ•”‘åã,–‡•ûŽs,52351587,91,139,
“Œ•”‘åã,–‡•ûŽs,52351588,90,137,
“Œ•”‘åã,–‡•ûŽs,52351592,99,150,
“Œ•”‘åã,–‡•ûŽs,52351593,94,143,
“Œ•”‘åã,–‡•ûŽs,52351594,154,|,
“Œ•”‘åã,–‡•ûŽs,52351595,101,154,
“Œ•”‘åã,–‡•ûŽs,52351596,154,|,
“Œ•”‘åã,–‡•ûŽs,52351597,91,139,
“Œ•”‘åã,–‡•ûŽs,52352502,154,|,
“Œ•”‘åã,–‡•ûŽs,52352503,154,|,
“Œ•”‘åã,–‡•ûŽs,52352504,154,|,
“Œ•”‘åã,–‡•ûŽs,52352505,154,|,
“Œ•”‘åã,–‡•ûŽs,52352506,110,167,
“Œ•”‘åã,–‡•ûŽs,52352512,154,|,
“Œ•”‘åã,–‡•ûŽs,52352513,102,156,
“Œ•”‘åã,–‡•ûŽs,52352514,154,|,
“Œ•”‘åã,–‡•ûŽs,52352515,154,|,
“Œ•”‘åã,–‡•ûŽs,52352516,97,148,
“Œ•”‘åã,–‡•ûŽs,52352523,154,|,
“Œ•”‘åã,–‡•ûŽs,52352524,154,|,
“Œ•”‘åã,–‡•ûŽs,52352534,154,|,
“Œ•”‘åã,–‡•ûŽs,52352544,154,|,
“Œ•”‘åã,”ª”öŽs,51357407,154,|,
“Œ•”‘åã,”ª”öŽs,51357408,154,|,
“Œ•”‘åã,”ª”öŽs,51357416,154,|,
“Œ•”‘åã,”ª”öŽs,51357417,154,|,
“Œ•”‘åã,”ª”öŽs,51357418,154,|,
“Œ•”‘åã,”ª”öŽs,51357419,154,|,
“Œ•”‘åã,”ª”öŽs,51357427,154,|,
“Œ•”‘åã,”ª”öŽs,51357428,154,|,
“Œ•”‘åã,”ª”öŽs,51357429,154,|,
“Œ•”‘åã,”ª”öŽs,51357436,154,|,
“Œ•”‘åã,”ª”öŽs,51357437,154,|,
“Œ•”‘åã,”ª”öŽs,51357438,154,|,
“Œ•”‘åã,”ª”öŽs,51357439,154,|,
“Œ•”‘åã,”ª”öŽs,51357446,154,|,
“Œ•”‘åã,”ª”öŽs,51357447,154,|,
“Œ•”‘åã,”ª”öŽs,51357448,154,|,
“Œ•”‘åã,”ª”öŽs,51357449,154,|,
“Œ•”‘åã,”ª”öŽs,51357456,154,|,
“Œ•”‘åã,”ª”öŽs,51357457,154,|,
“Œ•”‘åã,”ª”öŽs,51357458,154,|,
“Œ•”‘åã,”ª”öŽs,51357459,154,|,
“Œ•”‘åã,”ª”öŽs,51357467,154,|,
“Œ•”‘åã,”ª”öŽs,51357468,154,|,
“Œ•”‘åã,”ª”öŽs,51357469,154,|,
“Œ•”‘åã,”ª”öŽs,51357478,154,|,
“Œ•”‘åã,”ª”öŽs,51357479,154,|,
“Œ•”‘åã,”ª”öŽs,51357520,84,128,
“Œ•”‘åã,”ª”öŽs,51357521,80,122,
“Œ•”‘åã,”ª”öŽs,51357530,79,121,
“Œ•”‘åã,”ª”öŽs,51357531,80,122,
“Œ•”‘åã,”ª”öŽs,51357540,83,127,
“Œ•”‘åã,”ª”öŽs,51357541,83,127,
“Œ•”‘åã,”ª”öŽs,51357542,83,127,
“Œ•”‘åã,”ª”öŽs,51357550,154,|,
“Œ•”‘åã,”ª”öŽs,51357551,84,128,
“Œ•”‘åã,”ª”öŽs,51357552,84,128,
“Œ•”‘åã,”ª”öŽs,51357560,154,|,
“Œ•”‘åã,”ª”öŽs,51357561,85,129,
“Œ•”‘åã,”ª”öŽs,51357562,85,129,
“Œ•”‘åã,Q‰®ìŽs,52350499,154,|,
“Œ•”‘åã,Q‰®ìŽs,52351408,154,|,
“Œ•”‘åã,Q‰®ìŽs,52351409,154,|,
“Œ•”‘åã,Q‰®ìŽs,52351418,154,|,
“Œ•”‘åã,Q‰®ìŽs,52351419,154,|,
“Œ•”‘åã,Q‰®ìŽs,52351427,154,|,
“Œ•”‘åã,Q‰®ìŽs,52351428,154,|,
“Œ•”‘åã,Q‰®ìŽs,52351429,154,|,
“Œ•”‘åã,Q‰®ìŽs,52351438,154,|,
“Œ•”‘åã,Q‰®ìŽs,52351439,154,|,
“Œ•”‘åã,Q‰®ìŽs,52351449,154,|,
“Œ•”‘åã,Q‰®ìŽs,52351500,154,|,
“Œ•”‘åã,Q‰®ìŽs,52351501,95,145,
“Œ•”‘åã,Q‰®ìŽs,52351502,104,158,
“Œ•”‘åã,Q‰®ìŽs,52351510,97,148,
“Œ•”‘åã,Q‰®ìŽs,52351511,99,151,
“Œ•”‘åã,Q‰®ìŽs,52351512,104,158,
“Œ•”‘åã,Q‰®ìŽs,52351520,98,149,
“Œ•”‘åã,Q‰®ìŽs,52351521,99,151,
“Œ•”‘åã,Q‰®ìŽs,52351522,103,157,
“Œ•”‘åã,Q‰®ìŽs,52351530,90,137,
“Œ•”‘åã,Q‰®ìŽs,52351531,99,151,
“Œ•”‘åã,Q‰®ìŽs,52351540,95,144,
“Œ•”‘åã,‘å“ŒŽs,52350448,154,|,
“Œ•”‘åã,‘å“ŒŽs,52350449,154,|,
“Œ•”‘åã,‘å“ŒŽs,52350458,154,|,
“Œ•”‘åã,‘å“ŒŽs,52350459,154,|,
“Œ•”‘åã,‘å“ŒŽs,52350469,154,|,
“Œ•”‘åã,‘å“ŒŽs,52350540,154,|,
“Œ•”‘åã,‘å“ŒŽs,52350541,81,124,
“Œ•”‘åã,‘å“ŒŽs,52350542,102,156,
“Œ•”‘åã,‘å“ŒŽs,52350543,103,157,
“Œ•”‘åã,‘å“ŒŽs,52350550,154,|,
“Œ•”‘åã,‘å“ŒŽs,52350551,89,136,
“Œ•”‘åã,‘å“ŒŽs,52350552,91,138,
“Œ•”‘åã,‘å“ŒŽs,52350553,92,140,
“Œ•”‘åã,‘å“ŒŽs,52350560,154,|,
“Œ•”‘åã,‘å“ŒŽs,52350561,90,137,
“Œ•”‘åã,‘å“ŒŽs,52350562,91,139,
“Œ•”‘åã,‘å“ŒŽs,52350570,154,|,
“Œ•”‘åã,‘å“ŒŽs,52350571,74,113,
“Œ•”‘åã,”Œ´Žs,51356561,76,116,
“Œ•”‘åã,”Œ´Žs,51356562,84,128,
“Œ•”‘åã,”Œ´Žs,51356570,87,132,
“Œ•”‘åã,”Œ´Žs,51356571,79,121,
“Œ•”‘åã,”Œ´Žs,51356572,83,127,
“Œ•”‘åã,”Œ´Žs,51356580,87,132,
“Œ•”‘åã,”Œ´Žs,51356581,83,127,
“Œ•”‘åã,”Œ´Žs,51356582,75,115,
“Œ•”‘åã,”Œ´Žs,51356583,74,113,
“Œ•”‘åã,”Œ´Žs,51356590,87,132,
“Œ•”‘åã,”Œ´Žs,51356591,71,109,
“Œ•”‘åã,”Œ´Žs,51356592,75,114,
“Œ•”‘åã,”Œ´Žs,51356593,75,114,
“Œ•”‘åã,”Œ´Žs,51357409,154,|,
“Œ•”‘åã,”Œ´Žs,51357500,84,128,
“Œ•”‘åã,”Œ´Žs,51357501,76,116,
“Œ•”‘åã,”Œ´Žs,51357502,75,115,
“Œ•”‘åã,”Œ´Žs,51357503,79,120,
“Œ•”‘åã,”Œ´Žs,51357510,84,128,
“Œ•”‘åã,”Œ´Žs,51357511,76,116,
“Œ•”‘åã,”Œ´Žs,51357512,79,121,
“Œ•”‘åã,”Œ´Žs,51357513,75,114,
“Œ•”‘åã,–å^Žs,52350467,154,|,
“Œ•”‘åã,–å^Žs,52350468,154,|,
“Œ•”‘åã,–å^Žs,52350476,154,|,
“Œ•”‘åã,–å^Žs,52350477,154,|,
“Œ•”‘åã,–å^Žs,52350478,154,|,
“Œ•”‘åã,–å^Žs,52350479,154,|,
“Œ•”‘åã,–å^Žs,52350486,154,|,
“Œ•”‘åã,–å^Žs,52350487,154,|,
“Œ•”‘åã,–å^Žs,52350488,154,|,
“Œ•”‘åã,–å^Žs,52350489,154,|,
“Œ•”‘åã,–å^Žs,52350497,154,|,
“Œ•”‘åã,–å^Žs,52350498,154,|,
“Œ•”‘åã,“Œ‘åãŽs,51357465,154,|,
“Œ•”‘åã,“Œ‘åãŽs,51357466,154,|,
“Œ•”‘åã,“Œ‘åãŽs,51357475,154,|,
“Œ•”‘åã,“Œ‘åãŽs,51357476,154,|,
“Œ•”‘åã,“Œ‘åãŽs,51357477,154,|,
“Œ•”‘åã,“Œ‘åãŽs,51357485,154,|,
“Œ•”‘åã,“Œ‘åãŽs,51357486,154,|,
“Œ•”‘åã,“Œ‘åãŽs,51357487,154,|,
“Œ•”‘åã,“Œ‘åãŽs,51357488,154,|,
“Œ•”‘åã,“Œ‘åãŽs,51357489,154,|,
“Œ•”‘åã,“Œ‘åãŽs,51357495,154,|,
“Œ•”‘åã,“Œ‘åãŽs,51357496,154,|,
“Œ•”‘åã,“Œ‘åãŽs,51357497,154,|,
“Œ•”‘åã,“Œ‘åãŽs,51357498,154,|,
“Œ•”‘åã,“Œ‘åãŽs,51357499,154,|,
“Œ•”‘åã,“Œ‘åãŽs,51357570,154,|,
“Œ•”‘åã,“Œ‘åãŽs,51357571,85,130,
“Œ•”‘åã,“Œ‘åãŽs,51357572,86,131,
“Œ•”‘åã,“Œ‘åãŽs,51357580,154,|,
“Œ•”‘åã,“Œ‘åãŽs,51357581,77,118,
“Œ•”‘åã,“Œ‘åãŽs,51357582,79,120,
“Œ•”‘åã,“Œ‘åãŽs,51357590,154,|,
“Œ•”‘åã,“Œ‘åãŽs,51357591,82,125,
“Œ•”‘åã,“Œ‘åãŽs,51357592,85,129,
“Œ•”‘åã,“Œ‘åãŽs,51357593,89,135,
“Œ•”‘åã,“Œ‘åãŽs,52350405,154,|,
“Œ•”‘åã,“Œ‘åãŽs,52350406,154,|,
“Œ•”‘åã,“Œ‘åãŽs,52350407,154,|,
“Œ•”‘åã,“Œ‘åãŽs,52350408,154,|,
“Œ•”‘åã,“Œ‘åãŽs,52350409,154,|,
“Œ•”‘åã,“Œ‘åãŽs,52350415,154,|,
“Œ•”‘åã,“Œ‘åãŽs,52350416,154,|,
“Œ•”‘åã,“Œ‘åãŽs,52350417,154,|,
“Œ•”‘åã,“Œ‘åãŽs,52350418,154,|,
“Œ•”‘åã,“Œ‘åãŽs,52350419,154,|,
“Œ•”‘åã,“Œ‘åãŽs,52350426,154,|,
“Œ•”‘åã,“Œ‘åãŽs,52350427,154,|,
“Œ•”‘åã,“Œ‘åãŽs,52350428,154,|,
“Œ•”‘åã,“Œ‘åãŽs,52350429,154,|,
“Œ•”‘åã,“Œ‘åãŽs,52350437,154,|,
“Œ•”‘åã,“Œ‘åãŽs,52350438,154,|,
“Œ•”‘åã,“Œ‘åãŽs,52350439,154,|,
“Œ•”‘åã,“Œ‘åãŽs,52350500,154,|,
“Œ•”‘åã,“Œ‘åãŽs,52350501,87,132,
“Œ•”‘åã,“Œ‘åãŽs,52350502,93,142,
“Œ•”‘åã,“Œ‘åãŽs,52350503,90,137,
“Œ•”‘åã,“Œ‘åãŽs,52350510,154,|,
“Œ•”‘åã,“Œ‘åãŽs,52350511,91,139,
“Œ•”‘åã,“Œ‘åãŽs,52350512,99,151,
“Œ•”‘åã,“Œ‘åãŽs,52350513,93,142,
“Œ•”‘åã,“Œ‘åãŽs,52350520,154,|,
“Œ•”‘åã,“Œ‘åãŽs,52350521,96,146,
“Œ•”‘åã,“Œ‘åãŽs,52350522,103,157,
“Œ•”‘åã,“Œ‘åãŽs,52350523,116,177,
“Œ•”‘åã,“Œ‘åãŽs,52350530,154,|,
“Œ•”‘åã,“Œ‘åãŽs,52350531,97,147,
“Œ•”‘åã,“Œ‘åãŽs,52350532,102,156,
“Œ•”‘åã,“Œ‘åãŽs,52350533,114,174,
“Œ•”‘åã,ŽlžŠ“ëŽs,52350554,87,132,
“Œ•”‘åã,ŽlžŠ“ëŽs,52350563,100,152,
“Œ•”‘åã,ŽlžŠ“ëŽs,52350564,90,137,
“Œ•”‘åã,ŽlžŠ“ëŽs,52350565,89,135,
“Œ•”‘åã,ŽlžŠ“ëŽs,52350572,75,115,
“Œ•”‘åã,ŽlžŠ“ëŽs,52350573,112,171,
“Œ•”‘åã,ŽlžŠ“ëŽs,52350574,102,156,
“Œ•”‘åã,ŽlžŠ“ëŽs,52350575,89,135,
“Œ•”‘åã,ŽlžŠ“ëŽs,52350580,154,|,
“Œ•”‘åã,ŽlžŠ“ëŽs,52350581,74,113,
“Œ•”‘åã,ŽlžŠ“ëŽs,52350582,76,116,
“Œ•”‘åã,ŽlžŠ“ëŽs,52350583,112,171,
“Œ•”‘åã,ŽlžŠ“ëŽs,52350584,87,132,
“Œ•”‘åã,ŽlžŠ“ëŽs,52350585,93,141,
“Œ•”‘åã,ŽlžŠ“ëŽs,52350590,154,|,
“Œ•”‘åã,ŽlžŠ“ëŽs,52350591,74,113,
“Œ•”‘åã,ŽlžŠ“ëŽs,52350592,75,115,
“Œ•”‘åã,ŽlžŠ“ëŽs,52350593,91,139,
“Œ•”‘åã,Œð–ìŽs,52350594,94,143,
“Œ•”‘åã,Œð–ìŽs,52350595,96,146,
“Œ•”‘åã,Œð–ìŽs,52351503,95,145,
“Œ•”‘åã,Œð–ìŽs,52351504,93,142,
“Œ•”‘åã,Œð–ìŽs,52351505,96,146,
“Œ•”‘åã,Œð–ìŽs,52351506,91,139,
“Œ•”‘åã,Œð–ìŽs,52351513,99,151,
“Œ•”‘åã,Œð–ìŽs,52351514,97,148,
“Œ•”‘åã,Œð–ìŽs,52351515,89,135,
“Œ•”‘åã,Œð–ìŽs,52351516,89,135,
“Œ•”‘åã,Œð–ìŽs,52351523,102,156,
“Œ•”‘åã,Œð–ìŽs,52351524,86,131,
“Œ•”‘åã,Œð–ìŽs,52351525,85,129,
“Œ•”‘åã,Œð–ìŽs,52351526,85,129,
“Œ•”‘åã,Œð–ìŽs,52351534,86,131,
“Œ•”‘åã,Œð–ìŽs,52351535,85,130,
“Œ•”‘åã,Œð–ìŽs,52351536,85,130,
“Œ•”‘åã,Œð–ìŽs,52351544,154,|,
“Œ•”‘åã,Œð–ìŽs,52351545,86,131,
“Œ•”‘åã,Œð–ìŽs,52351546,94,143,
“Œ•”‘åã,Œð–ìŽs,52351553,95,145,
“Œ•”‘åã,Œð–ìŽs,52351554,154,|,
“Œ•”‘åã,Œð–ìŽs,52351555,95,144,
“Œ•”‘åã,Œð–ìŽs,52351556,94,143,
“ì‰Í“à,•x“c—ÑŽs,51355437,93,142,
“ì‰Í“à,•x“c—ÑŽs,51355438,78,119,
“ì‰Í“à,•x“c—ÑŽs,51355446,101,154,
“ì‰Í“à,•x“c—ÑŽs,51355447,89,135,
“ì‰Í“à,•x“c—ÑŽs,51355448,77,117,
“ì‰Í“à,•x“c—ÑŽs,51355456,88,134,
“ì‰Í“à,•x“c—ÑŽs,51355457,99,151,
“ì‰Í“à,•x“c—ÑŽs,51355458,100,153,
“ì‰Í“à,•x“c—ÑŽs,51355466,99,151,
“ì‰Í“à,•x“c—ÑŽs,51355467,87,133,
“ì‰Í“à,•x“c—ÑŽs,51355468,84,128,
“ì‰Í“à,•x“c—ÑŽs,51355475,99,151,
“ì‰Í“à,•x“c—ÑŽs,51355476,99,151,
“ì‰Í“à,•x“c—ÑŽs,51355477,91,138,
“ì‰Í“à,•x“c—ÑŽs,51355478,83,127,
“ì‰Í“à,•x“c—ÑŽs,51355485,98,149,
“ì‰Í“à,•x“c—ÑŽs,51355486,98,149,
“ì‰Í“à,•x“c—ÑŽs,51355487,90,137,
“ì‰Í“à,•x“c—ÑŽs,51355488,86,131,
“ì‰Í“à,•x“c—ÑŽs,51355495,102,155,
“ì‰Í“à,•x“c—ÑŽs,51355496,98,149,
“ì‰Í“à,•x“c—ÑŽs,51355497,98,|,
“ì‰Í“à,•x“c—ÑŽs,51355498,98,|,
“ì‰Í“à,•x“c—ÑŽs,51355499,89,136,
“ì‰Í“à,•x“c—ÑŽs,51356405,106,162,
“ì‰Í“à,•x“c—ÑŽs,51356406,97,148,
“ì‰Í“à,•x“c—ÑŽs,51356407,97,148,
“ì‰Í“à,•x“c—ÑŽs,51356408,98,|,
“ì‰Í“à,•x“c—ÑŽs,51356409,81,124,
“ì‰Í“à,•x“c—ÑŽs,51356415,128,194,
“ì‰Í“à,•x“c—ÑŽs,51356416,116,176,
“ì‰Í“à,•x“c—ÑŽs,51356417,97,148,
“ì‰Í“à,•x“c—ÑŽs,51356418,85,129,
“ì‰Í“à,•x“c—ÑŽs,51356419,85,129,
“ì‰Í“à,•x“c—ÑŽs,51356427,101,154,
“ì‰Í“à,•x“c—ÑŽs,51356428,89,135,
“ì‰Í“à,•x“c—ÑŽs,51356429,96,|,
“ì‰Í“à,•x“c—ÑŽs,51356437,100,153,
“ì‰Í“à,‰Í“à’·–ìŽs,51354329,100,153,
“ì‰Í“à,‰Í“à’·–ìŽs,51354339,97,147,
“ì‰Í“à,‰Í“à’·–ìŽs,51354349,92,140,
“ì‰Í“à,‰Í“à’·–ìŽs,51354410,96,146,
“ì‰Í“à,‰Í“à’·–ìŽs,51354411,96,146,
“ì‰Í“à,‰Í“à’·–ìŽs,51354420,96,146,
“ì‰Í“à,‰Í“à’·–ìŽs,51354421,95,145,
“ì‰Í“à,‰Í“à’·–ìŽs,51354422,95,145,
“ì‰Í“à,‰Í“à’·–ìŽs,51354430,91,139,
“ì‰Í“à,‰Í“à’·–ìŽs,51354431,94,143,
“ì‰Í“à,‰Í“à’·–ìŽs,51354432,95,145,
“ì‰Í“à,‰Í“à’·–ìŽs,51354433,99,151,
“ì‰Í“à,‰Í“à’·–ìŽs,51354434,99,151,
“ì‰Í“à,‰Í“à’·–ìŽs,51354440,95,145,
“ì‰Í“à,‰Í“à’·–ìŽs,51354441,102,156,
“ì‰Í“à,‰Í“à’·–ìŽs,51354442,95,145,
“ì‰Í“à,‰Í“à’·–ìŽs,51354443,104,158,
“ì‰Í“à,‰Í“à’·–ìŽs,51354444,100,152,
“ì‰Í“à,‰Í“à’·–ìŽs,51354450,91,138,
“ì‰Í“à,‰Í“à’·–ìŽs,51354451,95,145,
“ì‰Í“à,‰Í“à’·–ìŽs,51354452,99,151,
“ì‰Í“à,‰Í“à’·–ìŽs,51354453,104,159,
“ì‰Í“à,‰Í“à’·–ìŽs,51354454,104,159,
“ì‰Í“à,‰Í“à’·–ìŽs,51354455,95,145,
“ì‰Í“à,‰Í“à’·–ìŽs,51354456,83,126,
“ì‰Í“à,‰Í“à’·–ìŽs,51354457,82,125,
“ì‰Í“à,‰Í“à’·–ìŽs,51354458,81,124,
“ì‰Í“à,‰Í“à’·–ìŽs,51354461,96,146,
“ì‰Í“à,‰Í“à’·–ìŽs,51354462,101,154,
“ì‰Í“à,‰Í“à’·–ìŽs,51354463,110,167,
“ì‰Í“à,‰Í“à’·–ìŽs,51354464,104,159,
“ì‰Í“à,‰Í“à’·–ìŽs,51354465,99,151,
“ì‰Í“à,‰Í“à’·–ìŽs,51354466,98,149,
“ì‰Í“à,‰Í“à’·–ìŽs,51354467,97,148,
“ì‰Í“à,‰Í“à’·–ìŽs,51354468,97,148,
“ì‰Í“à,‰Í“à’·–ìŽs,51354469,98,149,
“ì‰Í“à,‰Í“à’·–ìŽs,51354472,97,148,
“ì‰Í“à,‰Í“à’·–ìŽs,51354473,110,167,
“ì‰Í“à,‰Í“à’·–ìŽs,51354474,100,152,
“ì‰Í“à,‰Í“à’·–ìŽs,51354475,99,151,
“ì‰Í“à,‰Í“à’·–ìŽs,51354476,99,151,
“ì‰Í“à,‰Í“à’·–ìŽs,51354477,98,149,
“ì‰Í“à,‰Í“à’·–ìŽs,51354478,99,150,
“ì‰Í“à,‰Í“à’·–ìŽs,51354479,83,127,
“ì‰Í“à,‰Í“à’·–ìŽs,51354482,102,156,
“ì‰Í“à,‰Í“à’·–ìŽs,51354483,106,161,
“ì‰Í“à,‰Í“à’·–ìŽs,51354484,76,116,
“ì‰Í“à,‰Í“à’·–ìŽs,51354485,100,152,
“ì‰Í“à,‰Í“à’·–ìŽs,51354486,76,116,
“ì‰Í“à,‰Í“à’·–ìŽs,51354487,76,116,
“ì‰Í“à,‰Í“à’·–ìŽs,51354488,99,151,
“ì‰Í“à,‰Í“à’·–ìŽs,51354489,99,151,
“ì‰Í“à,‰Í“à’·–ìŽs,51354492,107,163,
“ì‰Í“à,‰Í“à’·–ìŽs,51354493,106,161,
“ì‰Í“à,‰Í“à’·–ìŽs,51354494,77,117,
“ì‰Í“à,‰Í“à’·–ìŽs,51354495,76,116,
“ì‰Í“à,‰Í“à’·–ìŽs,51354496,76,116,
“ì‰Í“à,‰Í“à’·–ìŽs,51354497,76,116,
“ì‰Í“à,‰Í“à’·–ìŽs,51354498,76,116,
“ì‰Í“à,‰Í“à’·–ìŽs,51354499,76,116,
“ì‰Í“à,‰Í“à’·–ìŽs,51354560,83,127,
“ì‰Í“à,‰Í“à’·–ìŽs,51354561,100,153,
“ì‰Í“à,‰Í“à’·–ìŽs,51354562,100,152,
“ì‰Í“à,‰Í“à’·–ìŽs,51354570,99,151,
“ì‰Í“à,‰Í“à’·–ìŽs,51354571,100,152,
“ì‰Í“à,‰Í“à’·–ìŽs,51354572,100,152,
“ì‰Í“à,‰Í“à’·–ìŽs,51354580,99,151,
“ì‰Í“à,‰Í“à’·–ìŽs,51354581,96,146,
“ì‰Í“à,‰Í“à’·–ìŽs,51354590,99,151,
“ì‰Í“à,‰Í“à’·–ìŽs,51355402,83,126,
“ì‰Í“à,‰Í“à’·–ìŽs,51355403,106,161,
“ì‰Í“à,‰Í“à’·–ìŽs,51355404,76,116,
“ì‰Í“à,‰Í“à’·–ìŽs,51355405,75,115,
“ì‰Í“à,‰Í“à’·–ìŽs,51355406,75,115,
“ì‰Í“à,‰Í“à’·–ìŽs,51355407,75,115,
“ì‰Í“à,‰Í“à’·–ìŽs,51355408,75,115,
“ì‰Í“à,‰Í“à’·–ìŽs,51355409,76,116,
“ì‰Í“à,‰Í“à’·–ìŽs,51355412,81,124,
“ì‰Í“à,‰Í“à’·–ìŽs,51355413,80,122,
“ì‰Í“à,‰Í“à’·–ìŽs,51355414,79,121,
“ì‰Í“à,‰Í“à’·–ìŽs,51355415,102,156,
“ì‰Í“à,‰Í“à’·–ìŽs,51355416,102,156,
“ì‰Í“à,‰Í“à’·–ìŽs,51355417,74,113,
“ì‰Í“à,‰Í“à’·–ìŽs,51355418,75,115,
“ì‰Í“à,‰Í“à’·–ìŽs,51355422,79,121,
“ì‰Í“à,‰Í“à’·–ìŽs,51355423,79,121,
“ì‰Í“à,‰Í“à’·–ìŽs,51355424,79,120,
“ì‰Í“à,‰Í“à’·–ìŽs,51355425,102,156,
“ì‰Í“à,‰Í“à’·–ìŽs,51355426,102,155,
“ì‰Í“à,‰Í“à’·–ìŽs,51355427,90,137,
“ì‰Í“à,‰Í“à’·–ìŽs,51355432,106,161,
“ì‰Í“à,‰Í“à’·–ìŽs,51355433,79,120,
“ì‰Í“à,‰Í“à’·–ìŽs,51355434,78,119,
“ì‰Í“à,‰Í“à’·–ìŽs,51355435,102,155,
“ì‰Í“à,‰Í“à’·–ìŽs,51355436,101,154,
“ì‰Í“à,‰Í“à’·–ìŽs,51355443,77,118,
“ì‰Í“à,‰Í“à’·–ìŽs,51355444,110,168,
“ì‰Í“à,‰Í“à’·–ìŽs,51355445,77,118,
“ì‰Í“à,‰Í“à’·–ìŽs,51355453,101,154,
“ì‰Í“à,‰Í“à’·–ìŽs,51355454,101,154,
“ì‰Í“à,‰Í“à’·–ìŽs,51355455,101,154,
“ì‰Í“à,‰Í“à’·–ìŽs,51355464,100,153,
“ì‰Í“à,‰Í“à’·–ìŽs,51355465,100,153,
“ì‰Í“à,¼Œ´Žs,51356474,154,|,
“ì‰Í“à,¼Œ´Žs,51356483,154,|,
“ì‰Í“à,¼Œ´Žs,51356484,154,|,
“ì‰Í“à,¼Œ´Žs,51356492,154,|,
“ì‰Í“à,¼Œ´Žs,51356493,154,|,
“ì‰Í“à,¼Œ´Žs,51356494,154,|,
“ì‰Í“à,¼Œ´Žs,51356495,154,|,
“ì‰Í“à,¼Œ´Žs,51357402,154,|,
“ì‰Í“à,¼Œ´Žs,51357403,154,|,
“ì‰Í“à,¼Œ´Žs,51357404,154,|,
“ì‰Í“à,¼Œ´Žs,51357405,154,|,
“ì‰Í“à,¼Œ´Žs,51357406,154,|,
“ì‰Í“à,¼Œ´Žs,51357412,154,|,
“ì‰Í“à,¼Œ´Žs,51357413,154,|,
“ì‰Í“à,‰H‰g–ìŽs,51356438,96,146,
“ì‰Í“à,‰H‰g–ìŽs,51356439,79,121,
“ì‰Í“à,‰H‰g–ìŽs,51356446,105,160,
“ì‰Í“à,‰H‰g–ìŽs,51356447,100,153,
“ì‰Í“à,‰H‰g–ìŽs,51356448,104,|,
“ì‰Í“à,‰H‰g–ìŽs,51356449,83,127,
“ì‰Í“à,‰H‰g–ìŽs,51356456,106,161,
“ì‰Í“à,‰H‰g–ìŽs,51356457,104,159,
“ì‰Í“à,‰H‰g–ìŽs,51356458,96,146,
“ì‰Í“à,‰H‰g–ìŽs,51356459,91,139,
“ì‰Í“à,‰H‰g–ìŽs,51356465,154,|,
“ì‰Í“à,‰H‰g–ìŽs,51356466,106,161,
“ì‰Í“à,‰H‰g–ìŽs,51356467,154,|,
“ì‰Í“à,‰H‰g–ìŽs,51356468,154,|,
“ì‰Í“à,‰H‰g–ìŽs,51356469,154,|,
“ì‰Í“à,‰H‰g–ìŽs,51356475,154,|,
“ì‰Í“à,‰H‰g–ìŽs,51356476,154,|,
“ì‰Í“à,‰H‰g–ìŽs,51356477,154,|,
“ì‰Í“à,‰H‰g–ìŽs,51356478,154,|,
“ì‰Í“à,‰H‰g–ìŽs,51356479,87,132,
“ì‰Í“à,‰H‰g–ìŽs,51356485,154,|,
“ì‰Í“à,‰H‰g–ìŽs,51356486,154,|,
“ì‰Í“à,‰H‰g–ìŽs,51356496,154,|,
“ì‰Í“à,‰H‰g–ìŽs,51356530,79,121,
“ì‰Í“à,‰H‰g–ìŽs,51356540,79,121,
“ì‰Í“à,‰H‰g–ìŽs,51356541,76,116,
“ì‰Í“à,‰H‰g–ìŽs,51356542,76,116,
“ì‰Í“à,‰H‰g–ìŽs,51356550,79,121,
“ì‰Í“à,‰H‰g–ìŽs,51356551,76,116,
“ì‰Í“à,‰H‰g–ìŽs,51356560,83,127,
“ì‰Í“à,“¡ˆäŽ›Žs,51356487,154,|,
“ì‰Í“à,“¡ˆäŽ›Žs,51356488,154,|,
“ì‰Í“à,“¡ˆäŽ›Žs,51356489,154,|,
“ì‰Í“à,“¡ˆäŽ›Žs,51356497,154,|,
“ì‰Í“à,“¡ˆäŽ›Žs,51356498,154,|,
“ì‰Í“à,“¡ˆäŽ›Žs,51356499,154,|,
“ì‰Í“à,‘åã‹·ŽRŽs,51355463,100,152,
“ì‰Í“à,‘åã‹·ŽRŽs,51355473,118,179,
“ì‰Í“à,‘åã‹·ŽRŽs,51355474,99,151,
“ì‰Í“à,‘åã‹·ŽRŽs,51355483,112,170,
“ì‰Í“à,‘åã‹·ŽRŽs,51355484,118,|,
“ì‰Í“à,‘åã‹·ŽRŽs,51355493,117,178,
“ì‰Í“à,‘åã‹·ŽRŽs,51355494,112,170,
“ì‰Í“à,‘åã‹·ŽRŽs,51356403,95,144,
“ì‰Í“à,‘åã‹·ŽRŽs,51356404,154,|,
“ì‰Í“à,‘åã‹·ŽRŽs,51356413,95,144,
“ì‰Í“à,‘åã‹·ŽRŽs,51356414,154,|,
“ì‰Í“à,‘åã‹·ŽRŽs,51356424,154,|,
“ì‰Í“à,‘¾Žq’¬,51356501,79,121,
“ì‰Í“à,‘¾Žq’¬,51356502,100,152,
“ì‰Í“à,‘¾Žq’¬,51356511,83,126,
“ì‰Í“à,‘¾Žq’¬,51356512,99,151,
“ì‰Í“à,‘¾Žq’¬,51356513,99,151,
“ì‰Í“à,‘¾Žq’¬,51356520,81,123,
“ì‰Í“à,‘¾Žq’¬,51356521,81,124,
“ì‰Í“à,‘¾Žq’¬,51356522,83,126,
“ì‰Í“à,‘¾Žq’¬,51356523,81,124,
“ì‰Í“à,‘¾Žq’¬,51356531,81,123,
“ì‰Í“à,‘¾Žq’¬,51356532,81,123,
“ì‰Í“à,‘¾Žq’¬,51356533,85,129,
“ì‰Í“à,‰Í“ì’¬,51355479,87,133,
“ì‰Í“à,‰Í“ì’¬,51355489,90,137,
“ì‰Í“à,‰Í“ì’¬,51355551,97,148,
“ì‰Í“à,‰Í“ì’¬,51355552,97,148,
“ì‰Í“à,‰Í“ì’¬,51355560,97,148,
“ì‰Í“à,‰Í“ì’¬,51355561,97,148,
“ì‰Í“à,‰Í“ì’¬,51355562,97,147,
“ì‰Í“à,‰Í“ì’¬,51355563,84,128,
“ì‰Í“à,‰Í“ì’¬,51355564,87,132,
“ì‰Í“à,‰Í“ì’¬,51355570,96,146,
“ì‰Í“à,‰Í“ì’¬,51355571,97,148,
“ì‰Í“à,‰Í“ì’¬,51355572,97,147,
“ì‰Í“à,‰Í“ì’¬,51355573,84,128,
“ì‰Í“à,‰Í“ì’¬,51355574,87,132,
“ì‰Í“à,‰Í“ì’¬,51355580,79,121,
“ì‰Í“à,‰Í“ì’¬,51355581,89,135,
“ì‰Í“à,‰Í“ì’¬,51355582,85,129,
“ì‰Í“à,‰Í“ì’¬,51355583,84,128,
“ì‰Í“à,‰Í“ì’¬,51355584,87,132,
“ì‰Í“à,‰Í“ì’¬,51355590,79,120,
“ì‰Í“à,‰Í“ì’¬,51355591,85,129,
“ì‰Í“à,‰Í“ì’¬,51355592,100,152,
“ì‰Í“à,‰Í“ì’¬,51355593,99,151,
“ì‰Í“à,‰Í“ì’¬,51356500,78,119,
“ì‰Í“à,‰Í“ì’¬,51356503,99,151,
“ì‰Í“à,‰Í“ì’¬,51356510,85,130,
“ì‰Í“à,ç‘Ôã‘º,51354582,97,147,
“ì‰Í“à,ç‘Ôã‘º,51354583,100,153,
“ì‰Í“à,ç‘Ôã‘º,51354591,96,146,
“ì‰Í“à,ç‘Ôã‘º,51354592,97,147,
“ì‰Í“à,ç‘Ôã‘º,51354593,97,148,
“ì‰Í“à,ç‘Ôã‘º,51355419,75,114,
“ì‰Í“à,ç‘Ôã‘º,51355428,79,120,
“ì‰Í“à,ç‘Ôã‘º,51355429,79,120,
“ì‰Í“à,ç‘Ôã‘º,51355439,78,119,
“ì‰Í“à,ç‘Ôã‘º,51355449,78,119,
“ì‰Í“à,ç‘Ôã‘º,51355459,86,131,
“ì‰Í“à,ç‘Ôã‘º,51355469,89,135,
“ì‰Í“à,ç‘Ôã‘º,51355500,99,151,
“ì‰Í“à,ç‘Ôã‘º,51355501,96,146,
“ì‰Í“à,ç‘Ôã‘º,51355502,97,147,
“ì‰Í“à,ç‘Ôã‘º,51355510,99,151,
“ì‰Í“à,ç‘Ôã‘º,51355511,96,146,
“ì‰Í“à,ç‘Ôã‘º,51355512,97,148,
“ì‰Í“à,ç‘Ôã‘º,51355513,97,148,
“ì‰Í“à,ç‘Ôã‘º,51355520,99,151,
“ì‰Í“à,ç‘Ôã‘º,51355521,99,151,
“ì‰Í“à,ç‘Ôã‘º,51355522,104,159,
“ì‰Í“à,ç‘Ôã‘º,51355523,101,154,
“ì‰Í“à,ç‘Ôã‘º,51355530,79,120,
“ì‰Í“à,ç‘Ôã‘º,51355531,99,150,
“ì‰Í“à,ç‘Ôã‘º,51355532,99,151,
“ì‰Í“à,ç‘Ôã‘º,51355533,100,153,
“ì‰Í“à,ç‘Ôã‘º,51355534,100,153,
“ì‰Í“à,ç‘Ôã‘º,51355540,79,120,
“ì‰Í“à,ç‘Ôã‘º,51355541,83,126,
“ì‰Í“à,ç‘Ôã‘º,51355542,99,150,
“ì‰Í“à,ç‘Ôã‘º,51355543,99,151,
“ì‰Í“à,ç‘Ôã‘º,51355544,99,151,
“ì‰Í“à,ç‘Ôã‘º,51355550,98,149,
“ì‰Í“à,ç‘Ôã‘º,51355553,97,148,
“ì‰Í“à,ç‘Ôã‘º,51355554,97,147,
òB,äŽs,51355359,114,149,
òB,äŽs,51355368,114,149,
òB,äŽs,51355369,113,148,
òB,äŽs,51355378,114,149,
òB,äŽs,51355379,154,|,
òB,äŽs,51355387,110,143,
òB,äŽs,51355388,119,155,
òB,äŽs,51355389,154,|,
òB,äŽs,51355397,154,|,
òB,äŽs,51355398,154,|,
òB,äŽs,51355399,123,161,
òB,äŽs,51355420,91,119,
òB,äŽs,51355421,118,154,
òB,äŽs,51355430,90,117,
òB,äŽs,51355431,126,164,
òB,äŽs,51355440,119,155,
òB,äŽs,51355441,119,155,
òB,äŽs,51355442,120,156,
òB,äŽs,51355450,118,154,
òB,äŽs,51355451,123,161,
òB,äŽs,51355452,129,168,
òB,äŽs,51355460,128,167,
òB,äŽs,51355461,128,167,
òB,äŽs,51355462,134,175,
òB,äŽs,51355470,127,166,
òB,äŽs,51355471,133,173,
òB,äŽs,51355472,108,141,
òB,äŽs,51355480,128,167,
òB,äŽs,51355481,133,173,
òB,äŽs,51355482,112,146,
òB,äŽs,51355490,128,167,
òB,äŽs,51355491,133,174,
òB,äŽs,51355492,133,173,
òB,äŽs,51356307,135,176,
òB,äŽs,51356308,154,|,
òB,äŽs,51356309,123,161,
òB,äŽs,51356317,154,|,
òB,äŽs,51356318,129,168,
òB,äŽs,51356319,135,176,
òB,äŽs,51356327,154,|,
òB,äŽs,51356328,123,161,
òB,äŽs,51356329,134,175,
òB,äŽs,51356336,154,|,
òB,äŽs,51356337,154,|,
òB,äŽs,51356338,134,175,
òB,äŽs,51356339,154,|,
òB,äŽs,51356345,154,|,
òB,äŽs,51356346,154,|,
òB,äŽs,51356347,154,|,
òB,äŽs,51356348,123,161,
òB,äŽs,51356349,154,|,
òB,äŽs,51356353,154,|,
òB,äŽs,51356354,154,|,
òB,äŽs,51356355,154,|,
òB,äŽs,51356356,154,|,
òB,äŽs,51356357,154,|,
òB,äŽs,51356358,128,167,
òB,äŽs,51356359,129,168,
òB,äŽs,51356362,|,|,
òB,äŽs,51356363,|,|,
òB,äŽs,51356364,|,|,
òB,äŽs,51356365,154,|,
òB,äŽs,51356366,154,|,
òB,äŽs,51356367,154,|,
òB,äŽs,51356368,154,|,
òB,äŽs,51356369,154,|,
òB,äŽs,51356372,|,|,
òB,äŽs,51356373,|,|,
òB,äŽs,51356374,|,|,
òB,äŽs,51356375,154,|,
òB,äŽs,51356376,154,|,
òB,äŽs,51356377,154,|,
òB,äŽs,51356378,154,|,
òB,äŽs,51356379,154,|,
òB,äŽs,51356382,|,|,
òB,äŽs,51356383,|,|,
òB,äŽs,51356384,|,|,
òB,äŽs,51356385,154,|,
òB,äŽs,51356386,154,|,
òB,äŽs,51356387,154,|,
òB,äŽs,51356388,154,|,
òB,äŽs,51356389,154,|,
òB,äŽs,51356392,|,|,
òB,äŽs,51356393,|,|,
òB,äŽs,51356394,|,|,
òB,äŽs,51356395,154,|,
òB,äŽs,51356396,154,|,
òB,äŽs,51356397,154,|,
òB,äŽs,51356398,154,|,
òB,äŽs,51356399,154,|,
òB,äŽs,51356400,113,148,
òB,äŽs,51356401,118,154,
òB,äŽs,51356402,108,141,
òB,äŽs,51356410,134,175,
òB,äŽs,51356411,113,147,
òB,äŽs,51356412,154,|,
òB,äŽs,51356420,140,183,
òB,äŽs,51356421,154,|,
òB,äŽs,51356422,154,|,
òB,äŽs,51356423,107,140,
òB,äŽs,51356425,154,200,
òB,äŽs,51356426,137,179,
òB,äŽs,51356430,154,|,
òB,äŽs,51356431,154,|,
òB,äŽs,51356432,154,|,
òB,äŽs,51356433,154,|,
òB,äŽs,51356434,154,|,
òB,äŽs,51356435,131,171,
òB,äŽs,51356436,114,149,
òB,äŽs,51356440,154,|,
òB,äŽs,51356441,154,|,
òB,äŽs,51356442,154,|,
òB,äŽs,51356443,154,|,
òB,äŽs,51356444,154,|,
òB,äŽs,51356445,120,156,
òB,äŽs,51356450,154,|,
òB,äŽs,51356451,154,|,
òB,äŽs,51356452,154,|,
òB,äŽs,51356453,154,|,
òB,äŽs,51356454,154,|,
òB,äŽs,51356455,154,|,
òB,äŽs,51356460,154,|,
òB,äŽs,51356461,154,|,
òB,äŽs,51356462,154,|,
òB,äŽs,51356463,154,|,
òB,äŽs,51356464,154,|,
òB,äŽs,51356470,154,|,
òB,äŽs,51356471,154,|,
òB,äŽs,51356472,154,|,
òB,äŽs,51356473,154,|,
òB,äŽs,51356480,154,|,
òB,äŽs,51356481,154,|,
òB,äŽs,51356482,154,|,
òB,äŽs,51356490,154,|,
òB,äŽs,51356491,154,|,
òB,äŽs,51357302,|,|,
òB,äŽs,51357303,|,|,
òB,äŽs,51357304,|,|,
òB,äŽs,51357305,154,|,
òB,äŽs,51357306,154,|,
òB,äŽs,51357307,154,|,
òB,äŽs,51357308,154,|,
òB,äŽs,51357309,154,|,
òB,äŽs,51357312,|,|,
òB,äŽs,51357313,|,|,
òB,äŽs,51357314,|,|,
òB,äŽs,51357315,154,|,
òB,äŽs,51357316,154,|,
òB,äŽs,51357317,154,|,
òB,äŽs,51357318,154,|,
òB,äŽs,51357322,|,|,
òB,äŽs,51357323,|,|,
òB,äŽs,51357324,|,|,
òB,äŽs,51357325,154,|,
òB,äŽs,51357326,154,|,
òB,äŽs,51357401,154,|,
òB,ŠÝ˜a“cŽs,51354325,112,146,
òB,ŠÝ˜a“cŽs,51354334,107,140,
òB,ŠÝ˜a“cŽs,51354335,107,140,
òB,ŠÝ˜a“cŽs,51354344,108,141,
òB,ŠÝ˜a“cŽs,51354345,109,142,
òB,ŠÝ˜a“cŽs,51354346,109,142,
òB,ŠÝ˜a“cŽs,51354354,99,129,
òB,ŠÝ˜a“cŽs,51354355,99,129,
òB,ŠÝ˜a“cŽs,51354356,105,137,
òB,ŠÝ˜a“cŽs,51354363,97,127,
òB,ŠÝ˜a“cŽs,51354364,99,129,
òB,ŠÝ˜a“cŽs,51354365,104,136,
òB,ŠÝ˜a“cŽs,51354373,97,126,
òB,ŠÝ˜a“cŽs,51354374,97,127,
òB,ŠÝ˜a“cŽs,51354375,98,128,
òB,ŠÝ˜a“cŽs,51354383,114,149,
òB,ŠÝ˜a“cŽs,51354384,101,132,
òB,ŠÝ˜a“cŽs,51354385,97,126,
òB,ŠÝ˜a“cŽs,51354392,100,130,
òB,ŠÝ˜a“cŽs,51354393,105,137,
òB,ŠÝ˜a“cŽs,51354394,105,137,
òB,ŠÝ˜a“cŽs,51354395,101,132,
òB,ŠÝ˜a“cŽs,51355249,154,|,
òB,ŠÝ˜a“cŽs,51355258,154,|,
òB,ŠÝ˜a“cŽs,51355259,154,|,
òB,ŠÝ˜a“cŽs,51355267,|,|,
òB,ŠÝ˜a“cŽs,51355268,154,|,
òB,ŠÝ˜a“cŽs,51355269,154,|,
òB,ŠÝ˜a“cŽs,51355278,|,|,
òB,ŠÝ˜a“cŽs,51355279,154,|,
òB,ŠÝ˜a“cŽs,51355289,154,|,
òB,ŠÝ˜a“cŽs,51355299,154,|,
òB,ŠÝ˜a“cŽs,51355301,105,137,
òB,ŠÝ˜a“cŽs,51355302,103,135,
òB,ŠÝ˜a“cŽs,51355303,109,142,
òB,ŠÝ˜a“cŽs,51355304,109,142,
òB,ŠÝ˜a“cŽs,51355305,114,149,
òB,ŠÝ˜a“cŽs,51355310,104,136,
òB,ŠÝ˜a“cŽs,51355311,103,135,
òB,ŠÝ˜a“cŽs,51355312,99,129,
òB,ŠÝ˜a“cŽs,51355313,108,141,
òB,ŠÝ˜a“cŽs,51355314,113,148,
òB,ŠÝ˜a“cŽs,51355315,129,168,
òB,ŠÝ˜a“cŽs,51355320,108,141,
òB,ŠÝ˜a“cŽs,51355321,154,|,
òB,ŠÝ˜a“cŽs,51355322,103,134,
òB,ŠÝ˜a“cŽs,51355323,117,152,
òB,ŠÝ˜a“cŽs,51355324,127,166,
òB,ŠÝ˜a“cŽs,51355325,127,166,
òB,ŠÝ˜a“cŽs,51355330,154,|,
òB,ŠÝ˜a“cŽs,51355331,154,|,
òB,ŠÝ˜a“cŽs,51355332,154,|,
òB,ŠÝ˜a“cŽs,51355333,117,152,
òB,ŠÝ˜a“cŽs,51355334,117,152,
òB,ŠÝ˜a“cŽs,51355340,154,|,
òB,ŠÝ˜a“cŽs,51355341,154,|,
òB,ŠÝ˜a“cŽs,51355342,154,|,
òB,ŠÝ˜a“cŽs,51355343,111,145,
òB,ŠÝ˜a“cŽs,51355344,117,152,
òB,ŠÝ˜a“cŽs,51355350,154,|,
òB,ŠÝ˜a“cŽs,51355351,154,|,
òB,ŠÝ˜a“cŽs,51355352,154,|,
òB,ŠÝ˜a“cŽs,51355353,154,|,
òB,ŠÝ˜a“cŽs,51355354,154,|,
òB,ŠÝ˜a“cŽs,51355360,154,|,
òB,ŠÝ˜a“cŽs,51355361,154,|,
òB,ŠÝ˜a“cŽs,51355362,154,|,
òB,ŠÝ˜a“cŽs,51355370,154,|,
òB,ŠÝ˜a“cŽs,51355371,154,|,
òB,ŠÝ˜a“cŽs,51355372,154,|,
òB,ŠÝ˜a“cŽs,51355380,154,|,
òB,ŠÝ˜a“cŽs,51355381,154,|,
òB,ò‘å’ÃŽs,51355383,154,|,
òB,ò‘å’ÃŽs,51355392,154,|,
òB,ò‘å’ÃŽs,51355393,154,|,
òB,ò‘å’ÃŽs,51356219,|,|,
òB,ò‘å’ÃŽs,51356229,|,|,
òB,ò‘å’ÃŽs,51356301,154,|,
òB,ò‘å’ÃŽs,51356302,154,|,
òB,ò‘å’ÃŽs,51356303,154,|,
òB,ò‘å’ÃŽs,51356310,154,|,
òB,ò‘å’ÃŽs,51356311,154,|,
òB,ò‘å’ÃŽs,51356312,154,|,
òB,ò‘å’ÃŽs,51356313,154,|,
òB,ò‘å’ÃŽs,51356314,154,|,
òB,ò‘å’ÃŽs,51356320,154,|,
òB,ò‘å’ÃŽs,51356321,154,|,
òB,ò‘å’ÃŽs,51356322,154,|,
òB,ò‘å’ÃŽs,51356323,154,|,
òB,ò‘å’ÃŽs,51356331,154,|,
òB,ŠL’ËŽs,51354299,106,138,
òB,ŠL’ËŽs,51354313,112,146,
òB,ŠL’ËŽs,51354321,101,132,
òB,ŠL’ËŽs,51354322,101,132,
òB,ŠL’ËŽs,51354323,112,146,
òB,ŠL’ËŽs,51354324,109,142,
òB,ŠL’ËŽs,51354331,101,132,
òB,ŠL’ËŽs,51354332,110,144,
òB,ŠL’ËŽs,51354333,103,134,
òB,ŠL’ËŽs,51354341,106,138,
òB,ŠL’ËŽs,51354342,107,139,
òB,ŠL’ËŽs,51354343,107,140,
òB,ŠL’ËŽs,51354351,110,144,
òB,ŠL’ËŽs,51354352,101,132,
òB,ŠL’ËŽs,51354353,99,129,
òB,ŠL’ËŽs,51354361,114,149,
òB,ŠL’ËŽs,51354362,101,132,
òB,ŠL’ËŽs,51354370,101,132,
òB,ŠL’ËŽs,51354371,114,149,
òB,ŠL’ËŽs,51354372,101,132,
òB,ŠL’ËŽs,51354380,110,144,
òB,ŠL’ËŽs,51354381,119,155,
òB,ŠL’ËŽs,51354382,105,137,
òB,ŠL’ËŽs,51354390,105,137,
òB,ŠL’ËŽs,51354391,100,131,
òB,ŠL’ËŽs,51355208,154,|,
òB,ŠL’ËŽs,51355209,110,143,
òB,ŠL’ËŽs,51355217,154,|,
òB,ŠL’ËŽs,51355218,154,|,
òB,ŠL’ËŽs,51355219,154,|,
òB,ŠL’ËŽs,51355226,154,|,
òB,ŠL’ËŽs,51355227,154,|,
òB,ŠL’ËŽs,51355228,154,|,
òB,ŠL’ËŽs,51355229,154,|,
òB,ŠL’ËŽs,51355236,154,|,
òB,ŠL’ËŽs,51355237,154,|,
òB,ŠL’ËŽs,51355238,154,|,
òB,ŠL’ËŽs,51355239,154,|,
òB,ŠL’ËŽs,51355246,154,|,
òB,ŠL’ËŽs,51355247,154,|,
òB,ŠL’ËŽs,51355248,154,|,
òB,ŠL’ËŽs,51355256,154,|,
òB,ŠL’ËŽs,51355257,154,|,
òB,ŠL’ËŽs,51355300,105,137,
òB,ò²–ìŽs,51354207,116,151,
òB,ò²–ìŽs,51354208,105,137,
òB,ò²–ìŽs,51354209,105,137,
òB,ò²–ìŽs,51354216,121,158,
òB,ò²–ìŽs,51354217,116,151,
òB,ò²–ìŽs,51354218,107,139,
òB,ò²–ìŽs,51354219,107,139,
òB,ò²–ìŽs,51354226,121,158,
òB,ò²–ìŽs,51354227,122,159,
òB,ò²–ìŽs,51354228,107,140,
òB,ò²–ìŽs,51354229,107,139,
òB,ò²–ìŽs,51354236,131,171,
òB,ò²–ìŽs,51354237,117,152,
òB,ò²–ìŽs,51354238,117,152,
òB,ò²–ìŽs,51354239,116,151,
òB,ò²–ìŽs,51354245,122,159,
òB,ò²–ìŽs,51354246,121,158,
òB,ò²–ìŽs,51354247,117,152,
òB,ò²–ìŽs,51354248,111,145,
òB,ò²–ìŽs,51354255,154,|,
òB,ò²–ìŽs,51354256,154,|,
òB,ò²–ìŽs,51354257,117,152,
òB,ò²–ìŽs,51354264,111,145,
òB,ò²–ìŽs,51354265,154,|,
òB,ò²–ìŽs,51354266,154,|,
òB,ò²–ìŽs,51354274,116,151,
òB,ò²–ìŽs,51354275,154,|,
òB,ò²–ìŽs,51354276,154,|,
òB,ò²–ìŽs,51354283,|,|,
òB,ò²–ìŽs,51354284,|,|,
òB,ò²–ìŽs,51354285,154,|,
òB,ò²–ìŽs,51354286,154,|,
òB,ò²–ìŽs,51354293,|,|,
òB,ò²–ìŽs,51354294,|,|,
òB,ò²–ìŽs,51354295,154,|,
òB,ò²–ìŽs,51354296,154,|,
òB,ò²–ìŽs,51354297,154,|,
òB,ò²–ìŽs,51354300,105,137,
òB,ò²–ìŽs,51354301,105,137,
òB,ò²–ìŽs,51354302,110,144,
òB,ò²–ìŽs,51354310,106,138,
òB,ò²–ìŽs,51354311,109,142,
òB,ò²–ìŽs,51354312,110,144,
òB,ò²–ìŽs,51354320,107,139,
òB,ò²–ìŽs,51355129,|,|,
òB,ò²–ìŽs,51355138,|,|,
òB,ò²–ìŽs,51355139,|,|,
òB,ò²–ìŽs,51355148,|,|,
òB,ò²–ìŽs,51355149,|,|,
òB,ò²–ìŽs,51355204,|,|,
òB,ò²–ìŽs,51355205,154,|,
òB,ò²–ìŽs,51355206,154,|,
òB,ò²–ìŽs,51355207,154,|,
òB,ò²–ìŽs,51355210,|,|,
òB,ò²–ìŽs,51355215,154,|,
òB,ò²–ìŽs,51355216,154,|,
òB,ò²–ìŽs,51355220,|,|,
òB,ò²–ìŽs,51355221,|,|,
òB,ò²–ìŽs,51355225,154,|,
òB,ò²–ìŽs,51355230,|,|,
òB,˜aòŽs,51354326,107,139,
òB,˜aòŽs,51354327,110,144,
òB,˜aòŽs,51354336,107,140,
òB,˜aòŽs,51354337,107,139,
òB,˜aòŽs,51354338,110,144,
òB,˜aòŽs,51354347,108,141,
òB,˜aòŽs,51354348,107,139,
òB,˜aòŽs,51354357,109,142,
òB,˜aòŽs,51354358,107,139,
òB,˜aòŽs,51354359,105,137,
òB,˜aòŽs,51354366,99,129,
òB,˜aòŽs,51354367,99,129,
òB,˜aòŽs,51354368,107,139,
òB,˜aòŽs,51354369,100,131,
òB,˜aòŽs,51354376,98,128,
òB,˜aòŽs,51354377,98,128,
òB,˜aòŽs,51354378,107,140,
òB,˜aòŽs,51354379,110,144,
òB,˜aòŽs,51354386,98,128,
òB,˜aòŽs,51354387,97,127,
òB,˜aòŽs,51354388,112,146,
òB,˜aòŽs,51354389,116,151,
òB,˜aòŽs,51354396,120,156,
òB,˜aòŽs,51354397,120,157,
òB,˜aòŽs,51354398,93,122,
òB,˜aòŽs,51354399,93,122,
òB,˜aòŽs,51354460,109,142,
òB,˜aòŽs,51354470,106,138,
òB,˜aòŽs,51354471,115,150,
òB,˜aòŽs,51354480,121,158,
òB,˜aòŽs,51354481,126,164,
òB,˜aòŽs,51354490,93,122,
òB,˜aòŽs,51354491,132,172,
òB,˜aòŽs,51355306,123,161,
òB,˜aòŽs,51355307,120,156,
òB,˜aòŽs,51355308,121,158,
òB,˜aòŽs,51355309,93,122,
òB,˜aòŽs,51355316,134,175,
òB,˜aòŽs,51355317,119,155,
òB,˜aòŽs,51355318,93,121,
òB,˜aòŽs,51355319,93,122,
òB,˜aòŽs,51355326,118,154,
òB,˜aòŽs,51355327,118,154,
òB,˜aòŽs,51355328,91,119,
òB,˜aòŽs,51355329,91,119,
òB,˜aòŽs,51355335,117,153,
òB,˜aòŽs,51355336,117,152,
òB,˜aòŽs,51355337,117,152,
òB,˜aòŽs,51355338,90,117,
òB,˜aòŽs,51355339,90,117,
òB,˜aòŽs,51355345,116,151,
òB,˜aòŽs,51355346,116,151,
òB,˜aòŽs,51355347,116,151,
òB,˜aòŽs,51355348,115,150,
òB,˜aòŽs,51355349,114,149,
òB,˜aòŽs,51355355,111,145,
òB,˜aòŽs,51355356,154,|,
òB,˜aòŽs,51355357,110,144,
òB,˜aòŽs,51355358,114,149,
òB,˜aòŽs,51355363,154,|,
òB,˜aòŽs,51355364,111,145,
òB,˜aòŽs,51355365,111,145,
òB,˜aòŽs,51355366,154,|,
òB,˜aòŽs,51355367,115,150,
òB,˜aòŽs,51355373,154,|,
òB,˜aòŽs,51355374,154,|,
òB,˜aòŽs,51355375,154,|,
òB,˜aòŽs,51355376,110,144,
òB,˜aòŽs,51355377,110,143,
òB,˜aòŽs,51355384,154,|,
òB,˜aòŽs,51355385,110,144,
òB,˜aòŽs,51355386,110,144,
òB,˜aòŽs,51355394,154,|,
òB,˜aòŽs,51355395,110,144,
òB,˜aòŽs,51355396,114,149,
òB,˜aòŽs,51355400,94,123,
òB,˜aòŽs,51355401,122,159,
òB,˜aòŽs,51355410,121,158,
òB,˜aòŽs,51355411,120,157,
òB,˜aòŽs,51356304,154,|,
òB,˜aòŽs,51356305,124,162,
òB,˜aòŽs,51356306,135,176,
òB,˜aòŽs,51356316,123,161,
òB,‚ÎŽs,51356315,154,|,
òB,‚ÎŽs,51356324,154,|,
òB,‚ÎŽs,51356325,154,|,
òB,‚ÎŽs,51356326,154,|,
òB,‚ÎŽs,51356332,154,|,
òB,‚ÎŽs,51356333,154,|,
òB,‚ÎŽs,51356334,154,|,
òB,‚ÎŽs,51356335,154,|,
òB,‚ÎŽs,51356341,154,|,
òB,‚ÎŽs,51356342,154,|,
òB,‚ÎŽs,51356343,154,|,
òB,‚ÎŽs,51356344,154,|,
òB,‚ÎŽs,51356352,154,|,
òB,ò“ìŽs,51353263,117,153,
òB,ò“ìŽs,51353273,117,153,
òB,ò“ìŽs,51353274,117,153,
òB,ò“ìŽs,51353283,118,154,
òB,ò“ìŽs,51353284,123,160,
òB,ò“ìŽs,51353285,117,153,
òB,ò“ìŽs,51353292,110,143,
òB,ò“ìŽs,51353293,109,142,
òB,ò“ìŽs,51353294,104,136,
òB,ò“ìŽs,51353295,107,140,
òB,ò“ìŽs,51353296,116,151,
òB,ò“ìŽs,51354197,|,|,
òB,ò“ìŽs,51354198,|,|,
òB,ò“ìŽs,51354202,119,155,
òB,ò“ìŽs,51354203,110,143,
òB,ò“ìŽs,51354204,104,136,
òB,ò“ìŽs,51354205,122,159,
òB,ò“ìŽs,51354206,120,157,
òB,ò“ìŽs,51354211,117,152,
òB,ò“ìŽs,51354212,117,152,
òB,ò“ìŽs,51354213,113,148,
òB,ò“ìŽs,51354214,122,159,
òB,ò“ìŽs,51354215,126,164,
òB,ò“ìŽs,51354221,117,152,
òB,ò“ìŽs,51354222,117,152,
òB,ò“ìŽs,51354223,103,135,
òB,ò“ìŽs,51354224,113,147,
òB,ò“ìŽs,51354225,121,158,
òB,ò“ìŽs,51354230,133,|,
òB,ò“ìŽs,51354231,116,151,
òB,ò“ìŽs,51354232,116,151,
òB,ò“ìŽs,51354233,122,159,
òB,ò“ìŽs,51354234,122,159,
òB,ò“ìŽs,51354235,131,171,
òB,ò“ìŽs,51354240,133,|,
òB,ò“ìŽs,51354241,133,|,
òB,ò“ìŽs,51354242,133,|,
òB,ò“ìŽs,51354243,122,159,
òB,ò“ìŽs,51354244,122,159,
òB,ò“ìŽs,51354250,133,|,
òB,ò“ìŽs,51354251,133,|,
òB,ò“ìŽs,51354252,133,|,
òB,ò“ìŽs,51354253,107,139,
òB,ò“ìŽs,51354254,121,158,
òB,ò“ìŽs,51354261,133,|,
òB,ò“ìŽs,51354262,133,|,
òB,ò“ìŽs,51355106,|,|,
òB,ò“ìŽs,51355107,|,|,
òB,ò“ìŽs,51355108,|,|,
òB,ò“ìŽs,51355116,|,|,
òB,ò“ìŽs,51355117,|,|,
òB,ò“ìŽs,51355126,|,|,
òB,ò“ìŽs,51355127,|,|,
òB,ã“ìŽs,51353168,135,176,
òB,ã“ìŽs,51353176,124,162,
òB,ã“ìŽs,51353177,124,162,
òB,ã“ìŽs,51353178,123,161,
òB,ã“ìŽs,51353179,119,155,
òB,ã“ìŽs,51353185,134,175,
òB,ã“ìŽs,51353186,119,155,
òB,ã“ìŽs,51353187,119,155,
òB,ã“ìŽs,51353188,120,156,
òB,ã“ìŽs,51353189,120,156,
òB,ã“ìŽs,51353195,120,156,
òB,ã“ìŽs,51353196,129,168,
òB,ã“ìŽs,51353197,114,149,
òB,ã“ìŽs,51353198,124,162,
òB,ã“ìŽs,51353199,120,156,
òB,ã“ìŽs,51353280,118,154,
òB,ã“ìŽs,51353281,118,154,
òB,ã“ìŽs,51353282,113,148,
òB,ã“ìŽs,51353290,120,156,
òB,ã“ìŽs,51353291,119,155,
òB,ã“ìŽs,51354105,114,149,
òB,ã“ìŽs,51354106,118,154,
òB,ã“ìŽs,51354107,113,147,
òB,ã“ìŽs,51354108,123,161,
òB,ã“ìŽs,51354109,119,155,
òB,ã“ìŽs,51354116,118,|,
òB,ã“ìŽs,51354117,113,147,
òB,ã“ìŽs,51354118,117,153,
òB,ã“ìŽs,51354119,133,173,
òB,ã“ìŽs,51354128,133,|,
òB,ã“ìŽs,51354129,133,|,
òB,ã“ìŽs,51354138,133,|,
òB,ã“ìŽs,51354139,133,|,
òB,ã“ìŽs,51354149,133,|,
òB,ã“ìŽs,51354159,133,|,
òB,ã“ìŽs,51354200,119,155,
òB,ã“ìŽs,51354201,118,154,
òB,ã“ìŽs,51354210,133,|,
òB,ã“ìŽs,51354220,117,152,
òB,’‰‰ª’¬,51355382,154,|,
òB,’‰‰ª’¬,51355390,154,|,
òB,’‰‰ª’¬,51355391,154,|,
òB,’‰‰ª’¬,51356209,|,|,
òB,’‰‰ª’¬,51356300,154,|,
òB,ŒFŽæ’¬,51354249,111,145,
òB,ŒFŽæ’¬,51354258,112,146,
òB,ŒFŽæ’¬,51354259,111,145,
òB,ŒFŽæ’¬,51354267,154,|,
òB,ŒFŽæ’¬,51354268,112,146,
òB,ŒFŽæ’¬,51354269,120,157,
òB,ŒFŽæ’¬,51354277,121,158,
òB,ŒFŽæ’¬,51354278,112,146,
òB,ŒFŽæ’¬,51354279,102,133,
òB,ŒFŽæ’¬,51354287,107,139,
òB,ŒFŽæ’¬,51354288,154,|,
òB,ŒFŽæ’¬,51354289,106,138,
òB,ŒFŽæ’¬,51354298,154,|,
òB,ŒFŽæ’¬,51354330,111,145,
òB,ŒFŽæ’¬,51354340,110,144,
òB,ŒFŽæ’¬,51354350,110,144,
òB,ŒFŽæ’¬,51354360,101,132,
òB,“cK’¬,51354263,111,145,
òB,“cK’¬,51354272,133,|,
òB,“cK’¬,51354273,110,144,
òB,“cK’¬,51354282,|,|,
òB,“cK’¬,51355109,|,|,
òB,“cK’¬,51355118,|,|,
òB,“cK’¬,51355119,|,|,
òB,“cK’¬,51355128,|,|,
òB,“cK’¬,51355137,|,|,
òB,–¦’¬,51353039,120,156,
òB,–¦’¬,51353048,113,148,
òB,–¦’¬,51353049,113,148,
òB,–¦’¬,51353058,111,145,
òB,–¦’¬,51353059,112,146,
òB,–¦’¬,51353068,105,137,
òB,–¦’¬,51353069,126,164,
òB,–¦’¬,51353077,105,137,
òB,–¦’¬,51353078,106,138,
òB,–¦’¬,51353079,126,164,
òB,–¦’¬,51353087,106,|,
òB,–¦’¬,51353088,105,137,
òB,–¦’¬,51353089,125,163,
òB,–¦’¬,51353099,127,|,
òB,–¦’¬,51353130,120,156,
òB,–¦’¬,51353132,136,177,
òB,–¦’¬,51353140,123,161,
òB,–¦’¬,51353141,124,162,
òB,–¦’¬,51353142,123,161,
òB,–¦’¬,51353143,129,168,
òB,–¦’¬,51353144,140,183,
òB,–¦’¬,51353145,140,183,
òB,–¦’¬,51353150,123,160,
òB,–¦’¬,51353151,123,161,
òB,–¦’¬,51353152,123,161,
òB,–¦’¬,51353153,129,168,
òB,–¦’¬,51353154,135,176,
òB,–¦’¬,51353155,140,183,
òB,–¦’¬,51353160,122,159,
òB,–¦’¬,51353161,123,160,
òB,–¦’¬,51353162,124,162,
òB,–¦’¬,51353163,130,170,
òB,–¦’¬,51353164,130,169,
òB,–¦’¬,51353165,135,176,
òB,–¦’¬,51353166,135,176,
òB,–¦’¬,51353170,127,165,
òB,–¦’¬,51353171,127,166,
òB,–¦’¬,51353172,124,162,
òB,–¦’¬,51353173,130,170,
òB,–¦’¬,51353174,136,177,
òB,–¦’¬,51353175,129,168,
òB,–¦’¬,51353180,126,164,
òB,–¦’¬,51353181,127,166,
òB,–¦’¬,51353182,123,161,
òB,–¦’¬,51353183,129,168,
òB,–¦’¬,51353184,129,168,
òB,–¦’¬,51353190,127,|,
òB,–¦’¬,51353191,127,|,
òB,–¦’¬,51353192,117,152,
òB,–¦’¬,51353193,118,154,
òB,–¦’¬,51353194,114,149,
òB,–¦’¬,51354103,118,|,
òB,–¦’¬,51354104,113,147,
