i•Ê“Yj‘å‰JŒx•ñE’ˆÓ•ñ‚Ì“yë‰J—ÊŽw”Šî€’l,,,,—ß˜aŒ³”N5ŒŽ29“úŒ»Ý,,,,
Žs’¬‘º“™‚ð‚Ü‚Æ‚ß‚½’nˆæ,Žs’¬‘º“™,’nˆæƒƒbƒVƒ…ƒR[ƒhi‚PkmŠiŽq‘Î‰žj,’ˆÓ•ñŠî€,Œx•ñŠî€,,,,
‚¼’nˆæ,‚¼Žs,51332789,111,155,,,,
‚¼’nˆæ,‚¼Žs,51332799,111,155,,,,
‚¼’nˆæ,‚¼Žs,51333709,102,142,,,,
‚¼’nˆæ,‚¼Žs,51333719,102,142,,,,
‚¼’nˆæ,‚¼Žs,51333726,102,142,,,,
‚¼’nˆæ,‚¼Žs,51333727,102,142,,,,
‚¼’nˆæ,‚¼Žs,51333728,102,142,,,,
‚¼’nˆæ,‚¼Žs,51333729,102,142,,,,
‚¼’nˆæ,‚¼Žs,51333735,102,142,,,,
‚¼’nˆæ,‚¼Žs,51333736,102,142,,,,
‚¼’nˆæ,‚¼Žs,51333737,102,142,,,,
‚¼’nˆæ,‚¼Žs,51333738,102,142,,,,
‚¼’nˆæ,‚¼Žs,51333739,102,142,,,,
‚¼’nˆæ,‚¼Žs,51333745,102,142,,,,
‚¼’nˆæ,‚¼Žs,51333746,102,142,,,,
‚¼’nˆæ,‚¼Žs,51333747,102,142,,,,
‚¼’nˆæ,‚¼Žs,51333748,102,142,,,,
‚¼’nˆæ,‚¼Žs,51333749,102,142,,,,
‚¼’nˆæ,‚¼Žs,51333755,102,142,,,,
‚¼’nˆæ,‚¼Žs,51333756,102,142,,,,
‚¼’nˆæ,‚¼Žs,51333757,102,142,,,,
‚¼’nˆæ,‚¼Žs,51333758,102,142,,,,
‚¼’nˆæ,‚¼Žs,51333759,102,142,,,,
‚¼’nˆæ,‚¼Žs,51333765,93,130,,,,
‚¼’nˆæ,‚¼Žs,51333766,93,130,,,,
‚¼’nˆæ,‚¼Žs,51333767,93,130,,,,
‚¼’nˆæ,‚¼Žs,51333768,93,130,,,,
‚¼’nˆæ,‚¼Žs,51333769,93,130,,,,
‚¼’nˆæ,‚¼Žs,51333774,90,125,,,,
‚¼’nˆæ,‚¼Žs,51333775,93,130,,,,
‚¼’nˆæ,‚¼Žs,51333776,93,130,,,,
‚¼’nˆæ,‚¼Žs,51333777,93,130,,,,
‚¼’nˆæ,‚¼Žs,51333778,93,130,,,,
‚¼’nˆæ,‚¼Žs,51333779,93,130,,,,
‚¼’nˆæ,‚¼Žs,51333785,93,130,,,,
‚¼’nˆæ,‚¼Žs,51333786,93,130,,,,
‚¼’nˆæ,‚¼Žs,51333787,93,130,,,,
‚¼’nˆæ,‚¼Žs,51333788,93,130,,,,
‚¼’nˆæ,‚¼Žs,51333789,93,130,,,,
‚¼’nˆæ,‚¼Žs,51333796,93,130,,,,
‚¼’nˆæ,‚¼Žs,51333797,93,130,,,,
‚¼’nˆæ,‚¼Žs,51333798,93,130,,,,
‚¼’nˆæ,‚¼Žs,51333799,93,130,,,,
‚¼’nˆæ,‚¼Žs,51334706,93,130,,,,
‚¼’nˆæ,‚¼Žs,51334707,93,130,,,,
‚¼’nˆæ,‚¼Žs,51334708,93,130,,,,
‚¼’nˆæ,‚¼Žs,51334709,93,130,,,,
‚¼’nˆæ,‚¼Žs,51334715,93,130,,,,
‚¼’nˆæ,‚¼Žs,51334716,93,130,,,,
‚¼’nˆæ,‚¼Žs,51334717,93,130,,,,
‚¼’nˆæ,‚¼Žs,51334718,93,130,,,,
‚¼’nˆæ,‚¼Žs,51334719,93,130,,,,
‚¼’nˆæ,‚¼Žs,51334725,93,130,,,,
‚¼’nˆæ,‚¼Žs,51334726,93,130,,,,
‚¼’nˆæ,‚¼Žs,51334727,93,130,,,,
‚¼’nˆæ,‚¼Žs,51334728,93,130,,,,
‚¼’nˆæ,‚¼Žs,51334729,93,130,,,,
‚¼’nˆæ,‚¼Žs,51334735,93,130,,,,
‚¼’nˆæ,‚¼Žs,51334736,93,130,,,,
‚¼’nˆæ,‚¼Žs,51334737,93,130,,,,
‚¼’nˆæ,‚¼Žs,51334738,93,130,,,,
‚¼’nˆæ,‚¼Žs,51334739,93,130,,,,
‚¼’nˆæ,‚¼Žs,51334745,93,130,,,,
‚¼’nˆæ,‚¼Žs,51334746,93,130,,,,
‚¼’nˆæ,‚¼Žs,51334747,93,130,,,,
‚¼’nˆæ,‚¼Žs,51334748,93,130,,,,
‚¼’nˆæ,‚¼Žs,51334754,94,131,,,,
‚¼’nˆæ,‚¼Žs,51334755,93,130,,,,
‚¼’nˆæ,‚¼Žs,51334756,93,130,,,,
‚¼’nˆæ,‚¼Žs,51334764,94,131,,,,
‚¼’nˆæ,‚¼Žs,51341044,126,175,,,,
‚¼’nˆæ,‚¼Žs,51341045,115,161,,,,
‚¼’nˆæ,‚¼Žs,51341046,115,161,,,,
‚¼’nˆæ,‚¼Žs,51341047,115,161,,,,
‚¼’nˆæ,‚¼Žs,51341048,115,161,,,,
‚¼’nˆæ,‚¼Žs,51341049,115,161,,,,
‚¼’nˆæ,‚¼Žs,51341053,126,175,,,,
‚¼’nˆæ,‚¼Žs,51341054,126,175,,,,
‚¼’nˆæ,‚¼Žs,51341055,115,161,,,,
‚¼’nˆæ,‚¼Žs,51341056,115,161,,,,
‚¼’nˆæ,‚¼Žs,51341057,115,161,,,,
‚¼’nˆæ,‚¼Žs,51341058,115,161,,,,
‚¼’nˆæ,‚¼Žs,51341059,115,161,,,,
‚¼’nˆæ,‚¼Žs,51341062,126,175,,,,
‚¼’nˆæ,‚¼Žs,51341063,126,175,,,,
‚¼’nˆæ,‚¼Žs,51341064,126,175,,,,
‚¼’nˆæ,‚¼Žs,51341065,115,161,,,,
‚¼’nˆæ,‚¼Žs,51341066,115,161,,,,
‚¼’nˆæ,‚¼Žs,51341067,115,161,,,,
‚¼’nˆæ,‚¼Žs,51341068,115,161,,,,
‚¼’nˆæ,‚¼Žs,51341069,115,161,,,,
‚¼’nˆæ,‚¼Žs,51341072,126,175,,,,
‚¼’nˆæ,‚¼Žs,51341073,126,175,,,,
‚¼’nˆæ,‚¼Žs,51341074,126,175,,,,
‚¼’nˆæ,‚¼Žs,51341075,115,161,,,,
‚¼’nˆæ,‚¼Žs,51341076,115,161,,,,
‚¼’nˆæ,‚¼Žs,51341077,115,161,,,,
‚¼’nˆæ,‚¼Žs,51341078,115,161,,,,
‚¼’nˆæ,‚¼Žs,51341079,115,161,,,,
‚¼’nˆæ,‚¼Žs,51341082,119,166,,,,
‚¼’nˆæ,‚¼Žs,51341083,119,166,,,,
‚¼’nˆæ,‚¼Žs,51341084,119,166,,,,
‚¼’nˆæ,‚¼Žs,51341085,112,156,,,,
‚¼’nˆæ,‚¼Žs,51341086,112,156,,,,
‚¼’nˆæ,‚¼Žs,51341087,112,156,,,,
‚¼’nˆæ,‚¼Žs,51341088,112,156,,,,
‚¼’nˆæ,‚¼Žs,51341089,112,156,,,,
‚¼’nˆæ,‚¼Žs,51341092,119,166,,,,
‚¼’nˆæ,‚¼Žs,51341093,119,166,,,,
‚¼’nˆæ,‚¼Žs,51341094,119,166,,,,
‚¼’nˆæ,‚¼Žs,51341095,112,156,,,,
‚¼’nˆæ,‚¼Žs,51341096,112,156,,,,
‚¼’nˆæ,‚¼Žs,51341097,112,156,,,,
‚¼’nˆæ,‚¼Žs,51341098,112,156,,,,
‚¼’nˆæ,‚¼Žs,51341099,112,156,,,,
‚¼’nˆæ,‚¼Žs,51341150,108,151,,,,
‚¼’nˆæ,‚¼Žs,51341160,108,151,,,,
‚¼’nˆæ,‚¼Žs,51341170,108,151,,,,
‚¼’nˆæ,‚¼Žs,51342002,119,166,,,,
‚¼’nˆæ,‚¼Žs,51342003,119,166,,,,
‚¼’nˆæ,‚¼Žs,51342004,119,166,,,,
‚¼’nˆæ,‚¼Žs,51342005,112,156,,,,
‚¼’nˆæ,‚¼Žs,51342006,112,156,,,,
‚¼’nˆæ,‚¼Žs,51342007,112,156,,,,
‚¼’nˆæ,‚¼Žs,51342008,112,156,,,,
‚¼’nˆæ,‚¼Žs,51342009,112,156,,,,
‚¼’nˆæ,‚¼Žs,51342012,119,166,,,,
‚¼’nˆæ,‚¼Žs,51342013,119,166,,,,
‚¼’nˆæ,‚¼Žs,51342014,119,166,,,,
‚¼’nˆæ,‚¼Žs,51342015,112,156,,,,
‚¼’nˆæ,‚¼Žs,51342016,112,156,,,,
‚¼’nˆæ,‚¼Žs,51342017,112,156,,,,
‚¼’nˆæ,‚¼Žs,51342018,112,156,,,,
‚¼’nˆæ,‚¼Žs,51342022,119,166,,,,
‚¼’nˆæ,‚¼Žs,51342023,119,166,,,,
‚¼’nˆæ,‚¼Žs,51342024,119,166,,,,
‚¼’nˆæ,‚¼Žs,51342025,112,156,,,,
‚¼’nˆæ,‚¼Žs,51342026,112,156,,,,
‚¼’nˆæ,‚¼Žs,51342027,112,156,,,,
‚¼’nˆæ,‚¼Žs,51342028,112,156,,,,
‚¼’nˆæ,‚¼Žs,51342031,119,166,,,,
‚¼’nˆæ,‚¼Žs,51342032,119,166,,,,
‚¼’nˆæ,‚¼Žs,51342033,119,166,,,,
‚¼’nˆæ,‚¼Žs,51342034,119,166,,,,
‚¼’nˆæ,‚¼Žs,51342035,112,156,,,,
‚¼’nˆæ,‚¼Žs,51342036,112,156,,,,
‚¼’nˆæ,‚¼Žs,51342037,112,156,,,,
‚¼’nˆæ,‚¼Žs,51342038,112,156,,,,
‚¼’nˆæ,‚¼Žs,51342041,118,165,,,,
‚¼’nˆæ,‚¼Žs,51342042,118,165,,,,
‚¼’nˆæ,‚¼Žs,51342043,118,165,,,,
‚¼’nˆæ,‚¼Žs,51342044,118,165,,,,
‚¼’nˆæ,‚¼Žs,51342045,123,172,,,,
‚¼’nˆæ,‚¼Žs,51342046,123,172,,,,
‚¼’nˆæ,‚¼Žs,51342047,123,172,,,,
‚¼’nˆæ,‚¼Žs,51342051,118,165,,,,
‚¼’nˆæ,‚¼Žs,51342052,118,165,,,,
‚¼’nˆæ,‚¼Žs,51342053,118,165,,,,
‚¼’nˆæ,‚¼Žs,51342054,118,165,,,,
‚¼’nˆæ,‚¼Žs,51342055,123,172,,,,
‚¼’nˆæ,‚¼Žs,51342056,123,172,,,,
‚¼’nˆæ,‚¼Žs,51342057,123,172,,,,
‚¼’nˆæ,‚¼Žs,51342060,118,165,,,,
‚¼’nˆæ,‚¼Žs,51342061,118,165,,,,
‚¼’nˆæ,‚¼Žs,51342062,118,165,,,,
‚¼’nˆæ,‚¼Žs,51342063,118,165,,,,
‚¼’nˆæ,‚¼Žs,51342064,118,165,,,,
‚¼’nˆæ,‚¼Žs,51342065,123,172,,,,
‚¼’nˆæ,‚¼Žs,51342066,123,172,,,,
‚¼’nˆæ,‚¼Žs,51342067,123,172,,,,
‚¼’nˆæ,‚¼Žs,51342068,123,172,,,,
‚¼’nˆæ,‚¼Žs,51342070,118,165,,,,
‚¼’nˆæ,‚¼Žs,51342071,118,165,,,,
‚¼’nˆæ,‚¼Žs,51342072,118,165,,,,
‚¼’nˆæ,‚¼Žs,51342073,118,165,,,,
‚¼’nˆæ,‚¼Žs,51342074,118,165,,,,
‚¼’nˆæ,‚¼Žs,51342075,123,172,,,,
‚¼’nˆæ,‚¼Žs,51342076,123,172,,,,
‚¼’nˆæ,‚¼Žs,51342077,123,172,,,,
‚¼’nˆæ,‚¼Žs,51342078,123,172,,,,
‚¼’nˆæ,‚¼Žs,51342080,118,165,,,,
‚¼’nˆæ,‚¼Žs,51342081,118,165,,,,
‚¼’nˆæ,‚¼Žs,51342082,118,165,,,,
‚¼’nˆæ,‚¼Žs,51342083,118,165,,,,
‚¼’nˆæ,‚¼Žs,51342084,118,165,,,,
‚¼’nˆæ,‚¼Žs,51342085,123,172,,,,
‚¼’nˆæ,‚¼Žs,51342086,123,172,,,,
‚¼’nˆæ,‚¼Žs,51342087,123,172,,,,
‚¼’nˆæ,‚¼Žs,51342088,123,172,,,,
‚¼’nˆæ,‚¼Žs,51342090,118,165,,,,
‚¼’nˆæ,‚¼Žs,51342091,118,165,,,,
‚¼’nˆæ,‚¼Žs,51342092,118,165,,,,
‚¼’nˆæ,‚¼Žs,51342093,118,165,,,,
‚¼’nˆæ,‚¼Žs,51342094,118,165,,,,
‚¼’nˆæ,‚¼Žs,51342095,123,172,,,,
‚¼’nˆæ,‚¼Žs,51342096,123,172,,,,
‚¼’nˆæ,‚¼Žs,51342097,123,172,,,,
‚¼’nˆæ,‚¼Žs,51342098,123,172,,,,
‚¼’nˆæ,‚¼Žs,51343000,119,166,,,,
‚¼’nˆæ,‚¼Žs,51343001,119,166,,,,
‚¼’nˆæ,‚¼Žs,51343002,119,166,,,,
‚¼’nˆæ,‚¼Žs,51343003,119,166,,,,
‚¼’nˆæ,‚¼Žs,51343004,119,166,,,,
‚¼’nˆæ,‚¼Žs,51343005,118,165,,,,
‚¼’nˆæ,‚¼Žs,51343006,118,165,,,,
‚¼’nˆæ,‚¼Žs,51343007,118,165,,,,
‚¼’nˆæ,‚¼Žs,51343008,118,165,,,,
‚¼’nˆæ,‚¼Žs,51343010,119,166,,,,
‚¼’nˆæ,‚¼Žs,51343011,119,166,,,,
‚¼’nˆæ,‚¼Žs,51343012,119,166,,,,
‚¼’nˆæ,‚¼Žs,51343013,119,166,,,,
‚¼’nˆæ,‚¼Žs,51343014,119,166,,,,
‚¼’nˆæ,‚¼Žs,51343015,118,165,,,,
‚¼’nˆæ,‚¼Žs,51343016,118,165,,,,
‚¼’nˆæ,‚¼Žs,51343017,118,165,,,,
‚¼’nˆæ,‚¼Žs,51343018,118,165,,,,
‚¼’nˆæ,‚¼Žs,51343020,119,166,,,,
‚¼’nˆæ,‚¼Žs,51343021,119,166,,,,
‚¼’nˆæ,‚¼Žs,51343022,119,166,,,,
‚¼’nˆæ,‚¼Žs,51343023,119,166,,,,
‚¼’nˆæ,‚¼Žs,51343024,119,166,,,,
‚¼’nˆæ,‚¼Žs,51343025,118,165,,,,
‚¼’nˆæ,‚¼Žs,51343026,118,165,,,,
‚¼’nˆæ,‚¼Žs,51343027,118,165,,,,
‚¼’nˆæ,‚¼Žs,51343028,118,165,,,,
‚¼’nˆæ,‚¼Žs,51343030,119,166,,,,
‚¼’nˆæ,‚¼Žs,51343031,119,166,,,,
‚¼’nˆæ,‚¼Žs,51343032,119,166,,,,
‚¼’nˆæ,‚¼Žs,51343033,119,166,,,,
‚¼’nˆæ,‚¼Žs,51343034,119,166,,,,
‚¼’nˆæ,‚¼Žs,51343035,118,165,,,,
‚¼’nˆæ,‚¼Žs,51343036,118,165,,,,
‚¼’nˆæ,‚¼Žs,51343037,118,165,,,,
‚¼’nˆæ,‚¼Žs,51343038,118,165,,,,
‚¼’nˆæ,‚¼Žs,51343040,119,166,,,,
‚¼’nˆæ,‚¼Žs,51343041,119,|,,,,
‚¼’nˆæ,‚¼Žs,51343042,119,166,,,,
‚¼’nˆæ,‚¼Žs,51343043,119,166,,,,
‚¼’nˆæ,‚¼Žs,51343044,119,166,,,,
‚¼’nˆæ,‚¼Žs,51343045,118,165,,,,
‚¼’nˆæ,‚¼Žs,51343046,118,165,,,,
‚¼’nˆæ,‚¼Žs,51343047,118,165,,,,
‚¼’nˆæ,‚¼Žs,51343048,118,165,,,,
‚¼’nˆæ,‚¼Žs,51343049,118,165,,,,
‚¼’nˆæ,‚¼Žs,51343050,119,166,,,,
‚¼’nˆæ,‚¼Žs,51343051,119,|,,,,
‚¼’nˆæ,‚¼Žs,51343052,119,|,,,,
‚¼’nˆæ,‚¼Žs,51343053,119,|,,,,
‚¼’nˆæ,‚¼Žs,51343054,119,|,,,,
‚¼’nˆæ,‚¼Žs,51343055,118,165,,,,
‚¼’nˆæ,‚¼Žs,51343056,118,165,,,,
‚¼’nˆæ,‚¼Žs,51343057,118,165,,,,
‚¼’nˆæ,‚¼Žs,51343058,118,165,,,,
‚¼’nˆæ,‚¼Žs,51343059,118,165,,,,
‚¼’nˆæ,‚¼Žs,51343060,113,158,,,,
‚¼’nˆæ,‚¼Žs,51343061,113,158,,,,
‚¼’nˆæ,‚¼Žs,51343062,113,158,,,,
‚¼’nˆæ,‚¼Žs,51343063,119,|,,,,
‚¼’nˆæ,‚¼Žs,51343064,119,|,,,,
‚¼’nˆæ,‚¼Žs,51343065,119,|,,,,
‚¼’nˆæ,‚¼Žs,51343066,111,155,,,,
‚¼’nˆæ,‚¼Žs,51343067,111,155,,,,
‚¼’nˆæ,‚¼Žs,51343068,111,155,,,,
‚¼’nˆæ,‚¼Žs,51343069,111,155,,,,
‚¼’nˆæ,‚¼Žs,51343070,113,158,,,,
‚¼’nˆæ,‚¼Žs,51343071,113,158,,,,
‚¼’nˆæ,‚¼Žs,51343072,113,158,,,,
‚¼’nˆæ,‚¼Žs,51343073,113,158,,,,
‚¼’nˆæ,‚¼Žs,51343074,113,158,,,,
‚¼’nˆæ,‚¼Žs,51343075,119,|,,,,
‚¼’nˆæ,‚¼Žs,51343076,111,155,,,,
‚¼’nˆæ,‚¼Žs,51343077,111,155,,,,
‚¼’nˆæ,‚¼Žs,51343078,111,155,,,,
‚¼’nˆæ,‚¼Žs,51343079,111,155,,,,
‚¼’nˆæ,‚¼Žs,51343080,113,158,,,,
‚¼’nˆæ,‚¼Žs,51343081,113,158,,,,
‚¼’nˆæ,‚¼Žs,51343082,113,158,,,,
‚¼’nˆæ,‚¼Žs,51343083,113,158,,,,
‚¼’nˆæ,‚¼Žs,51343084,113,158,,,,
‚¼’nˆæ,‚¼Žs,51343085,111,155,,,,
‚¼’nˆæ,‚¼Žs,51343086,111,155,,,,
‚¼’nˆæ,‚¼Žs,51343087,111,155,,,,
‚¼’nˆæ,‚¼Žs,51343088,111,155,,,,
‚¼’nˆæ,‚¼Žs,51343089,111,155,,,,
‚¼’nˆæ,‚¼Žs,51343090,113,158,,,,
‚¼’nˆæ,‚¼Žs,51343091,113,158,,,,
‚¼’nˆæ,‚¼Žs,51343092,113,158,,,,
‚¼’nˆæ,‚¼Žs,51343093,113,158,,,,
‚¼’nˆæ,‚¼Žs,51343094,113,158,,,,
‚¼’nˆæ,‚¼Žs,51343095,111,155,,,,
‚¼’nˆæ,‚¼Žs,51343096,111,155,,,,
‚¼’nˆæ,‚¼Žs,51343097,111,155,,,,
‚¼’nˆæ,‚¼Žs,51343098,111,155,,,,
‚¼’nˆæ,‚¼Žs,51343099,111,155,,,,
‚¼’nˆæ,‚¼Žs,51343172,108,151,,,,
‚¼’nˆæ,‚¼Žs,51343180,108,151,,,,
‚¼’nˆæ,‚¼Žs,51343181,108,151,,,,
‚¼’nˆæ,‚¼Žs,51343182,108,151,,,,
‚¼’nˆæ,‚¼Žs,51343190,108,151,,,,
‚¼’nˆæ,‚¼Žs,51343191,108,151,,,,
‚¼’nˆæ,‚¼Žs,51343192,108,151,,,,
‚¼’nˆæ,‚¼Žs,51343193,108,151,,,,
‚¼’nˆæ,‚¼Žs,51344000,113,158,,,,
‚¼’nˆæ,‚¼Žs,51344001,113,158,,,,
‚¼’nˆæ,‚¼Žs,51344002,113,158,,,,
‚¼’nˆæ,‚¼Žs,51344003,113,158,,,,
‚¼’nˆæ,‚¼Žs,51344004,113,158,,,,
‚¼’nˆæ,‚¼Žs,51344005,111,155,,,,
‚¼’nˆæ,‚¼Žs,51344006,111,155,,,,
‚¼’nˆæ,‚¼Žs,51344007,111,155,,,,
‚¼’nˆæ,‚¼Žs,51344008,111,155,,,,
‚¼’nˆæ,‚¼Žs,51344009,111,155,,,,
‚¼’nˆæ,‚¼Žs,51344010,113,158,,,,
‚¼’nˆæ,‚¼Žs,51344011,113,158,,,,
‚¼’nˆæ,‚¼Žs,51344012,113,158,,,,
‚¼’nˆæ,‚¼Žs,51344013,113,158,,,,
‚¼’nˆæ,‚¼Žs,51344014,113,158,,,,
‚¼’nˆæ,‚¼Žs,51344015,113,|,,,,
‚¼’nˆæ,‚¼Žs,51344016,111,155,,,,
‚¼’nˆæ,‚¼Žs,51344017,111,155,,,,
‚¼’nˆæ,‚¼Žs,51344018,111,155,,,,
‚¼’nˆæ,‚¼Žs,51344019,111,155,,,,
‚¼’nˆæ,‚¼Žs,51344020,92,128,,,,
‚¼’nˆæ,‚¼Žs,51344021,92,128,,,,
‚¼’nˆæ,‚¼Žs,51344022,92,128,,,,
‚¼’nˆæ,‚¼Žs,51344023,92,128,,,,
‚¼’nˆæ,‚¼Žs,51344024,113,|,,,,
‚¼’nˆæ,‚¼Žs,51344025,113,|,,,,
‚¼’nˆæ,‚¼Žs,51344026,102,142,,,,
‚¼’nˆæ,‚¼Žs,51344027,102,142,,,,
‚¼’nˆæ,‚¼Žs,51344028,102,142,,,,
‚¼’nˆæ,‚¼Žs,51344029,102,142,,,,
‚¼’nˆæ,‚¼Žs,51344030,93,|,,,,
‚¼’nˆæ,‚¼Žs,51344033,113,|,,,,
‚¼’nˆæ,‚¼Žs,51344034,113,|,,,,
‚¼’nˆæ,‚¼Žs,51344035,113,|,,,,
‚¼’nˆæ,‚¼Žs,51344036,113,|,,,,
‚¼’nˆæ,‚¼Žs,51344037,102,142,,,,
‚¼’nˆæ,‚¼Žs,51344038,102,142,,,,
‚¼’nˆæ,‚¼Žs,51344039,102,142,,,,
‚¼’nˆæ,‚¼Žs,51344047,102,142,,,,
‚¼’nˆæ,‚¼Žs,51344048,102,142,,,,
‚¼’nˆæ,‚¼Žs,51344049,102,142,,,,
‚¼’nˆæ,‚¼Žs,51344052,92,128,,,,
‚¼’nˆæ,‚¼Žs,51344053,92,128,,,,
‚¼’nˆæ,‚¼Žs,51344057,102,142,,,,
‚¼’nˆæ,‚¼Žs,51344058,102,142,,,,
‚¼’nˆæ,‚¼Žs,51344059,102,142,,,,
‚¼’nˆæ,‚¼Žs,51344062,92,128,,,,
‚¼’nˆæ,‚¼Žs,51344063,92,128,,,,
‚¼’nˆæ,‚¼Žs,51344064,92,128,,,,
‚¼’nˆæ,‚¼Žs,51344067,102,142,,,,
‚¼’nˆæ,‚¼Žs,51344069,102,142,,,,
‚¼’nˆæ,‚¼Žs,51344073,92,128,,,,
‚¼’nˆæ,‚¼Žs,51344074,92,128,,,,
‚¼’nˆæ,‚¼Žs,51344079,102,142,,,,
‚¼’nˆæ,‚¼Žs,51344083,88,123,,,,
‚¼’nˆæ,‚¼Žs,51344084,88,123,,,,
‚¼’nˆæ,‚¼Žs,51344087,104,145,,,,
‚¼’nˆæ,‚¼Žs,51344088,104,145,,,,
‚¼’nˆæ,‚¼Žs,51344094,88,123,,,,
‚¼’nˆæ,‚¼Žs,51344098,104,145,,,,
‚¼’nˆæ,‚¼Žs,51344100,108,151,,,,
‚¼’nˆæ,‚¼Žs,51344101,108,151,,,,
‚¼’nˆæ,‚¼Žs,51344102,108,151,,,,
‚¼’nˆæ,‚¼Žs,51344110,108,151,,,,
‚¼’nˆæ,‚¼Žs,51344111,108,151,,,,
‚¼’nˆæ,‚¼Žs,51344112,108,151,,,,
‚¼’nˆæ,‚¼Žs,51344120,108,150,,,,
‚¼’nˆæ,‚¼Žs,51344121,108,150,,,,
‚¼’nˆæ,‚¼Žs,51344122,108,150,,,,
‚¼’nˆæ,‚¼Žs,51344130,108,150,,,,
‚¼’nˆæ,‚¼Žs,51344131,108,150,,,,
‚¼’nˆæ,‚¼Žs,51344132,108,150,,,,
‚¼’nˆæ,‚¼Žs,51344140,108,150,,,,
‚¼’nˆæ,‚¼Žs,51344141,108,150,,,,
‚¼’nˆæ,‚¼Žs,51344142,108,150,,,,
‚¼’nˆæ,‚¼Žs,51344150,108,150,,,,
‚¼’nˆæ,‚¼Žs,51344151,108,150,,,,
‚¼’nˆæ,‚¼Žs,51344152,108,150,,,,
‚¼’nˆæ,‚¼Žs,51344153,108,150,,,,
‚¼’nˆæ,‚¼Žs,51344160,108,150,,,,
‚¼’nˆæ,‚¼Žs,51344161,108,150,,,,
‚¼’nˆæ,‚¼Žs,51344162,108,150,,,,
‚¼’nˆæ,‚¼Žs,51344163,108,150,,,,
‚¼’nˆæ,‚¼Žs,51344170,108,150,,,,
‚¼’nˆæ,‚¼Žs,51344171,108,150,,,,
‚¼’nˆæ,‚¼Žs,51344172,108,150,,,,
‚¼’nˆæ,‚¼Žs,51344180,104,145,,,,
‚¼’nˆæ,‚¼Žs,51345004,88,123,,,,
‚¼’nˆæ,‚¼Žs,51345005,104,145,,,,
‚¼’nˆæ,‚¼Žs,51345014,88,123,,,,
‚¼’nˆæ,‚¼Žs,51345015,104,145,,,,
‚¼’nˆæ,‚¼Žs,51345024,88,123,,,,
‚¼’nˆæ,‚¼Žs,51345025,88,123,,,,
‚¼’nˆæ,’¼“‡’¬,51335738,90,125,,,,
‚¼’nˆæ,’¼“‡’¬,51335739,90,125,,,,
‚¼’nˆæ,’¼“‡’¬,51335746,88,123,,,,
‚¼’nˆæ,’¼“‡’¬,51335747,88,123,,,,
‚¼’nˆæ,’¼“‡’¬,51335748,88,123,,,,
‚¼’nˆæ,’¼“‡’¬,51335749,88,123,,,,
‚¼’nˆæ,’¼“‡’¬,51335756,88,123,,,,
‚¼’nˆæ,’¼“‡’¬,51335757,88,123,,,,
‚¼’nˆæ,’¼“‡’¬,51335758,88,123,,,,
‚¼’nˆæ,’¼“‡’¬,51335759,88,123,,,,
‚¼’nˆæ,’¼“‡’¬,51335767,88,123,,,,
‚¼’nˆæ,’¼“‡’¬,51335768,88,123,,,,
‚¼’nˆæ,’¼“‡’¬,51335769,88,123,,,,
‚¼’nˆæ,’¼“‡’¬,51335777,88,123,,,,
‚¼’nˆæ,’¼“‡’¬,51335778,88,123,,,,
‚¼’nˆæ,’¼“‡’¬,51335797,88,123,,,,
‚¼’nˆæ,’¼“‡’¬,51335798,88,123,,,,
‚¼’nˆæ,’¼“‡’¬,51336707,88,123,,,,
‚¼’nˆæ,’¼“‡’¬,51336708,88,123,,,,
‚¼’nˆæ,’¼“‡’¬,51336717,88,123,,,,
‚¼’nˆæ,’¼“‡’¬,51345030,88,123,,,,
‚¼’nˆæ,’¼“‡’¬,51345040,88,123,,,,
‚¼’nˆæ,’¼“‡’¬,51345041,88,123,,,,
‚¼’nˆæ,’¼“‡’¬,51345050,88,123,,,,
‚¼’nˆæ,’¼“‡’¬,51345060,88,123,,,,
‚¼’nˆæ,’¼“‡’¬,51345071,88,123,,,,
‚¼’nˆæ,’¼“‡’¬,51345080,88,123,,,,
‚¼’nˆæ,’¼“‡’¬,51345081,88,123,,,,
‚¼’nˆæ,’¼“‡’¬,51345090,88,123,,,,
‚¼’nˆæ,’¼“‡’¬,51345091,88,123,,,,
¬“¤,“y¯’¬,51345055,96,127,,,,
¬“¤,“y¯’¬,51345056,96,127,,,,
¬“¤,“y¯’¬,51345057,96,127,,,,
¬“¤,“y¯’¬,51345063,83,110,,,,
¬“¤,“y¯’¬,51345064,83,110,,,,
¬“¤,“y¯’¬,51345065,96,127,,,,
¬“¤,“y¯’¬,51345066,96,127,,,,
¬“¤,“y¯’¬,51345067,96,127,,,,
¬“¤,“y¯’¬,51345068,96,127,,,,
¬“¤,“y¯’¬,51345069,96,127,,,,
¬“¤,“y¯’¬,51345072,83,110,,,,
¬“¤,“y¯’¬,51345073,83,110,,,,
¬“¤,“y¯’¬,51345074,83,110,,,,
¬“¤,“y¯’¬,51345075,96,127,,,,
¬“¤,“y¯’¬,51345076,96,127,,,,
¬“¤,“y¯’¬,51345077,96,127,,,,
¬“¤,“y¯’¬,51345078,96,127,,,,
¬“¤,“y¯’¬,51345079,96,127,,,,
¬“¤,“y¯’¬,51345083,83,110,,,,
¬“¤,“y¯’¬,51345084,83,110,,,,
¬“¤,“y¯’¬,51345085,96,127,,,,
¬“¤,“y¯’¬,51345086,96,127,,,,
¬“¤,“y¯’¬,51345087,96,127,,,,
¬“¤,“y¯’¬,51345088,96,127,,,,
¬“¤,“y¯’¬,51345095,96,127,,,,
¬“¤,“y¯’¬,51345096,96,127,,,,
¬“¤,“y¯’¬,51345097,96,127,,,,
¬“¤,“y¯’¬,51345098,96,127,,,,
¬“¤,“y¯’¬,51345151,101,133,,,,
¬“¤,“y¯’¬,51345152,101,133,,,,
¬“¤,“y¯’¬,51345153,101,133,,,,
¬“¤,“y¯’¬,51345161,101,133,,,,
¬“¤,“y¯’¬,51345162,101,133,,,,
¬“¤,“y¯’¬,51345163,101,133,,,,
¬“¤,“y¯’¬,51345164,101,133,,,,
¬“¤,“y¯’¬,51345165,101,133,,,,
¬“¤,“y¯’¬,51345170,101,133,,,,
¬“¤,“y¯’¬,51345171,101,133,,,,
¬“¤,“y¯’¬,51345172,101,133,,,,
¬“¤,“y¯’¬,51345173,101,133,,,,
¬“¤,“y¯’¬,51345174,101,133,,,,
¬“¤,“y¯’¬,51345175,120,158,,,,
¬“¤,“y¯’¬,51345181,101,133,,,,
¬“¤,“y¯’¬,51345182,101,133,,,,
¬“¤,“y¯’¬,51345183,101,133,,,,
¬“¤,“y¯’¬,51345184,101,133,,,,
¬“¤,“y¯’¬,51345185,120,158,,,,
¬“¤,“y¯’¬,51345192,101,133,,,,
¬“¤,“y¯’¬,51345193,101,133,,,,
¬“¤,“y¯’¬,51345194,101,133,,,,
¬“¤,“y¯’¬,51345195,120,158,,,,
¬“¤,“y¯’¬,51345196,120,158,,,,
¬“¤,“y¯’¬,51345197,120,158,,,,
¬“¤,“y¯’¬,51346006,85,113,,,,
¬“¤,“y¯’¬,51346102,85,113,,,,
¬“¤,“y¯’¬,51346103,85,113,,,,
¬“¤,“y¯’¬,51346104,85,113,,,,
¬“¤,“y¯’¬,51346105,108,143,,,,
¬“¤,“y¯’¬,51346106,108,143,,,,
¬“¤,“y¯’¬,51346107,108,143,,,,
¬“¤,“y¯’¬,51346112,85,113,,,,
¬“¤,“y¯’¬,51346113,85,113,,,,
¬“¤,“y¯’¬,51346114,85,113,,,,
¬“¤,“y¯’¬,51346115,108,143,,,,
¬“¤,“y¯’¬,51346116,108,143,,,,
¬“¤,“y¯’¬,51346117,108,143,,,,
¬“¤,“y¯’¬,51346118,108,143,,,,
¬“¤,“y¯’¬,51346119,108,143,,,,
¬“¤,“y¯’¬,51346122,85,113,,,,
¬“¤,“y¯’¬,51346123,85,113,,,,
¬“¤,“y¯’¬,51346124,85,113,,,,
¬“¤,“y¯’¬,51346125,108,143,,,,
¬“¤,“y¯’¬,51346126,108,143,,,,
¬“¤,“y¯’¬,51346127,108,143,,,,
¬“¤,“y¯’¬,51346128,108,143,,,,
¬“¤,“y¯’¬,51346129,108,143,,,,
¬“¤,“y¯’¬,51346133,85,113,,,,
¬“¤,“y¯’¬,51346137,108,143,,,,
¬“¤,“y¯’¬,51346138,108,143,,,,
¬“¤,“y¯’¬,51346139,108,143,,,,
¬“¤,“y¯’¬,51346149,108,143,,,,
¬“¤,“y¯’¬,51346210,108,143,,,,
¬“¤,“y¯’¬,51346220,114,150,,,,
¬“¤,“y¯’¬,51346221,114,150,,,,
¬“¤,“y¯’¬,51346222,114,150,,,,
¬“¤,“y¯’¬,51346223,114,150,,,,
¬“¤,“y¯’¬,51346230,114,150,,,,
¬“¤,“y¯’¬,51346231,114,150,,,,
¬“¤,“y¯’¬,51346232,114,150,,,,
¬“¤,“y¯’¬,51346233,114,150,,,,
¬“¤,“y¯’¬,51346234,114,150,,,,
¬“¤,“y¯’¬,51346240,114,150,,,,
¬“¤,“y¯’¬,51346241,114,150,,,,
¬“¤,“y¯’¬,51346242,114,150,,,,
¬“¤,“y¯’¬,51346243,114,150,,,,
¬“¤,“y¯’¬,51346244,114,150,,,,
¬“¤,“y¯’¬,51346250,114,150,,,,
¬“¤,“y¯’¬,51346251,114,150,,,,
¬“¤,“y¯’¬,51346252,114,150,,,,
¬“¤,“y¯’¬,51346253,114,150,,,,
¬“¤,“y¯’¬,51346254,114,150,,,,
¬“¤,“y¯’¬,51346255,110,146,,,,
¬“¤,“y¯’¬,51346260,114,150,,,,
¬“¤,“y¯’¬,51346261,114,150,,,,
¬“¤,“y¯’¬,51346264,114,150,,,,
¬“¤,“y¯’¬,51346265,110,145,,,,
¬“¤,“y¯’¬,51346275,110,145,,,,
¬“¤,“y¯’¬,51346276,110,145,,,,
¬“¤,¬“¤“‡’¬,51344198,126,167,,,,
¬“¤,¬“¤“‡’¬,51344199,126,167,,,,
¬“¤,¬“¤“‡’¬,51345107,126,167,,,,
¬“¤,¬“¤“‡’¬,51345108,126,167,,,,
¬“¤,¬“¤“‡’¬,51345109,126,167,,,,
¬“¤,¬“¤“‡’¬,51345117,126,167,,,,
¬“¤,¬“¤“‡’¬,51345118,126,167,,,,
¬“¤,¬“¤“‡’¬,51345119,126,167,,,,
¬“¤,¬“¤“‡’¬,51345127,126,167,,,,
¬“¤,¬“¤“‡’¬,51345128,126,167,,,,
¬“¤,¬“¤“‡’¬,51345129,126,167,,,,
¬“¤,¬“¤“‡’¬,51345138,126,167,,,,
¬“¤,¬“¤“‡’¬,51345139,126,167,,,,
¬“¤,¬“¤“‡’¬,51345149,120,158,,,,
¬“¤,¬“¤“‡’¬,51345158,120,158,,,,
¬“¤,¬“¤“‡’¬,51345159,120,158,,,,
¬“¤,¬“¤“‡’¬,51345167,120,158,,,,
¬“¤,¬“¤“‡’¬,51345168,120,158,,,,
¬“¤,¬“¤“‡’¬,51345169,120,158,,,,
¬“¤,¬“¤“‡’¬,51345176,120,158,,,,
¬“¤,¬“¤“‡’¬,51345177,120,158,,,,
¬“¤,¬“¤“‡’¬,51345178,120,158,,,,
¬“¤,¬“¤“‡’¬,51345179,120,158,,,,
¬“¤,¬“¤“‡’¬,51345186,120,158,,,,
¬“¤,¬“¤“‡’¬,51345187,120,158,,,,
¬“¤,¬“¤“‡’¬,51345188,120,158,,,,
¬“¤,¬“¤“‡’¬,51345189,120,158,,,,
¬“¤,¬“¤“‡’¬,51345198,120,158,,,,
¬“¤,¬“¤“‡’¬,51345199,120,158,,,,
¬“¤,¬“¤“‡’¬,51345200,135,178,,,,
¬“¤,¬“¤“‡’¬,51345210,135,178,,,,
¬“¤,¬“¤“‡’¬,51345216,131,173,,,,
¬“¤,¬“¤“‡’¬,51345217,131,173,,,,
¬“¤,¬“¤“‡’¬,51345220,135,178,,,,
¬“¤,¬“¤“‡’¬,51345226,131,173,,,,
¬“¤,¬“¤“‡’¬,51345227,131,173,,,,
¬“¤,¬“¤“‡’¬,51345230,135,178,,,,
¬“¤,¬“¤“‡’¬,51345231,135,178,,,,
¬“¤,¬“¤“‡’¬,51345232,135,178,,,,
¬“¤,¬“¤“‡’¬,51345233,135,178,,,,
¬“¤,¬“¤“‡’¬,51345235,106,140,,,,
¬“¤,¬“¤“‡’¬,51345236,131,173,,,,
¬“¤,¬“¤“‡’¬,51345237,131,173,,,,
¬“¤,¬“¤“‡’¬,51345240,106,140,,,,
¬“¤,¬“¤“‡’¬,51345241,106,140,,,,
¬“¤,¬“¤“‡’¬,51345242,106,140,,,,
¬“¤,¬“¤“‡’¬,51345243,106,140,,,,
¬“¤,¬“¤“‡’¬,51345244,106,140,,,,
¬“¤,¬“¤“‡’¬,51345245,109,144,,,,
¬“¤,¬“¤“‡’¬,51345246,109,144,,,,
¬“¤,¬“¤“‡’¬,51345247,109,144,,,,
¬“¤,¬“¤“‡’¬,51345250,106,140,,,,
¬“¤,¬“¤“‡’¬,51345251,106,140,,,,
¬“¤,¬“¤“‡’¬,51345252,106,140,,,,
¬“¤,¬“¤“‡’¬,51345253,106,140,,,,
¬“¤,¬“¤“‡’¬,51345254,106,140,,,,
¬“¤,¬“¤“‡’¬,51345255,109,144,,,,
¬“¤,¬“¤“‡’¬,51345256,109,144,,,,
¬“¤,¬“¤“‡’¬,51345257,109,144,,,,
¬“¤,¬“¤“‡’¬,51345258,109,144,,,,
¬“¤,¬“¤“‡’¬,51345260,106,140,,,,
¬“¤,¬“¤“‡’¬,51345261,106,140,,,,
¬“¤,¬“¤“‡’¬,51345262,106,140,,,,
¬“¤,¬“¤“‡’¬,51345263,106,140,,,,
¬“¤,¬“¤“‡’¬,51345264,109,|,,,,
¬“¤,¬“¤“‡’¬,51345265,109,144,,,,
¬“¤,¬“¤“‡’¬,51345266,109,144,,,,
¬“¤,¬“¤“‡’¬,51345267,109,144,,,,
¬“¤,¬“¤“‡’¬,51345268,109,144,,,,
¬“¤,¬“¤“‡’¬,51345270,106,140,,,,
¬“¤,¬“¤“‡’¬,51345271,106,140,,,,
¬“¤,¬“¤“‡’¬,51345272,106,140,,,,
¬“¤,¬“¤“‡’¬,51345273,106,140,,,,
¬“¤,¬“¤“‡’¬,51345274,106,140,,,,
¬“¤,¬“¤“‡’¬,51345275,109,144,,,,
¬“¤,¬“¤“‡’¬,51345276,109,144,,,,
¬“¤,¬“¤“‡’¬,51345277,109,144,,,,
¬“¤,¬“¤“‡’¬,51345278,109,144,,,,
¬“¤,¬“¤“‡’¬,51345280,106,140,,,,
¬“¤,¬“¤“‡’¬,51345281,106,140,,,,
¬“¤,¬“¤“‡’¬,51345282,106,140,,,,
¬“¤,¬“¤“‡’¬,51345283,106,140,,,,
¬“¤,¬“¤“‡’¬,51345284,106,140,,,,
¬“¤,¬“¤“‡’¬,51345285,109,144,,,,
¬“¤,¬“¤“‡’¬,51345286,109,144,,,,
¬“¤,¬“¤“‡’¬,51345287,109,144,,,,
¬“¤,¬“¤“‡’¬,51345288,109,144,,,,
¬“¤,¬“¤“‡’¬,51345290,106,140,,,,
¬“¤,¬“¤“‡’¬,51345291,106,140,,,,
¬“¤,¬“¤“‡’¬,51345292,106,140,,,,
¬“¤,¬“¤“‡’¬,51345293,106,140,,,,
¬“¤,¬“¤“‡’¬,51345294,106,140,,,,
¬“¤,¬“¤“‡’¬,51345295,109,144,,,,
¬“¤,¬“¤“‡’¬,51345296,109,144,,,,
¬“¤,¬“¤“‡’¬,51345297,109,144,,,,
¬“¤,¬“¤“‡’¬,51345298,109,144,,,,
¬“¤,¬“¤“‡’¬,51346108,108,143,,,,
¬“¤,¬“¤“‡’¬,51346109,108,143,,,,
¬“¤,¬“¤“‡’¬,51346200,114,150,,,,
¬“¤,¬“¤“‡’¬,51346201,114,150,,,,
¬“¤,¬“¤“‡’¬,51346202,114,150,,,,
¬“¤,¬“¤“‡’¬,51346203,114,150,,,,
¬“¤,¬“¤“‡’¬,51346204,114,150,,,,
¬“¤,¬“¤“‡’¬,51346205,110,146,,,,
¬“¤,¬“¤“‡’¬,51346206,110,146,,,,
¬“¤,¬“¤“‡’¬,51346207,110,146,,,,
¬“¤,¬“¤“‡’¬,51346208,110,146,,,,
¬“¤,¬“¤“‡’¬,51346211,114,150,,,,
¬“¤,¬“¤“‡’¬,51346212,114,150,,,,
¬“¤,¬“¤“‡’¬,51346213,114,150,,,,
¬“¤,¬“¤“‡’¬,51346214,114,150,,,,
¬“¤,¬“¤“‡’¬,51346215,110,146,,,,
¬“¤,¬“¤“‡’¬,51346216,110,146,,,,
¬“¤,¬“¤“‡’¬,51346217,110,146,,,,
¬“¤,¬“¤“‡’¬,51346218,110,146,,,,
¬“¤,¬“¤“‡’¬,51346224,114,150,,,,
¬“¤,¬“¤“‡’¬,51346225,110,146,,,,
¬“¤,¬“¤“‡’¬,51346226,110,146,,,,
¬“¤,¬“¤“‡’¬,51346227,110,146,,,,
¬“¤,¬“¤“‡’¬,51346228,110,146,,,,
¬“¤,¬“¤“‡’¬,51346235,110,146,,,,
¬“¤,¬“¤“‡’¬,51346236,110,146,,,,
¬“¤,¬“¤“‡’¬,51346237,110,146,,,,
¬“¤,¬“¤“‡’¬,51346238,110,146,,,,
¬“¤,¬“¤“‡’¬,51346245,110,146,,,,
¬“¤,¬“¤“‡’¬,51346246,110,146,,,,
¬“¤,¬“¤“‡’¬,51346247,110,146,,,,
¬“¤,¬“¤“‡’¬,51346248,110,146,,,,
¬“¤,¬“¤“‡’¬,51346256,110,146,,,,
¬“¤,¬“¤“‡’¬,51346257,110,146,,,,
¬“¤,¬“¤“‡’¬,51346266,110,145,,,,
¬“¤,¬“¤“‡’¬,51346267,110,145,,,,
¬“¤,¬“¤“‡’¬,51346268,110,145,,,,
¬“¤,¬“¤“‡’¬,51346269,110,145,,,,
¬“¤,¬“¤“‡’¬,51346277,110,145,,,,
¬“¤,¬“¤“‡’¬,51346278,110,145,,,,
¬“¤,¬“¤“‡’¬,51346279,110,145,,,,
“ŒŽ],‚³‚Ê‚«Žs,51342113,124,160,,,,
“ŒŽ],‚³‚Ê‚«Žs,51342114,124,160,,,,
“ŒŽ],‚³‚Ê‚«Žs,51342115,124,160,,,,
“ŒŽ],‚³‚Ê‚«Žs,51342116,124,160,,,,
“ŒŽ],‚³‚Ê‚«Žs,51342123,124,160,,,,
“ŒŽ],‚³‚Ê‚«Žs,51342124,124,160,,,,
“ŒŽ],‚³‚Ê‚«Žs,51342125,124,160,,,,
“ŒŽ],‚³‚Ê‚«Žs,51342126,124,160,,,,
“ŒŽ],‚³‚Ê‚«Žs,51342133,124,160,,,,
“ŒŽ],‚³‚Ê‚«Žs,51342134,124,160,,,,
“ŒŽ],‚³‚Ê‚«Žs,51342135,124,160,,,,
“ŒŽ],‚³‚Ê‚«Žs,51342136,124,160,,,,
“ŒŽ],‚³‚Ê‚«Žs,51342143,120,154,,,,
“ŒŽ],‚³‚Ê‚«Žs,51342144,120,154,,,,
“ŒŽ],‚³‚Ê‚«Žs,51342145,129,166,,,,
“ŒŽ],‚³‚Ê‚«Žs,51342146,129,166,,,,
“ŒŽ],‚³‚Ê‚«Žs,51342153,120,154,,,,
“ŒŽ],‚³‚Ê‚«Žs,51342154,120,154,,,,
“ŒŽ],‚³‚Ê‚«Žs,51342155,129,166,,,,
“ŒŽ],‚³‚Ê‚«Žs,51342156,129,166,,,,
“ŒŽ],‚³‚Ê‚«Žs,51342157,129,166,,,,
“ŒŽ],‚³‚Ê‚«Žs,51342158,129,166,,,,
“ŒŽ],‚³‚Ê‚«Žs,51342163,120,154,,,,
“ŒŽ],‚³‚Ê‚«Žs,51342164,120,154,,,,
“ŒŽ],‚³‚Ê‚«Žs,51342165,129,166,,,,
“ŒŽ],‚³‚Ê‚«Žs,51342166,129,166,,,,
“ŒŽ],‚³‚Ê‚«Žs,51342167,129,166,,,,
“ŒŽ],‚³‚Ê‚«Žs,51342168,129,166,,,,
“ŒŽ],‚³‚Ê‚«Žs,51342169,129,166,,,,
“ŒŽ],‚³‚Ê‚«Žs,51342173,120,154,,,,
“ŒŽ],‚³‚Ê‚«Žs,51342174,120,154,,,,
“ŒŽ],‚³‚Ê‚«Žs,51342175,129,166,,,,
“ŒŽ],‚³‚Ê‚«Žs,51342176,129,166,,,,
“ŒŽ],‚³‚Ê‚«Žs,51342177,129,166,,,,
“ŒŽ],‚³‚Ê‚«Žs,51342178,129,166,,,,
“ŒŽ],‚³‚Ê‚«Žs,51342179,129,166,,,,
“ŒŽ],‚³‚Ê‚«Žs,51342183,120,154,,,,
“ŒŽ],‚³‚Ê‚«Žs,51342184,120,154,,,,
“ŒŽ],‚³‚Ê‚«Žs,51342185,129,166,,,,
“ŒŽ],‚³‚Ê‚«Žs,51342186,129,166,,,,
“ŒŽ],‚³‚Ê‚«Žs,51342187,129,166,,,,
“ŒŽ],‚³‚Ê‚«Žs,51342188,129,166,,,,
“ŒŽ],‚³‚Ê‚«Žs,51342189,129,166,,,,
“ŒŽ],‚³‚Ê‚«Žs,51342193,120,154,,,,
“ŒŽ],‚³‚Ê‚«Žs,51342194,120,154,,,,
“ŒŽ],‚³‚Ê‚«Žs,51342195,129,166,,,,
“ŒŽ],‚³‚Ê‚«Žs,51342196,129,166,,,,
“ŒŽ],‚³‚Ê‚«Žs,51342197,129,166,,,,
“ŒŽ],‚³‚Ê‚«Žs,51342198,129,166,,,,
“ŒŽ],‚³‚Ê‚«Žs,51342199,129,166,,,,
“ŒŽ],‚³‚Ê‚«Žs,51342260,124,160,,,,
“ŒŽ],‚³‚Ê‚«Žs,51342261,124,160,,,,
“ŒŽ],‚³‚Ê‚«Žs,51342270,124,160,,,,
“ŒŽ],‚³‚Ê‚«Žs,51342271,124,160,,,,
“ŒŽ],‚³‚Ê‚«Žs,51342280,124,160,,,,
“ŒŽ],‚³‚Ê‚«Žs,51342281,124,160,,,,
“ŒŽ],‚³‚Ê‚«Žs,51342290,124,160,,,,
“ŒŽ],‚³‚Ê‚«Žs,51342291,124,160,,,,
“ŒŽ],‚³‚Ê‚«Žs,51343103,121,156,,,,
“ŒŽ],‚³‚Ê‚«Žs,51343104,121,156,,,,
“ŒŽ],‚³‚Ê‚«Žs,51343105,123,158,,,,
“ŒŽ],‚³‚Ê‚«Žs,51343106,123,158,,,,
“ŒŽ],‚³‚Ê‚«Žs,51343107,123,158,,,,
“ŒŽ],‚³‚Ê‚«Žs,51343108,123,158,,,,
“ŒŽ],‚³‚Ê‚«Žs,51343109,123,158,,,,
“ŒŽ],‚³‚Ê‚«Žs,51343113,121,156,,,,
“ŒŽ],‚³‚Ê‚«Žs,51343114,121,156,,,,
“ŒŽ],‚³‚Ê‚«Žs,51343115,123,158,,,,
“ŒŽ],‚³‚Ê‚«Žs,51343116,123,158,,,,
“ŒŽ],‚³‚Ê‚«Žs,51343117,123,158,,,,
“ŒŽ],‚³‚Ê‚«Žs,51343118,123,158,,,,
“ŒŽ],‚³‚Ê‚«Žs,51343119,123,158,,,,
“ŒŽ],‚³‚Ê‚«Žs,51343123,121,156,,,,
“ŒŽ],‚³‚Ê‚«Žs,51343124,121,156,,,,
“ŒŽ],‚³‚Ê‚«Žs,51343125,123,158,,,,
“ŒŽ],‚³‚Ê‚«Žs,51343126,123,158,,,,
“ŒŽ],‚³‚Ê‚«Žs,51343127,123,158,,,,
“ŒŽ],‚³‚Ê‚«Žs,51343128,123,158,,,,
“ŒŽ],‚³‚Ê‚«Žs,51343129,123,158,,,,
“ŒŽ],‚³‚Ê‚«Žs,51343133,121,156,,,,
“ŒŽ],‚³‚Ê‚«Žs,51343134,121,156,,,,
“ŒŽ],‚³‚Ê‚«Žs,51343135,123,158,,,,
“ŒŽ],‚³‚Ê‚«Žs,51343136,123,158,,,,
“ŒŽ],‚³‚Ê‚«Žs,51343137,123,158,,,,
“ŒŽ],‚³‚Ê‚«Žs,51343138,123,158,,,,
“ŒŽ],‚³‚Ê‚«Žs,51343139,123,158,,,,
“ŒŽ],‚³‚Ê‚«Žs,51343142,121,156,,,,
“ŒŽ],‚³‚Ê‚«Žs,51343143,121,156,,,,
“ŒŽ],‚³‚Ê‚«Žs,51343144,121,156,,,,
“ŒŽ],‚³‚Ê‚«Žs,51343145,123,158,,,,
“ŒŽ],‚³‚Ê‚«Žs,51343146,123,158,,,,
“ŒŽ],‚³‚Ê‚«Žs,51343147,123,158,,,,
“ŒŽ],‚³‚Ê‚«Žs,51343148,123,158,,,,
“ŒŽ],‚³‚Ê‚«Žs,51343149,123,158,,,,
“ŒŽ],‚³‚Ê‚«Žs,51343153,121,156,,,,
“ŒŽ],‚³‚Ê‚«Žs,51343154,121,156,,,,
“ŒŽ],‚³‚Ê‚«Žs,51343155,123,158,,,,
“ŒŽ],‚³‚Ê‚«Žs,51343156,123,158,,,,
“ŒŽ],‚³‚Ê‚«Žs,51343157,123,158,,,,
“ŒŽ],‚³‚Ê‚«Žs,51343158,123,158,,,,
“ŒŽ],‚³‚Ê‚«Žs,51343159,123,158,,,,
“ŒŽ],‚³‚Ê‚«Žs,51343163,109,141,,,,
“ŒŽ],‚³‚Ê‚«Žs,51343164,109,141,,,,
“ŒŽ],‚³‚Ê‚«Žs,51343165,116,149,,,,
“ŒŽ],‚³‚Ê‚«Žs,51343166,116,149,,,,
“ŒŽ],‚³‚Ê‚«Žs,51343167,116,149,,,,
“ŒŽ],‚³‚Ê‚«Žs,51343168,116,149,,,,
“ŒŽ],‚³‚Ê‚«Žs,51343169,116,149,,,,
“ŒŽ],‚³‚Ê‚«Žs,51343173,109,141,,,,
“ŒŽ],‚³‚Ê‚«Žs,51343174,109,141,,,,
“ŒŽ],‚³‚Ê‚«Žs,51343175,116,149,,,,
“ŒŽ],‚³‚Ê‚«Žs,51343176,116,149,,,,
“ŒŽ],‚³‚Ê‚«Žs,51343177,116,149,,,,
“ŒŽ],‚³‚Ê‚«Žs,51343178,116,149,,,,
“ŒŽ],‚³‚Ê‚«Žs,51343179,116,149,,,,
“ŒŽ],‚³‚Ê‚«Žs,51343183,109,141,,,,
“ŒŽ],‚³‚Ê‚«Žs,51343184,109,141,,,,
“ŒŽ],‚³‚Ê‚«Žs,51343185,116,149,,,,
“ŒŽ],‚³‚Ê‚«Žs,51343186,116,149,,,,
“ŒŽ],‚³‚Ê‚«Žs,51343187,116,149,,,,
“ŒŽ],‚³‚Ê‚«Žs,51343188,116,149,,,,
“ŒŽ],‚³‚Ê‚«Žs,51343189,116,149,,,,
“ŒŽ],‚³‚Ê‚«Žs,51343194,109,141,,,,
“ŒŽ],‚³‚Ê‚«Žs,51343195,116,149,,,,
“ŒŽ],‚³‚Ê‚«Žs,51343196,116,149,,,,
“ŒŽ],‚³‚Ê‚«Žs,51343197,116,149,,,,
“ŒŽ],‚³‚Ê‚«Žs,51343198,116,149,,,,
“ŒŽ],‚³‚Ê‚«Žs,51343199,116,149,,,,
“ŒŽ],‚³‚Ê‚«Žs,51343200,123,158,,,,
“ŒŽ],‚³‚Ê‚«Žs,51343201,123,158,,,,
“ŒŽ],‚³‚Ê‚«Žs,51343210,123,158,,,,
“ŒŽ],‚³‚Ê‚«Žs,51343211,123,158,,,,
“ŒŽ],‚³‚Ê‚«Žs,51343220,123,158,,,,
“ŒŽ],‚³‚Ê‚«Žs,51343221,123,158,,,,
“ŒŽ],‚³‚Ê‚«Žs,51343222,123,158,,,,
“ŒŽ],‚³‚Ê‚«Žs,51343230,123,158,,,,
“ŒŽ],‚³‚Ê‚«Žs,51343231,123,158,,,,
“ŒŽ],‚³‚Ê‚«Žs,51343232,123,158,,,,
“ŒŽ],‚³‚Ê‚«Žs,51343240,123,158,,,,
“ŒŽ],‚³‚Ê‚«Žs,51343241,123,158,,,,
“ŒŽ],‚³‚Ê‚«Žs,51343242,123,158,,,,
“ŒŽ],‚³‚Ê‚«Žs,51343250,123,158,,,,
“ŒŽ],‚³‚Ê‚«Žs,51343270,113,145,,,,
“ŒŽ],‚³‚Ê‚«Žs,51343280,113,145,,,,
“ŒŽ],‚³‚Ê‚«Žs,51343281,113,145,,,,
“ŒŽ],‚³‚Ê‚«Žs,51343290,113,145,,,,
“ŒŽ],‚³‚Ê‚«Žs,51343291,113,145,,,,
“ŒŽ],‚³‚Ê‚«Žs,51344104,109,141,,,,
“ŒŽ],‚³‚Ê‚«Žs,51344105,116,149,,,,
“ŒŽ],‚³‚Ê‚«Žs,51344106,116,149,,,,
“ŒŽ],‚³‚Ê‚«Žs,51344107,116,149,,,,
“ŒŽ],‚³‚Ê‚«Žs,51344108,116,149,,,,
“ŒŽ],‚³‚Ê‚«Žs,51344109,116,149,,,,
“ŒŽ],‚³‚Ê‚«Žs,51344114,109,141,,,,
“ŒŽ],‚³‚Ê‚«Žs,51344115,116,149,,,,
“ŒŽ],‚³‚Ê‚«Žs,51344116,116,149,,,,
“ŒŽ],‚³‚Ê‚«Žs,51344117,116,149,,,,
“ŒŽ],‚³‚Ê‚«Žs,51344118,116,149,,,,
“ŒŽ],‚³‚Ê‚«Žs,51344119,116,149,,,,
“ŒŽ],‚³‚Ê‚«Žs,51344124,109,141,,,,
“ŒŽ],‚³‚Ê‚«Žs,51344125,120,154,,,,
“ŒŽ],‚³‚Ê‚«Žs,51344126,120,154,,,,
“ŒŽ],‚³‚Ê‚«Žs,51344127,120,154,,,,
“ŒŽ],‚³‚Ê‚«Žs,51344129,120,154,,,,
“ŒŽ],‚³‚Ê‚«Žs,51344136,120,154,,,,
“ŒŽ],‚³‚Ê‚«Žs,51344137,120,154,,,,
“ŒŽ],‚³‚Ê‚«Žs,51344146,120,154,,,,
“ŒŽ],‚³‚Ê‚«Žs,51344200,113,145,,,,
“ŒŽ],‚³‚Ê‚«Žs,51344201,113,145,,,,
“ŒŽ],‚³‚Ê‚«Žs,51344210,113,145,,,,
“ŒŽ],‚³‚Ê‚«Žs,51344220,120,154,,,,
“ŒŽ],“Œ‚©‚ª‚íŽs,51341393,152,196,,,,
“ŒŽ],“Œ‚©‚ª‚íŽs,51342117,134,173,,,,
“ŒŽ],“Œ‚©‚ª‚íŽs,51342127,134,173,,,,
“ŒŽ],“Œ‚©‚ª‚íŽs,51342128,134,173,,,,
“ŒŽ],“Œ‚©‚ª‚íŽs,51342129,134,173,,,,
“ŒŽ],“Œ‚©‚ª‚íŽs,51342137,134,173,,,,
“ŒŽ],“Œ‚©‚ª‚íŽs,51342138,134,173,,,,
“ŒŽ],“Œ‚©‚ª‚íŽs,51342139,134,173,,,,
“ŒŽ],“Œ‚©‚ª‚íŽs,51342147,139,179,,,,
“ŒŽ],“Œ‚©‚ª‚íŽs,51342148,139,179,,,,
“ŒŽ],“Œ‚©‚ª‚íŽs,51342149,139,179,,,,
“ŒŽ],“Œ‚©‚ª‚íŽs,51342159,139,179,,,,
“ŒŽ],“Œ‚©‚ª‚íŽs,51342212,130,167,,,,
“ŒŽ],“Œ‚©‚ª‚íŽs,51342213,130,167,,,,
“ŒŽ],“Œ‚©‚ª‚íŽs,51342214,130,167,,,,
“ŒŽ],“Œ‚©‚ª‚íŽs,51342215,145,187,,,,
“ŒŽ],“Œ‚©‚ª‚íŽs,51342216,145,187,,,,
“ŒŽ],“Œ‚©‚ª‚íŽs,51342217,145,187,,,,
“ŒŽ],“Œ‚©‚ª‚íŽs,51342219,145,187,,,,
“ŒŽ],“Œ‚©‚ª‚íŽs,51342220,130,167,,,,
“ŒŽ],“Œ‚©‚ª‚íŽs,51342221,130,167,,,,
“ŒŽ],“Œ‚©‚ª‚íŽs,51342222,130,167,,,,
“ŒŽ],“Œ‚©‚ª‚íŽs,51342223,130,167,,,,
“ŒŽ],“Œ‚©‚ª‚íŽs,51342224,130,167,,,,
“ŒŽ],“Œ‚©‚ª‚íŽs,51342225,145,187,,,,
“ŒŽ],“Œ‚©‚ª‚íŽs,51342226,145,187,,,,
“ŒŽ],“Œ‚©‚ª‚íŽs,51342227,145,187,,,,
“ŒŽ],“Œ‚©‚ª‚íŽs,51342228,145,187,,,,
“ŒŽ],“Œ‚©‚ª‚íŽs,51342229,145,187,,,,
“ŒŽ],“Œ‚©‚ª‚íŽs,51342230,130,167,,,,
“ŒŽ],“Œ‚©‚ª‚íŽs,51342231,130,167,,,,
“ŒŽ],“Œ‚©‚ª‚íŽs,51342232,130,167,,,,
“ŒŽ],“Œ‚©‚ª‚íŽs,51342233,130,167,,,,
“ŒŽ],“Œ‚©‚ª‚íŽs,51342234,130,167,,,,
“ŒŽ],“Œ‚©‚ª‚íŽs,51342235,145,187,,,,
“ŒŽ],“Œ‚©‚ª‚íŽs,51342236,145,187,,,,
“ŒŽ],“Œ‚©‚ª‚íŽs,51342237,145,187,,,,
“ŒŽ],“Œ‚©‚ª‚íŽs,51342238,145,187,,,,
“ŒŽ],“Œ‚©‚ª‚íŽs,51342239,145,187,,,,
“ŒŽ],“Œ‚©‚ª‚íŽs,51342240,134,173,,,,
“ŒŽ],“Œ‚©‚ª‚íŽs,51342241,134,173,,,,
“ŒŽ],“Œ‚©‚ª‚íŽs,51342242,134,173,,,,
“ŒŽ],“Œ‚©‚ª‚íŽs,51342243,134,173,,,,
“ŒŽ],“Œ‚©‚ª‚íŽs,51342244,134,173,,,,
“ŒŽ],“Œ‚©‚ª‚íŽs,51342245,141,182,,,,
“ŒŽ],“Œ‚©‚ª‚íŽs,51342246,141,182,,,,
“ŒŽ],“Œ‚©‚ª‚íŽs,51342247,141,182,,,,
“ŒŽ],“Œ‚©‚ª‚íŽs,51342248,141,182,,,,
“ŒŽ],“Œ‚©‚ª‚íŽs,51342249,141,182,,,,
“ŒŽ],“Œ‚©‚ª‚íŽs,51342250,134,173,,,,
“ŒŽ],“Œ‚©‚ª‚íŽs,51342251,134,173,,,,
“ŒŽ],“Œ‚©‚ª‚íŽs,51342252,134,173,,,,
“ŒŽ],“Œ‚©‚ª‚íŽs,51342253,134,173,,,,
“ŒŽ],“Œ‚©‚ª‚íŽs,51342254,134,173,,,,
“ŒŽ],“Œ‚©‚ª‚íŽs,51342255,141,182,,,,
“ŒŽ],“Œ‚©‚ª‚íŽs,51342256,141,182,,,,
“ŒŽ],“Œ‚©‚ª‚íŽs,51342257,141,182,,,,
“ŒŽ],“Œ‚©‚ª‚íŽs,51342258,141,182,,,,
“ŒŽ],“Œ‚©‚ª‚íŽs,51342259,141,182,,,,
“ŒŽ],“Œ‚©‚ª‚íŽs,51342262,134,173,,,,
“ŒŽ],“Œ‚©‚ª‚íŽs,51342263,134,173,,,,
“ŒŽ],“Œ‚©‚ª‚íŽs,51342264,134,173,,,,
“ŒŽ],“Œ‚©‚ª‚íŽs,51342265,141,182,,,,
“ŒŽ],“Œ‚©‚ª‚íŽs,51342266,141,182,,,,
“ŒŽ],“Œ‚©‚ª‚íŽs,51342267,141,182,,,,
“ŒŽ],“Œ‚©‚ª‚íŽs,51342268,141,182,,,,
“ŒŽ],“Œ‚©‚ª‚íŽs,51342269,141,182,,,,
“ŒŽ],“Œ‚©‚ª‚íŽs,51342272,134,173,,,,
“ŒŽ],“Œ‚©‚ª‚íŽs,51342273,134,173,,,,
“ŒŽ],“Œ‚©‚ª‚íŽs,51342274,134,173,,,,
“ŒŽ],“Œ‚©‚ª‚íŽs,51342275,141,182,,,,
“ŒŽ],“Œ‚©‚ª‚íŽs,51342276,141,182,,,,
“ŒŽ],“Œ‚©‚ª‚íŽs,51342277,141,182,,,,
“ŒŽ],“Œ‚©‚ª‚íŽs,51342278,141,182,,,,
“ŒŽ],“Œ‚©‚ª‚íŽs,51342279,141,182,,,,
“ŒŽ],“Œ‚©‚ª‚íŽs,51342282,134,173,,,,
“ŒŽ],“Œ‚©‚ª‚íŽs,51342283,134,173,,,,
“ŒŽ],“Œ‚©‚ª‚íŽs,51342284,134,173,,,,
“ŒŽ],“Œ‚©‚ª‚íŽs,51342285,141,182,,,,
“ŒŽ],“Œ‚©‚ª‚íŽs,51342286,141,182,,,,
“ŒŽ],“Œ‚©‚ª‚íŽs,51342287,141,182,,,,
“ŒŽ],“Œ‚©‚ª‚íŽs,51342288,141,182,,,,
“ŒŽ],“Œ‚©‚ª‚íŽs,51342289,141,182,,,,
“ŒŽ],“Œ‚©‚ª‚íŽs,51342292,134,173,,,,
“ŒŽ],“Œ‚©‚ª‚íŽs,51342293,134,173,,,,
“ŒŽ],“Œ‚©‚ª‚íŽs,51342294,134,173,,,,
“ŒŽ],“Œ‚©‚ª‚íŽs,51342295,141,182,,,,
“ŒŽ],“Œ‚©‚ª‚íŽs,51342296,141,182,,,,
“ŒŽ],“Œ‚©‚ª‚íŽs,51342297,141,182,,,,
“ŒŽ],“Œ‚©‚ª‚íŽs,51342298,141,182,,,,
“ŒŽ],“Œ‚©‚ª‚íŽs,51342299,141,182,,,,
“ŒŽ],“Œ‚©‚ª‚íŽs,51342301,152,196,,,,
“ŒŽ],“Œ‚©‚ª‚íŽs,51342302,152,196,,,,
“ŒŽ],“Œ‚©‚ª‚íŽs,51342303,152,196,,,,
“ŒŽ],“Œ‚©‚ª‚íŽs,51342304,152,196,,,,
“ŒŽ],“Œ‚©‚ª‚íŽs,51342310,152,196,,,,
“ŒŽ],“Œ‚©‚ª‚íŽs,51342311,152,196,,,,
“ŒŽ],“Œ‚©‚ª‚íŽs,51342312,152,196,,,,
“ŒŽ],“Œ‚©‚ª‚íŽs,51342313,152,196,,,,
“ŒŽ],“Œ‚©‚ª‚íŽs,51342314,152,196,,,,
“ŒŽ],“Œ‚©‚ª‚íŽs,51342320,152,196,,,,
“ŒŽ],“Œ‚©‚ª‚íŽs,51342321,152,196,,,,
“ŒŽ],“Œ‚©‚ª‚íŽs,51342322,152,196,,,,
“ŒŽ],“Œ‚©‚ª‚íŽs,51342323,152,196,,,,
“ŒŽ],“Œ‚©‚ª‚íŽs,51342324,152,196,,,,
“ŒŽ],“Œ‚©‚ª‚íŽs,51342330,152,196,,,,
“ŒŽ],“Œ‚©‚ª‚íŽs,51342331,152,196,,,,
“ŒŽ],“Œ‚©‚ª‚íŽs,51342332,152,196,,,,
“ŒŽ],“Œ‚©‚ª‚íŽs,51342333,152,196,,,,
“ŒŽ],“Œ‚©‚ª‚íŽs,51342334,152,196,,,,
“ŒŽ],“Œ‚©‚ª‚íŽs,51342340,150,193,,,,
“ŒŽ],“Œ‚©‚ª‚íŽs,51342341,150,193,,,,
“ŒŽ],“Œ‚©‚ª‚íŽs,51342342,150,193,,,,
“ŒŽ],“Œ‚©‚ª‚íŽs,51342343,150,193,,,,
“ŒŽ],“Œ‚©‚ª‚íŽs,51342344,150,193,,,,
“ŒŽ],“Œ‚©‚ª‚íŽs,51342350,150,193,,,,
“ŒŽ],“Œ‚©‚ª‚íŽs,51342351,150,193,,,,
“ŒŽ],“Œ‚©‚ª‚íŽs,51342352,150,193,,,,
“ŒŽ],“Œ‚©‚ª‚íŽs,51342353,150,193,,,,
“ŒŽ],“Œ‚©‚ª‚íŽs,51342354,150,193,,,,
“ŒŽ],“Œ‚©‚ª‚íŽs,51342360,150,193,,,,
“ŒŽ],“Œ‚©‚ª‚íŽs,51342361,150,193,,,,
“ŒŽ],“Œ‚©‚ª‚íŽs,51342362,150,193,,,,
“ŒŽ],“Œ‚©‚ª‚íŽs,51342363,150,193,,,,
“ŒŽ],“Œ‚©‚ª‚íŽs,51342370,150,193,,,,
“ŒŽ],“Œ‚©‚ª‚íŽs,51342371,150,193,,,,
“ŒŽ],“Œ‚©‚ª‚íŽs,51342372,150,193,,,,
“ŒŽ],“Œ‚©‚ª‚íŽs,51342380,150,193,,,,
“ŒŽ],“Œ‚©‚ª‚íŽs,51342381,150,193,,,,
“ŒŽ],“Œ‚©‚ª‚íŽs,51342382,150,193,,,,
“ŒŽ],“Œ‚©‚ª‚íŽs,51342390,150,193,,,,
“ŒŽ],“Œ‚©‚ª‚íŽs,51342391,150,193,,,,
“ŒŽ],“Œ‚©‚ª‚íŽs,51343202,131,168,,,,
“ŒŽ],“Œ‚©‚ª‚íŽs,51343203,131,168,,,,
“ŒŽ],“Œ‚©‚ª‚íŽs,51343204,131,168,,,,
“ŒŽ],“Œ‚©‚ª‚íŽs,51343205,138,177,,,,
“ŒŽ],“Œ‚©‚ª‚íŽs,51343206,138,177,,,,
“ŒŽ],“Œ‚©‚ª‚íŽs,51343207,138,177,,,,
“ŒŽ],“Œ‚©‚ª‚íŽs,51343208,138,177,,,,
“ŒŽ],“Œ‚©‚ª‚íŽs,51343209,138,177,,,,
“ŒŽ],“Œ‚©‚ª‚íŽs,51343212,131,168,,,,
“ŒŽ],“Œ‚©‚ª‚íŽs,51343213,131,168,,,,
“ŒŽ],“Œ‚©‚ª‚íŽs,51343214,131,168,,,,
“ŒŽ],“Œ‚©‚ª‚íŽs,51343215,138,177,,,,
“ŒŽ],“Œ‚©‚ª‚íŽs,51343216,138,177,,,,
“ŒŽ],“Œ‚©‚ª‚íŽs,51343217,138,|,,,,
“ŒŽ],“Œ‚©‚ª‚íŽs,51343223,131,168,,,,
“ŒŽ],“Œ‚©‚ª‚íŽs,51343224,131,168,,,,
“ŒŽ],“Œ‚©‚ª‚íŽs,51343225,138,177,,,,
“ŒŽ],“Œ‚©‚ª‚íŽs,51343233,131,168,,,,
“ŒŽ],“Œ‚©‚ª‚íŽs,51343234,131,168,,,,
“ŒŽ],“Œ‚©‚ª‚íŽs,51343300,131,168,,,,
“ŒŽ],“Œ‚©‚ª‚íŽs,51343301,131,168,,,,
“ŒŽ],“Œ‚©‚ª‚íŽs,51343310,131,168,,,,
“ŒŽ],ŽO–Ø’¬,51341180,124,160,,,,
“ŒŽ],ŽO–Ø’¬,51341190,124,160,,,,
“ŒŽ],ŽO–Ø’¬,51341191,124,160,,,,
“ŒŽ],ŽO–Ø’¬,51342019,113,145,,,,
“ŒŽ],ŽO–Ø’¬,51342029,113,145,,,,
“ŒŽ],ŽO–Ø’¬,51342039,113,145,,,,
“ŒŽ],ŽO–Ø’¬,51342048,124,159,,,,
“ŒŽ],ŽO–Ø’¬,51342049,124,159,,,,
“ŒŽ],ŽO–Ø’¬,51342058,124,159,,,,
“ŒŽ],ŽO–Ø’¬,51342059,124,159,,,,
“ŒŽ],ŽO–Ø’¬,51342069,124,159,,,,
“ŒŽ],ŽO–Ø’¬,51342079,124,159,,,,
“ŒŽ],ŽO–Ø’¬,51342089,124,159,,,,
“ŒŽ],ŽO–Ø’¬,51342099,124,159,,,,
“ŒŽ],ŽO–Ø’¬,51342100,124,160,,,,
“ŒŽ],ŽO–Ø’¬,51342101,124,160,,,,
“ŒŽ],ŽO–Ø’¬,51342102,124,160,,,,
“ŒŽ],ŽO–Ø’¬,51342110,124,160,,,,
“ŒŽ],ŽO–Ø’¬,51342111,124,160,,,,
“ŒŽ],ŽO–Ø’¬,51342112,124,160,,,,
“ŒŽ],ŽO–Ø’¬,51342120,124,160,,,,
“ŒŽ],ŽO–Ø’¬,51342121,124,160,,,,
“ŒŽ],ŽO–Ø’¬,51342122,124,160,,,,
“ŒŽ],ŽO–Ø’¬,51342130,124,160,,,,
“ŒŽ],ŽO–Ø’¬,51342131,124,160,,,,
“ŒŽ],ŽO–Ø’¬,51342132,124,160,,,,
“ŒŽ],ŽO–Ø’¬,51342140,120,154,,,,
“ŒŽ],ŽO–Ø’¬,51342141,120,154,,,,
“ŒŽ],ŽO–Ø’¬,51342142,120,154,,,,
“ŒŽ],ŽO–Ø’¬,51342150,120,154,,,,
“ŒŽ],ŽO–Ø’¬,51342151,120,154,,,,
“ŒŽ],ŽO–Ø’¬,51342152,120,154,,,,
“ŒŽ],ŽO–Ø’¬,51342160,120,154,,,,
“ŒŽ],ŽO–Ø’¬,51342161,120,154,,,,
“ŒŽ],ŽO–Ø’¬,51342162,120,154,,,,
“ŒŽ],ŽO–Ø’¬,51342170,120,154,,,,
“ŒŽ],ŽO–Ø’¬,51342171,120,154,,,,
“ŒŽ],ŽO–Ø’¬,51342172,120,154,,,,
“ŒŽ],ŽO–Ø’¬,51342180,120,154,,,,
“ŒŽ],ŽO–Ø’¬,51342181,120,154,,,,
“ŒŽ],ŽO–Ø’¬,51342182,120,154,,,,
“ŒŽ],ŽO–Ø’¬,51342190,120,154,,,,
“ŒŽ],ŽO–Ø’¬,51342191,120,154,,,,
“ŒŽ],ŽO–Ø’¬,51342192,120,154,,,,
“ŒŽ],ŽO–Ø’¬,51343009,119,153,,,,
“ŒŽ],ŽO–Ø’¬,51343019,119,153,,,,
“ŒŽ],ŽO–Ø’¬,51343029,119,153,,,,
“ŒŽ],ŽO–Ø’¬,51343039,119,153,,,,
“ŒŽ],ŽO–Ø’¬,51343100,121,156,,,,
“ŒŽ],ŽO–Ø’¬,51343101,121,156,,,,
“ŒŽ],ŽO–Ø’¬,51343102,121,156,,,,
“ŒŽ],ŽO–Ø’¬,51343110,121,156,,,,
“ŒŽ],ŽO–Ø’¬,51343111,121,156,,,,
“ŒŽ],ŽO–Ø’¬,51343112,121,156,,,,
“ŒŽ],ŽO–Ø’¬,51343120,121,156,,,,
“ŒŽ],ŽO–Ø’¬,51343121,121,156,,,,
“ŒŽ],ŽO–Ø’¬,51343122,121,156,,,,
“ŒŽ],ŽO–Ø’¬,51343130,121,156,,,,
“ŒŽ],ŽO–Ø’¬,51343131,121,156,,,,
“ŒŽ],ŽO–Ø’¬,51343132,121,156,,,,
“ŒŽ],ŽO–Ø’¬,51343140,121,156,,,,
“ŒŽ],ŽO–Ø’¬,51343141,121,156,,,,
“ŒŽ],ŽO–Ø’¬,51343150,121,156,,,,
“ŒŽ],ŽO–Ø’¬,51343151,121,156,,,,
“ŒŽ],ŽO–Ø’¬,51343152,121,156,,,,
“ŒŽ],ŽO–Ø’¬,51343160,109,141,,,,
“ŒŽ],ŽO–Ø’¬,51343161,109,141,,,,
“ŒŽ],ŽO–Ø’¬,51343162,109,141,,,,
“ŒŽ],ŽO–Ø’¬,51343170,109,141,,,,
“ŒŽ],ŽO–Ø’¬,51343171,109,141,,,,
’†Ž],ŠÛ‹TŽs,51332648,101,134,,,,
’†Ž],ŠÛ‹TŽs,51332649,101,134,,,,
’†Ž],ŠÛ‹TŽs,51332658,101,134,,,,
’†Ž],ŠÛ‹TŽs,51332659,101,134,,,,
’†Ž],ŠÛ‹TŽs,51332666,101,134,,,,
’†Ž],ŠÛ‹TŽs,51332667,101,134,,,,
’†Ž],ŠÛ‹TŽs,51332668,101,134,,,,
’†Ž],ŠÛ‹TŽs,51332669,101,134,,,,
’†Ž],ŠÛ‹TŽs,51332676,101,134,,,,
’†Ž],ŠÛ‹TŽs,51332677,101,134,,,,
’†Ž],ŠÛ‹TŽs,51332678,101,134,,,,
’†Ž],ŠÛ‹TŽs,51332679,101,134,,,,
’†Ž],ŠÛ‹TŽs,51332685,101,134,,,,
’†Ž],ŠÛ‹TŽs,51332686,101,134,,,,
’†Ž],ŠÛ‹TŽs,51332687,101,134,,,,
’†Ž],ŠÛ‹TŽs,51332688,101,134,,,,
’†Ž],ŠÛ‹TŽs,51332689,101,134,,,,
’†Ž],ŠÛ‹TŽs,51332694,101,134,,,,
’†Ž],ŠÛ‹TŽs,51332695,101,134,,,,
’†Ž],ŠÛ‹TŽs,51332696,104,|,,,,
’†Ž],ŠÛ‹TŽs,51332697,101,134,,,,
’†Ž],ŠÛ‹TŽs,51332698,101,134,,,,
’†Ž],ŠÛ‹TŽs,51332699,101,134,,,,
’†Ž],ŠÛ‹TŽs,51332750,103,136,,,,
’†Ž],ŠÛ‹TŽs,51332751,103,136,,,,
’†Ž],ŠÛ‹TŽs,51332760,103,136,,,,
’†Ž],ŠÛ‹TŽs,51332761,103,136,,,,
’†Ž],ŠÛ‹TŽs,51332770,103,136,,,,
’†Ž],ŠÛ‹TŽs,51332771,103,136,,,,
’†Ž],ŠÛ‹TŽs,51332780,103,136,,,,
’†Ž],ŠÛ‹TŽs,51332781,103,136,,,,
’†Ž],ŠÛ‹TŽs,51332790,103,136,,,,
’†Ž],ŠÛ‹TŽs,51332791,103,136,,,,
’†Ž],ŠÛ‹TŽs,51333604,94,124,,,,
’†Ž],ŠÛ‹TŽs,51333605,104,138,,,,
’†Ž],ŠÛ‹TŽs,51333606,104,138,,,,
’†Ž],ŠÛ‹TŽs,51333607,104,138,,,,
’†Ž],ŠÛ‹TŽs,51333608,104,138,,,,
’†Ž],ŠÛ‹TŽs,51333609,104,138,,,,
’†Ž],ŠÛ‹TŽs,51333612,99,|,,,,
’†Ž],ŠÛ‹TŽs,51333613,94,124,,,,
’†Ž],ŠÛ‹TŽs,51333614,94,124,,,,
’†Ž],ŠÛ‹TŽs,51333615,104,138,,,,
’†Ž],ŠÛ‹TŽs,51333616,104,138,,,,
’†Ž],ŠÛ‹TŽs,51333617,104,138,,,,
’†Ž],ŠÛ‹TŽs,51333618,104,138,,,,
’†Ž],ŠÛ‹TŽs,51333619,104,138,,,,
’†Ž],ŠÛ‹TŽs,51333622,99,|,,,,
’†Ž],ŠÛ‹TŽs,51333623,94,124,,,,
’†Ž],ŠÛ‹TŽs,51333624,94,124,,,,
’†Ž],ŠÛ‹TŽs,51333625,104,138,,,,
’†Ž],ŠÛ‹TŽs,51333626,104,138,,,,
’†Ž],ŠÛ‹TŽs,51333627,104,138,,,,
’†Ž],ŠÛ‹TŽs,51333628,104,138,,,,
’†Ž],ŠÛ‹TŽs,51333629,104,138,,,,
’†Ž],ŠÛ‹TŽs,51333631,99,|,,,,
’†Ž],ŠÛ‹TŽs,51333632,94,124,,,,
’†Ž],ŠÛ‹TŽs,51333633,94,124,,,,
’†Ž],ŠÛ‹TŽs,51333634,94,124,,,,
’†Ž],ŠÛ‹TŽs,51333635,104,138,,,,
’†Ž],ŠÛ‹TŽs,51333636,104,138,,,,
’†Ž],ŠÛ‹TŽs,51333638,104,138,,,,
’†Ž],ŠÛ‹TŽs,51333639,104,138,,,,
’†Ž],ŠÛ‹TŽs,51333641,99,|,,,,
’†Ž],ŠÛ‹TŽs,51333642,94,124,,,,
’†Ž],ŠÛ‹TŽs,51333643,94,124,,,,
’†Ž],ŠÛ‹TŽs,51333644,94,124,,,,
’†Ž],ŠÛ‹TŽs,51333645,104,138,,,,
’†Ž],ŠÛ‹TŽs,51333646,104,138,,,,
’†Ž],ŠÛ‹TŽs,51333650,99,|,,,,
’†Ž],ŠÛ‹TŽs,51333651,99,|,,,,
’†Ž],ŠÛ‹TŽs,51333652,94,124,,,,
’†Ž],ŠÛ‹TŽs,51333653,94,124,,,,
’†Ž],ŠÛ‹TŽs,51333654,94,124,,,,
’†Ž],ŠÛ‹TŽs,51333655,104,138,,,,
’†Ž],ŠÛ‹TŽs,51333660,99,|,,,,
’†Ž],ŠÛ‹TŽs,51333661,99,|,,,,
’†Ž],ŠÛ‹TŽs,51333662,99,|,,,,
’†Ž],ŠÛ‹TŽs,51333663,99,|,,,,
’†Ž],ŠÛ‹TŽs,51333664,93,123,,,,
’†Ž],ŠÛ‹TŽs,51333672,99,|,,,,
’†Ž],ŠÛ‹TŽs,51333673,99,|,,,,
’†Ž],ŠÛ‹TŽs,51333700,98,130,,,,
’†Ž],ŠÛ‹TŽs,51333701,98,130,,,,
’†Ž],ŠÛ‹TŽs,51333710,98,130,,,,
’†Ž],ŠÛ‹TŽs,51333711,98,130,,,,
’†Ž],ŠÛ‹TŽs,51333720,98,130,,,,
’†Ž],ŠÛ‹TŽs,51333721,98,130,,,,
’†Ž],ŠÛ‹TŽs,51333730,98,130,,,,
’†Ž],ŠÛ‹TŽs,51333731,98,130,,,,
’†Ž],ŠÛ‹TŽs,51334525,118,156,,,,
’†Ž],ŠÛ‹TŽs,51334526,118,156,,,,
’†Ž],ŠÛ‹TŽs,51334534,101,133,,,,
’†Ž],ŠÛ‹TŽs,51334535,118,156,,,,
’†Ž],ŠÛ‹TŽs,51334536,118,156,,,,
’†Ž],ŠÛ‹TŽs,51334537,118,156,,,,
’†Ž],ŠÛ‹TŽs,51334538,118,156,,,,
’†Ž],ŠÛ‹TŽs,51334541,101,133,,,,
’†Ž],ŠÛ‹TŽs,51334542,101,133,,,,
’†Ž],ŠÛ‹TŽs,51334545,118,156,,,,
’†Ž],ŠÛ‹TŽs,51334546,118,156,,,,
’†Ž],ŠÛ‹TŽs,51334547,118,156,,,,
’†Ž],ŠÛ‹TŽs,51334548,118,156,,,,
’†Ž],ŠÛ‹TŽs,51334551,101,133,,,,
’†Ž],ŠÛ‹TŽs,51334552,101,133,,,,
’†Ž],ŠÛ‹TŽs,51334553,101,133,,,,
’†Ž],ŠÛ‹TŽs,51334555,118,156,,,,
’†Ž],ŠÛ‹TŽs,51334556,118,156,,,,
’†Ž],ŠÛ‹TŽs,51334557,118,156,,,,
’†Ž],ŠÛ‹TŽs,51334558,118,156,,,,
’†Ž],ŠÛ‹TŽs,51334561,101,133,,,,
’†Ž],ŠÛ‹TŽs,51334562,101,133,,,,
’†Ž],ŠÛ‹TŽs,51334563,101,133,,,,
’†Ž],ŠÛ‹TŽs,51334565,118,156,,,,
’†Ž],ŠÛ‹TŽs,51334566,118,156,,,,
’†Ž],ŠÛ‹TŽs,51334567,118,156,,,,
’†Ž],ŠÛ‹TŽs,51334568,118,156,,,,
’†Ž],ŠÛ‹TŽs,51334572,101,133,,,,
’†Ž],ŠÛ‹TŽs,51334573,101,133,,,,
’†Ž],ŠÛ‹TŽs,51334574,101,133,,,,
’†Ž],ŠÛ‹TŽs,51334576,118,156,,,,
’†Ž],ŠÛ‹TŽs,51334577,118,156,,,,
’†Ž],ŠÛ‹TŽs,51334582,96,127,,,,
’†Ž],ŠÛ‹TŽs,51334583,96,127,,,,
’†Ž],ŠÛ‹TŽs,51334584,96,127,,,,
’†Ž],ŠÛ‹TŽs,51334586,96,127,,,,
’†Ž],ŠÛ‹TŽs,51334587,96,127,,,,
’†Ž],ŠÛ‹TŽs,51334592,96,127,,,,
’†Ž],ŠÛ‹TŽs,51334593,96,127,,,,
’†Ž],ŠÛ‹TŽs,51334594,96,127,,,,
’†Ž],ŠÛ‹TŽs,51334621,93,123,,,,
’†Ž],ŠÛ‹TŽs,51334622,93,123,,,,
’†Ž],ŠÛ‹TŽs,51334632,93,123,,,,
’†Ž],ŠÛ‹TŽs,51334640,93,123,,,,
’†Ž],ŠÛ‹TŽs,51334641,93,123,,,,
’†Ž],ŠÛ‹TŽs,51334650,93,123,,,,
’†Ž],ŠÛ‹TŽs,51334651,93,123,,,,
’†Ž],ŠÛ‹TŽs,51334652,93,123,,,,
’†Ž],ŠÛ‹TŽs,51334660,93,123,,,,
’†Ž],ŠÛ‹TŽs,51334661,93,123,,,,
’†Ž],ŠÛ‹TŽs,51334662,93,123,,,,
’†Ž],ŠÛ‹TŽs,51334663,93,123,,,,
’†Ž],ŠÛ‹TŽs,51334670,93,123,,,,
’†Ž],ŠÛ‹TŽs,51334671,93,123,,,,
’†Ž],ŠÛ‹TŽs,51334672,93,123,,,,
’†Ž],ŠÛ‹TŽs,51334673,93,123,,,,
’†Ž],ŠÛ‹TŽs,51334682,103,136,,,,
’†Ž],âoŽs,51333637,104,138,,,,
’†Ž],âoŽs,51333647,104,138,,,,
’†Ž],âoŽs,51333648,104,138,,,,
’†Ž],âoŽs,51333649,104,138,,,,
’†Ž],âoŽs,51333657,104,138,,,,
’†Ž],âoŽs,51333658,104,138,,,,
’†Ž],âoŽs,51333659,104,138,,,,
’†Ž],âoŽs,51333667,101,133,,,,
’†Ž],âoŽs,51333668,101,133,,,,
’†Ž],âoŽs,51333669,101,133,,,,
’†Ž],âoŽs,51333677,101,133,,,,
’†Ž],âoŽs,51333678,101,133,,,,
’†Ž],âoŽs,51333679,101,133,,,,
’†Ž],âoŽs,51333686,101,133,,,,
’†Ž],âoŽs,51333687,101,133,,,,
’†Ž],âoŽs,51333688,101,133,,,,
’†Ž],âoŽs,51333689,101,133,,,,
’†Ž],âoŽs,51333696,101,133,,,,
’†Ž],âoŽs,51333697,101,133,,,,
’†Ž],âoŽs,51333698,101,133,,,,
’†Ž],âoŽs,51333699,101,|,,,,
’†Ž],âoŽs,51333722,98,130,,,,
’†Ž],âoŽs,51333723,98,130,,,,
’†Ž],âoŽs,51333724,98,130,,,,
’†Ž],âoŽs,51333732,98,130,,,,
’†Ž],âoŽs,51333733,98,130,,,,
’†Ž],âoŽs,51333734,98,130,,,,
’†Ž],âoŽs,51333740,98,130,,,,
’†Ž],âoŽs,51333741,98,130,,,,
’†Ž],âoŽs,51333742,98,130,,,,
’†Ž],âoŽs,51333743,98,130,,,,
’†Ž],âoŽs,51333744,98,130,,,,
’†Ž],âoŽs,51333750,98,130,,,,
’†Ž],âoŽs,51333751,98,130,,,,
’†Ž],âoŽs,51333752,98,130,,,,
’†Ž],âoŽs,51333753,98,130,,,,
’†Ž],âoŽs,51333754,98,130,,,,
’†Ž],âoŽs,51333760,91,120,,,,
’†Ž],âoŽs,51333761,91,120,,,,
’†Ž],âoŽs,51333762,91,120,,,,
’†Ž],âoŽs,51333763,91,120,,,,
’†Ž],âoŽs,51333764,91,120,,,,
’†Ž],âoŽs,51333770,91,120,,,,
’†Ž],âoŽs,51333771,91,120,,,,
’†Ž],âoŽs,51333772,91,120,,,,
’†Ž],âoŽs,51333773,91,120,,,,
’†Ž],âoŽs,51333780,91,120,,,,
’†Ž],âoŽs,51333781,91,120,,,,
’†Ž],âoŽs,51333782,91,120,,,,
’†Ž],âoŽs,51333783,91,120,,,,
’†Ž],âoŽs,51333784,91,120,,,,
’†Ž],âoŽs,51333790,91,120,,,,
’†Ž],âoŽs,51333791,91,120,,,,
’†Ž],âoŽs,51333792,91,120,,,,
’†Ž],âoŽs,51333793,91,120,,,,
’†Ž],âoŽs,51333794,91,120,,,,
’†Ž],âoŽs,51333795,95,126,,,,
’†Ž],âoŽs,51334606,101,|,,,,
’†Ž],âoŽs,51334607,101,|,,,,
’†Ž],âoŽs,51334608,101,|,,,,
’†Ž],âoŽs,51334609,101,|,,,,
’†Ž],âoŽs,51334615,101,133,,,,
’†Ž],âoŽs,51334616,101,133,,,,
’†Ž],âoŽs,51334617,101,133,,,,
’†Ž],âoŽs,51334618,101,133,,,,
’†Ž],âoŽs,51334619,101,|,,,,
’†Ž],âoŽs,51334625,101,134,,,,
’†Ž],âoŽs,51334626,101,|,,,,
’†Ž],âoŽs,51334627,101,134,,,,
’†Ž],âoŽs,51334628,101,134,,,,
’†Ž],âoŽs,51334636,101,|,,,,
’†Ž],âoŽs,51334637,101,|,,,,
’†Ž],âoŽs,51334638,101,134,,,,
’†Ž],âoŽs,51334645,101,|,,,,
’†Ž],âoŽs,51334655,101,134,,,,
’†Ž],âoŽs,51334664,101,134,,,,
’†Ž],âoŽs,51334665,101,134,,,,
’†Ž],âoŽs,51334666,101,134,,,,
’†Ž],âoŽs,51334674,101,134,,,,
’†Ž],âoŽs,51334675,101,134,,,,
’†Ž],âoŽs,51334676,101,134,,,,
’†Ž],âoŽs,51334684,101,134,,,,
’†Ž],âoŽs,51334685,101,134,,,,
’†Ž],âoŽs,51334694,103,136,,,,
’†Ž],âoŽs,51334695,103,136,,,,
’†Ž],âoŽs,51334700,91,120,,,,
’†Ž],âoŽs,51334701,91,120,,,,
’†Ž],âoŽs,51334702,91,120,,,,
’†Ž],âoŽs,51334703,91,120,,,,
’†Ž],âoŽs,51334704,91,120,,,,
’†Ž],âoŽs,51334705,95,126,,,,
’†Ž],âoŽs,51334710,91,120,,,,
’†Ž],âoŽs,51334711,91,120,,,,
’†Ž],âoŽs,51334712,91,120,,,,
’†Ž],âoŽs,51334713,91,120,,,,
’†Ž],âoŽs,51334714,91,120,,,,
’†Ž],âoŽs,51334721,96,127,,,,
’†Ž],âoŽs,51334722,96,127,,,,
’†Ž],âoŽs,51334723,96,127,,,,
’†Ž],âoŽs,51334724,96,127,,,,
’†Ž],âoŽs,51334731,96,127,,,,
’†Ž],âoŽs,51334732,96,127,,,,
’†Ž],âoŽs,51334733,96,127,,,,
’†Ž],âoŽs,51334734,96,127,,,,
’†Ž],âoŽs,51334741,96,127,,,,
’†Ž],âoŽs,51334742,96,127,,,,
’†Ž],âoŽs,51334743,96,127,,,,
’†Ž],âoŽs,51334744,96,127,,,,
’†Ž],âoŽs,51334751,96,127,,,,
’†Ž],âoŽs,51334752,96,127,,,,
’†Ž],âoŽs,51334753,96,127,,,,
’†Ž],âoŽs,51335603,103,136,,,,
’†Ž],âoŽs,51335604,103,136,,,,
’†Ž],âoŽs,51335613,103,136,,,,
’†Ž],âoŽs,51335614,103,136,,,,
’†Ž],‘P’ÊŽ›Žs,51332569,103,136,,,,
’†Ž],‘P’ÊŽ›Žs,51332578,103,136,,,,
’†Ž],‘P’ÊŽ›Žs,51332579,103,136,,,,
’†Ž],‘P’ÊŽ›Žs,51332589,103,136,,,,
’†Ž],‘P’ÊŽ›Žs,51332633,94,124,,,,
’†Ž],‘P’ÊŽ›Žs,51332634,94,124,,,,
’†Ž],‘P’ÊŽ›Žs,51332640,108,143,,,,
’†Ž],‘P’ÊŽ›Žs,51332641,108,143,,,,
’†Ž],‘P’ÊŽ›Žs,51332642,108,143,,,,
’†Ž],‘P’ÊŽ›Žs,51332643,108,143,,,,
’†Ž],‘P’ÊŽ›Žs,51332644,108,143,,,,
’†Ž],‘P’ÊŽ›Žs,51332650,108,143,,,,
’†Ž],‘P’ÊŽ›Žs,51332651,108,143,,,,
’†Ž],‘P’ÊŽ›Žs,51332652,108,143,,,,
’†Ž],‘P’ÊŽ›Žs,51332653,108,143,,,,
’†Ž],‘P’ÊŽ›Žs,51332654,108,143,,,,
’†Ž],‘P’ÊŽ›Žs,51332660,108,143,,,,
’†Ž],‘P’ÊŽ›Žs,51332661,108,143,,,,
’†Ž],‘P’ÊŽ›Žs,51332662,108,143,,,,
’†Ž],‘P’ÊŽ›Žs,51332663,108,143,,,,
’†Ž],‘P’ÊŽ›Žs,51332664,108,143,,,,
’†Ž],‘P’ÊŽ›Žs,51332670,108,143,,,,
’†Ž],‘P’ÊŽ›Žs,51332671,108,143,,,,
’†Ž],‘P’ÊŽ›Žs,51332672,108,143,,,,
’†Ž],‘P’ÊŽ›Žs,51332673,108,143,,,,
’†Ž],‘P’ÊŽ›Žs,51332674,108,143,,,,
’†Ž],‘P’ÊŽ›Žs,51332675,108,143,,,,
’†Ž],‘P’ÊŽ›Žs,51332680,108,143,,,,
’†Ž],‘P’ÊŽ›Žs,51332681,108,143,,,,
’†Ž],‘P’ÊŽ›Žs,51332682,108,143,,,,
’†Ž],‘P’ÊŽ›Žs,51332683,108,143,,,,
’†Ž],‘P’ÊŽ›Žs,51332684,108,143,,,,
’†Ž],‘P’ÊŽ›Žs,51332691,108,143,,,,
’†Ž],‘P’ÊŽ›Žs,51332692,108,143,,,,
’†Ž],‘P’ÊŽ›Žs,51332693,108,143,,,,
’†Ž],‘P’ÊŽ›Žs,51333602,99,131,,,,
’†Ž],‘P’ÊŽ›Žs,51333603,99,131,,,,
’†Ž],‰F‘½’Ã’¬,51333656,104,138,,,,
’†Ž],‰F‘½’Ã’¬,51333665,101,133,,,,
’†Ž],‰F‘½’Ã’¬,51333666,101,133,,,,
’†Ž],‰F‘½’Ã’¬,51333674,93,123,,,,
’†Ž],‰F‘½’Ã’¬,51333675,101,133,,,,
’†Ž],‰F‘½’Ã’¬,51333676,101,133,,,,
’†Ž],‰F‘½’Ã’¬,51333685,101,133,,,,
’†Ž],‰F‘½’Ã’¬,51333695,101,|,,,,
’†Ž],‰F‘½’Ã’¬,51334605,101,|,,,,
’†Ž],ˆ»ì’¬,51331779,114,150,,,,
’†Ž],ˆ»ì’¬,51331788,114,150,,,,
’†Ž],ˆ»ì’¬,51331789,114,150,,,,
’†Ž],ˆ»ì’¬,51331796,114,150,,,,
’†Ž],ˆ»ì’¬,51331797,114,150,,,,
’†Ž],ˆ»ì’¬,51331798,114,150,,,,
’†Ž],ˆ»ì’¬,51331799,114,150,,,,
’†Ž],ˆ»ì’¬,51332706,114,150,,,,
’†Ž],ˆ»ì’¬,51332707,114,150,,,,
’†Ž],ˆ»ì’¬,51332708,114,150,,,,
’†Ž],ˆ»ì’¬,51332709,114,150,,,,
’†Ž],ˆ»ì’¬,51332715,114,150,,,,
’†Ž],ˆ»ì’¬,51332716,114,150,,,,
’†Ž],ˆ»ì’¬,51332717,114,150,,,,
’†Ž],ˆ»ì’¬,51332718,114,150,,,,
’†Ž],ˆ»ì’¬,51332719,114,150,,,,
’†Ž],ˆ»ì’¬,51332724,105,139,,,,
’†Ž],ˆ»ì’¬,51332725,114,150,,,,
’†Ž],ˆ»ì’¬,51332726,114,150,,,,
’†Ž],ˆ»ì’¬,51332727,114,150,,,,
’†Ž],ˆ»ì’¬,51332728,114,150,,,,
’†Ž],ˆ»ì’¬,51332729,114,150,,,,
’†Ž],ˆ»ì’¬,51332734,105,139,,,,
’†Ž],ˆ»ì’¬,51332735,114,150,,,,
’†Ž],ˆ»ì’¬,51332736,114,150,,,,
’†Ž],ˆ»ì’¬,51332737,114,150,,,,
’†Ž],ˆ»ì’¬,51332738,114,150,,,,
’†Ž],ˆ»ì’¬,51332739,114,150,,,,
’†Ž],ˆ»ì’¬,51332742,103,136,,,,
’†Ž],ˆ»ì’¬,51332743,103,136,,,,
’†Ž],ˆ»ì’¬,51332744,103,136,,,,
’†Ž],ˆ»ì’¬,51332745,114,150,,,,
’†Ž],ˆ»ì’¬,51332746,114,150,,,,
’†Ž],ˆ»ì’¬,51332747,114,150,,,,
’†Ž],ˆ»ì’¬,51332748,114,150,,,,
’†Ž],ˆ»ì’¬,51332749,114,150,,,,
’†Ž],ˆ»ì’¬,51332752,103,136,,,,
’†Ž],ˆ»ì’¬,51332753,103,136,,,,
’†Ž],ˆ»ì’¬,51332754,103,136,,,,
’†Ž],ˆ»ì’¬,51332755,114,150,,,,
’†Ž],ˆ»ì’¬,51332756,114,150,,,,
’†Ž],ˆ»ì’¬,51332757,114,150,,,,
’†Ž],ˆ»ì’¬,51332758,114,150,,,,
’†Ž],ˆ»ì’¬,51332759,114,150,,,,
’†Ž],ˆ»ì’¬,51332762,103,136,,,,
’†Ž],ˆ»ì’¬,51332763,103,136,,,,
’†Ž],ˆ»ì’¬,51332764,103,136,,,,
’†Ž],ˆ»ì’¬,51332765,114,150,,,,
’†Ž],ˆ»ì’¬,51332766,114,150,,,,
’†Ž],ˆ»ì’¬,51332767,114,150,,,,
’†Ž],ˆ»ì’¬,51332768,114,150,,,,
’†Ž],ˆ»ì’¬,51332769,114,150,,,,
’†Ž],ˆ»ì’¬,51332772,103,136,,,,
’†Ž],ˆ»ì’¬,51332773,103,136,,,,
’†Ž],ˆ»ì’¬,51332774,103,136,,,,
’†Ž],ˆ»ì’¬,51332775,114,150,,,,
’†Ž],ˆ»ì’¬,51332776,114,150,,,,
’†Ž],ˆ»ì’¬,51332777,114,150,,,,
’†Ž],ˆ»ì’¬,51332778,114,150,,,,
’†Ž],ˆ»ì’¬,51332779,114,150,,,,
’†Ž],ˆ»ì’¬,51332782,103,136,,,,
’†Ž],ˆ»ì’¬,51332783,103,136,,,,
’†Ž],ˆ»ì’¬,51332784,103,136,,,,
’†Ž],ˆ»ì’¬,51332785,114,150,,,,
’†Ž],ˆ»ì’¬,51332786,114,150,,,,
’†Ž],ˆ»ì’¬,51332787,114,150,,,,
’†Ž],ˆ»ì’¬,51332788,114,150,,,,
’†Ž],ˆ»ì’¬,51332792,103,136,,,,
’†Ž],ˆ»ì’¬,51332793,103,136,,,,
’†Ž],ˆ»ì’¬,51332794,103,136,,,,
’†Ž],ˆ»ì’¬,51332795,114,150,,,,
’†Ž],ˆ»ì’¬,51332796,114,150,,,,
’†Ž],ˆ»ì’¬,51332797,114,150,,,,
’†Ž],ˆ»ì’¬,51332798,114,150,,,,
’†Ž],ˆ»ì’¬,51333702,98,130,,,,
’†Ž],ˆ»ì’¬,51333703,98,130,,,,
’†Ž],ˆ»ì’¬,51333704,98,130,,,,
’†Ž],ˆ»ì’¬,51333705,104,137,,,,
’†Ž],ˆ»ì’¬,51333706,104,137,,,,
’†Ž],ˆ»ì’¬,51333707,104,137,,,,
’†Ž],ˆ»ì’¬,51333708,104,137,,,,
’†Ž],ˆ»ì’¬,51333712,98,130,,,,
’†Ž],ˆ»ì’¬,51333713,98,130,,,,
’†Ž],ˆ»ì’¬,51333714,98,130,,,,
’†Ž],ˆ»ì’¬,51333715,104,137,,,,
’†Ž],ˆ»ì’¬,51333716,104,137,,,,
’†Ž],ˆ»ì’¬,51333717,104,137,,,,
’†Ž],ˆ»ì’¬,51333718,104,137,,,,
’†Ž],ˆ»ì’¬,51333725,104,137,,,,
’†Ž],ˆ»ì’¬,51341070,128,169,,,,
’†Ž],ˆ»ì’¬,51341071,128,169,,,,
’†Ž],ˆ»ì’¬,51341080,122,161,,,,
’†Ž],ˆ»ì’¬,51341081,122,161,,,,
’†Ž],ˆ»ì’¬,51341090,122,161,,,,
’†Ž],ˆ»ì’¬,51341091,122,161,,,,
’†Ž],ˆ»ì’¬,51342000,122,161,,,,
’†Ž],ˆ»ì’¬,51342001,122,161,,,,
’†Ž],ˆ»ì’¬,51342010,122,161,,,,
’†Ž],ˆ»ì’¬,51342011,122,161,,,,
’†Ž],ˆ»ì’¬,51342020,122,161,,,,
’†Ž],ˆ»ì’¬,51342021,122,161,,,,
’†Ž],ˆ»ì’¬,51342030,122,161,,,,
’†Ž],ˆ»ì’¬,51342040,120,158,,,,
’†Ž],ˆ»ì’¬,51342050,120,158,,,,
’†Ž],‹Õ•½’¬,51332615,104,137,,,,
’†Ž],‹Õ•½’¬,51332624,94,124,,,,
’†Ž],‹Õ•½’¬,51332625,104,137,,,,
’†Ž],‹Õ•½’¬,51332626,104,137,,,,
’†Ž],‹Õ•½’¬,51332635,104,137,,,,
’†Ž],‹Õ•½’¬,51332645,108,143,,,,
’†Ž],‹Õ•½’¬,51332655,108,143,,,,
’†Ž],‘½“x’Ã’¬,51332587,97,128,,,,
’†Ž],‘½“x’Ã’¬,51332588,97,128,,,,
’†Ž],‘½“x’Ã’¬,51332596,97,128,,,,
’†Ž],‘½“x’Ã’¬,51332597,97,128,,,,
’†Ž],‘½“x’Ã’¬,51332598,97,128,,,,
’†Ž],‘½“x’Ã’¬,51332599,97,128,,,,
’†Ž],‘½“x’Ã’¬,51332690,92,122,,,,
’†Ž],‘½“x’Ã’¬,51333499,98,129,,,,
’†Ž],‘½“x’Ã’¬,51333507,92,122,,,,
’†Ž],‘½“x’Ã’¬,51333508,92,122,,,,
’†Ž],‘½“x’Ã’¬,51333509,92,122,,,,
’†Ž],‘½“x’Ã’¬,51333518,92,122,,,,
’†Ž],‘½“x’Ã’¬,51333519,92,122,,,,
’†Ž],‘½“x’Ã’¬,51333528,92,122,,,,
’†Ž],‘½“x’Ã’¬,51333529,92,122,,,,
’†Ž],‘½“x’Ã’¬,51333538,92,122,,,,
’†Ž],‘½“x’Ã’¬,51333539,92,122,,,,
’†Ž],‘½“x’Ã’¬,51333549,99,|,,,,
’†Ž],‘½“x’Ã’¬,51333563,99,131,,,,
’†Ž],‘½“x’Ã’¬,51333564,99,131,,,,
’†Ž],‘½“x’Ã’¬,51333573,99,131,,,,
’†Ž],‘½“x’Ã’¬,51333574,99,131,,,,
’†Ž],‘½“x’Ã’¬,51333582,99,131,,,,
’†Ž],‘½“x’Ã’¬,51333583,99,131,,,,
’†Ž],‘½“x’Ã’¬,51333584,99,131,,,,
’†Ž],‘½“x’Ã’¬,51333590,99,131,,,,
’†Ž],‘½“x’Ã’¬,51333592,99,131,,,,
’†Ž],‘½“x’Ã’¬,51333593,99,131,,,,
’†Ž],‘½“x’Ã’¬,51333600,94,124,,,,
’†Ž],‘½“x’Ã’¬,51333601,94,124,,,,
’†Ž],‘½“x’Ã’¬,51333610,94,124,,,,
’†Ž],‘½“x’Ã’¬,51333611,99,|,,,,
’†Ž],‘½“x’Ã’¬,51333620,94,124,,,,
’†Ž],‘½“x’Ã’¬,51333621,99,|,,,,
’†Ž],‘½“x’Ã’¬,51333630,94,124,,,,
’†Ž],‘½“x’Ã’¬,51333640,99,|,,,,
’†Ž],‘½“x’Ã’¬,51334409,98,129,,,,
’†Ž],‘½“x’Ã’¬,51334419,98,129,,,,
’†Ž],‘½“x’Ã’¬,51334429,98,129,,,,
’†Ž],‘½“x’Ã’¬,51334500,99,131,,,,
’†Ž],‘½“x’Ã’¬,51334510,99,131,,,,
’†Ž],‚Ü‚ñ‚Ì‚¤’¬,51330798,105,139,,,,
’†Ž],‚Ü‚ñ‚Ì‚¤’¬,51330799,105,139,,,,
’†Ž],‚Ü‚ñ‚Ì‚¤’¬,51331626,98,130,,,,
’†Ž],‚Ü‚ñ‚Ì‚¤’¬,51331627,98,130,,,,
’†Ž],‚Ü‚ñ‚Ì‚¤’¬,51331628,98,130,,,,
’†Ž],‚Ü‚ñ‚Ì‚¤’¬,51331629,98,130,,,,
’†Ž],‚Ü‚ñ‚Ì‚¤’¬,51331635,98,130,,,,
’†Ž],‚Ü‚ñ‚Ì‚¤’¬,51331636,98,130,,,,
’†Ž],‚Ü‚ñ‚Ì‚¤’¬,51331637,98,130,,,,
’†Ž],‚Ü‚ñ‚Ì‚¤’¬,51331638,98,130,,,,
’†Ž],‚Ü‚ñ‚Ì‚¤’¬,51331639,98,130,,,,
’†Ž],‚Ü‚ñ‚Ì‚¤’¬,51331645,98,130,,,,
’†Ž],‚Ü‚ñ‚Ì‚¤’¬,51331646,98,130,,,,
’†Ž],‚Ü‚ñ‚Ì‚¤’¬,51331647,98,130,,,,
’†Ž],‚Ü‚ñ‚Ì‚¤’¬,51331648,98,130,,,,
’†Ž],‚Ü‚ñ‚Ì‚¤’¬,51331649,98,130,,,,
’†Ž],‚Ü‚ñ‚Ì‚¤’¬,51331655,98,130,,,,
’†Ž],‚Ü‚ñ‚Ì‚¤’¬,51331656,98,130,,,,
’†Ž],‚Ü‚ñ‚Ì‚¤’¬,51331657,98,130,,,,
’†Ž],‚Ü‚ñ‚Ì‚¤’¬,51331658,98,130,,,,
’†Ž],‚Ü‚ñ‚Ì‚¤’¬,51331659,98,130,,,,
’†Ž],‚Ü‚ñ‚Ì‚¤’¬,51331665,98,130,,,,
’†Ž],‚Ü‚ñ‚Ì‚¤’¬,51331666,98,130,,,,
’†Ž],‚Ü‚ñ‚Ì‚¤’¬,51331667,98,130,,,,
’†Ž],‚Ü‚ñ‚Ì‚¤’¬,51331668,98,130,,,,
’†Ž],‚Ü‚ñ‚Ì‚¤’¬,51331669,98,130,,,,
’†Ž],‚Ü‚ñ‚Ì‚¤’¬,51331675,98,130,,,,
’†Ž],‚Ü‚ñ‚Ì‚¤’¬,51331676,98,130,,,,
’†Ž],‚Ü‚ñ‚Ì‚¤’¬,51331677,98,130,,,,
’†Ž],‚Ü‚ñ‚Ì‚¤’¬,51331678,98,130,,,,
’†Ž],‚Ü‚ñ‚Ì‚¤’¬,51331679,98,130,,,,
’†Ž],‚Ü‚ñ‚Ì‚¤’¬,51331685,98,129,,,,
’†Ž],‚Ü‚ñ‚Ì‚¤’¬,51331686,98,129,,,,
’†Ž],‚Ü‚ñ‚Ì‚¤’¬,51331687,98,129,,,,
’†Ž],‚Ü‚ñ‚Ì‚¤’¬,51331688,98,129,,,,
’†Ž],‚Ü‚ñ‚Ì‚¤’¬,51331689,98,129,,,,
’†Ž],‚Ü‚ñ‚Ì‚¤’¬,51331694,88,117,,,,
’†Ž],‚Ü‚ñ‚Ì‚¤’¬,51331695,98,129,,,,
’†Ž],‚Ü‚ñ‚Ì‚¤’¬,51331696,98,129,,,,
’†Ž],‚Ü‚ñ‚Ì‚¤’¬,51331697,98,129,,,,
’†Ž],‚Ü‚ñ‚Ì‚¤’¬,51331698,98,129,,,,
’†Ž],‚Ü‚ñ‚Ì‚¤’¬,51331699,98,129,,,,
’†Ž],‚Ü‚ñ‚Ì‚¤’¬,51331706,105,139,,,,
’†Ž],‚Ü‚ñ‚Ì‚¤’¬,51331707,105,139,,,,
’†Ž],‚Ü‚ñ‚Ì‚¤’¬,51331708,105,139,,,,
’†Ž],‚Ü‚ñ‚Ì‚¤’¬,51331709,105,139,,,,
’†Ž],‚Ü‚ñ‚Ì‚¤’¬,51331716,105,139,,,,
’†Ž],‚Ü‚ñ‚Ì‚¤’¬,51331717,105,139,,,,
’†Ž],‚Ü‚ñ‚Ì‚¤’¬,51331718,105,139,,,,
’†Ž],‚Ü‚ñ‚Ì‚¤’¬,51331719,105,139,,,,
’†Ž],‚Ü‚ñ‚Ì‚¤’¬,51331720,98,130,,,,
’†Ž],‚Ü‚ñ‚Ì‚¤’¬,51331722,99,131,,,,
’†Ž],‚Ü‚ñ‚Ì‚¤’¬,51331725,111,147,,,,
’†Ž],‚Ü‚ñ‚Ì‚¤’¬,51331726,111,147,,,,
’†Ž],‚Ü‚ñ‚Ì‚¤’¬,51331727,111,147,,,,
’†Ž],‚Ü‚ñ‚Ì‚¤’¬,51331728,111,147,,,,
’†Ž],‚Ü‚ñ‚Ì‚¤’¬,51331729,111,147,,,,
’†Ž],‚Ü‚ñ‚Ì‚¤’¬,51331730,99,131,,,,
’†Ž],‚Ü‚ñ‚Ì‚¤’¬,51331731,99,131,,,,
’†Ž],‚Ü‚ñ‚Ì‚¤’¬,51331732,99,131,,,,
’†Ž],‚Ü‚ñ‚Ì‚¤’¬,51331733,99,131,,,,
’†Ž],‚Ü‚ñ‚Ì‚¤’¬,51331735,111,147,,,,
’†Ž],‚Ü‚ñ‚Ì‚¤’¬,51331736,111,147,,,,
’†Ž],‚Ü‚ñ‚Ì‚¤’¬,51331737,111,147,,,,
’†Ž],‚Ü‚ñ‚Ì‚¤’¬,51331738,111,147,,,,
’†Ž],‚Ü‚ñ‚Ì‚¤’¬,51331739,111,147,,,,
’†Ž],‚Ü‚ñ‚Ì‚¤’¬,51331740,99,131,,,,
’†Ž],‚Ü‚ñ‚Ì‚¤’¬,51331741,99,131,,,,
’†Ž],‚Ü‚ñ‚Ì‚¤’¬,51331742,99,131,,,,
’†Ž],‚Ü‚ñ‚Ì‚¤’¬,51331743,99,131,,,,
’†Ž],‚Ü‚ñ‚Ì‚¤’¬,51331744,99,131,,,,
’†Ž],‚Ü‚ñ‚Ì‚¤’¬,51331745,111,147,,,,
’†Ž],‚Ü‚ñ‚Ì‚¤’¬,51331746,111,147,,,,
’†Ž],‚Ü‚ñ‚Ì‚¤’¬,51331747,111,147,,,,
’†Ž],‚Ü‚ñ‚Ì‚¤’¬,51331748,111,147,,,,
’†Ž],‚Ü‚ñ‚Ì‚¤’¬,51331749,111,147,,,,
’†Ž],‚Ü‚ñ‚Ì‚¤’¬,51331750,99,131,,,,
’†Ž],‚Ü‚ñ‚Ì‚¤’¬,51331751,99,131,,,,
’†Ž],‚Ü‚ñ‚Ì‚¤’¬,51331752,99,131,,,,
’†Ž],‚Ü‚ñ‚Ì‚¤’¬,51331753,99,131,,,,
’†Ž],‚Ü‚ñ‚Ì‚¤’¬,51331754,99,131,,,,
’†Ž],‚Ü‚ñ‚Ì‚¤’¬,51331755,111,147,,,,
’†Ž],‚Ü‚ñ‚Ì‚¤’¬,51331756,111,147,,,,
’†Ž],‚Ü‚ñ‚Ì‚¤’¬,51331757,111,147,,,,
’†Ž],‚Ü‚ñ‚Ì‚¤’¬,51331758,111,147,,,,
’†Ž],‚Ü‚ñ‚Ì‚¤’¬,51331759,111,147,,,,
’†Ž],‚Ü‚ñ‚Ì‚¤’¬,51331760,99,131,,,,
’†Ž],‚Ü‚ñ‚Ì‚¤’¬,51331761,99,131,,,,
’†Ž],‚Ü‚ñ‚Ì‚¤’¬,51331762,99,131,,,,
’†Ž],‚Ü‚ñ‚Ì‚¤’¬,51331763,99,131,,,,
’†Ž],‚Ü‚ñ‚Ì‚¤’¬,51331764,99,131,,,,
’†Ž],‚Ü‚ñ‚Ì‚¤’¬,51331765,111,147,,,,
’†Ž],‚Ü‚ñ‚Ì‚¤’¬,51331766,111,147,,,,
’†Ž],‚Ü‚ñ‚Ì‚¤’¬,51331767,111,147,,,,
’†Ž],‚Ü‚ñ‚Ì‚¤’¬,51331768,111,147,,,,
’†Ž],‚Ü‚ñ‚Ì‚¤’¬,51331769,111,147,,,,
’†Ž],‚Ü‚ñ‚Ì‚¤’¬,51331770,99,131,,,,
’†Ž],‚Ü‚ñ‚Ì‚¤’¬,51331771,99,131,,,,
’†Ž],‚Ü‚ñ‚Ì‚¤’¬,51331772,99,131,,,,
’†Ž],‚Ü‚ñ‚Ì‚¤’¬,51331773,99,131,,,,
’†Ž],‚Ü‚ñ‚Ì‚¤’¬,51331774,99,131,,,,
’†Ž],‚Ü‚ñ‚Ì‚¤’¬,51331775,111,147,,,,
’†Ž],‚Ü‚ñ‚Ì‚¤’¬,51331776,111,147,,,,
’†Ž],‚Ü‚ñ‚Ì‚¤’¬,51331777,111,147,,,,
’†Ž],‚Ü‚ñ‚Ì‚¤’¬,51331778,111,147,,,,
’†Ž],‚Ü‚ñ‚Ì‚¤’¬,51331780,105,139,,,,
’†Ž],‚Ü‚ñ‚Ì‚¤’¬,51331781,105,139,,,,
’†Ž],‚Ü‚ñ‚Ì‚¤’¬,51331782,105,139,,,,
’†Ž],‚Ü‚ñ‚Ì‚¤’¬,51331783,105,139,,,,
’†Ž],‚Ü‚ñ‚Ì‚¤’¬,51331784,105,139,,,,
’†Ž],‚Ü‚ñ‚Ì‚¤’¬,51331785,114,150,,,,
’†Ž],‚Ü‚ñ‚Ì‚¤’¬,51331786,114,150,,,,
’†Ž],‚Ü‚ñ‚Ì‚¤’¬,51331787,114,150,,,,
’†Ž],‚Ü‚ñ‚Ì‚¤’¬,51331790,105,139,,,,
’†Ž],‚Ü‚ñ‚Ì‚¤’¬,51331791,105,139,,,,
’†Ž],‚Ü‚ñ‚Ì‚¤’¬,51331792,105,139,,,,
’†Ž],‚Ü‚ñ‚Ì‚¤’¬,51331793,105,139,,,,
’†Ž],‚Ü‚ñ‚Ì‚¤’¬,51331794,105,139,,,,
’†Ž],‚Ü‚ñ‚Ì‚¤’¬,51331795,114,150,,,,
’†Ž],‚Ü‚ñ‚Ì‚¤’¬,51332604,88,117,,,,
’†Ž],‚Ü‚ñ‚Ì‚¤’¬,51332605,98,129,,,,
’†Ž],‚Ü‚ñ‚Ì‚¤’¬,51332606,98,129,,,,
’†Ž],‚Ü‚ñ‚Ì‚¤’¬,51332607,98,129,,,,
’†Ž],‚Ü‚ñ‚Ì‚¤’¬,51332608,98,129,,,,
’†Ž],‚Ü‚ñ‚Ì‚¤’¬,51332609,98,129,,,,
’†Ž],‚Ü‚ñ‚Ì‚¤’¬,51332616,98,129,,,,
’†Ž],‚Ü‚ñ‚Ì‚¤’¬,51332617,98,129,,,,
’†Ž],‚Ü‚ñ‚Ì‚¤’¬,51332618,98,129,,,,
’†Ž],‚Ü‚ñ‚Ì‚¤’¬,51332619,98,129,,,,
’†Ž],‚Ü‚ñ‚Ì‚¤’¬,51332627,98,129,,,,
’†Ž],‚Ü‚ñ‚Ì‚¤’¬,51332628,98,129,,,,
’†Ž],‚Ü‚ñ‚Ì‚¤’¬,51332629,98,129,,,,
’†Ž],‚Ü‚ñ‚Ì‚¤’¬,51332636,98,129,,,,
’†Ž],‚Ü‚ñ‚Ì‚¤’¬,51332637,98,129,,,,
’†Ž],‚Ü‚ñ‚Ì‚¤’¬,51332638,98,129,,,,
’†Ž],‚Ü‚ñ‚Ì‚¤’¬,51332639,98,129,,,,
’†Ž],‚Ü‚ñ‚Ì‚¤’¬,51332646,101,134,,,,
’†Ž],‚Ü‚ñ‚Ì‚¤’¬,51332647,101,134,,,,
’†Ž],‚Ü‚ñ‚Ì‚¤’¬,51332656,101,134,,,,
’†Ž],‚Ü‚ñ‚Ì‚¤’¬,51332657,101,134,,,,
’†Ž],‚Ü‚ñ‚Ì‚¤’¬,51332665,101,134,,,,
’†Ž],‚Ü‚ñ‚Ì‚¤’¬,51332700,105,139,,,,
’†Ž],‚Ü‚ñ‚Ì‚¤’¬,51332701,105,139,,,,
’†Ž],‚Ü‚ñ‚Ì‚¤’¬,51332702,105,139,,,,
’†Ž],‚Ü‚ñ‚Ì‚¤’¬,51332703,105,139,,,,
’†Ž],‚Ü‚ñ‚Ì‚¤’¬,51332704,105,139,,,,
’†Ž],‚Ü‚ñ‚Ì‚¤’¬,51332705,114,150,,,,
’†Ž],‚Ü‚ñ‚Ì‚¤’¬,51332710,105,139,,,,
’†Ž],‚Ü‚ñ‚Ì‚¤’¬,51332711,105,139,,,,
’†Ž],‚Ü‚ñ‚Ì‚¤’¬,51332712,105,139,,,,
’†Ž],‚Ü‚ñ‚Ì‚¤’¬,51332713,105,139,,,,
’†Ž],‚Ü‚ñ‚Ì‚¤’¬,51332714,105,139,,,,
’†Ž],‚Ü‚ñ‚Ì‚¤’¬,51332720,105,139,,,,
’†Ž],‚Ü‚ñ‚Ì‚¤’¬,51332721,105,139,,,,
’†Ž],‚Ü‚ñ‚Ì‚¤’¬,51332722,105,139,,,,
’†Ž],‚Ü‚ñ‚Ì‚¤’¬,51332723,105,139,,,,
’†Ž],‚Ü‚ñ‚Ì‚¤’¬,51332730,105,139,,,,
’†Ž],‚Ü‚ñ‚Ì‚¤’¬,51332731,105,139,,,,
’†Ž],‚Ü‚ñ‚Ì‚¤’¬,51332732,105,139,,,,
’†Ž],‚Ü‚ñ‚Ì‚¤’¬,51332733,105,139,,,,
’†Ž],‚Ü‚ñ‚Ì‚¤’¬,51332740,103,136,,,,
’†Ž],‚Ü‚ñ‚Ì‚¤’¬,51332741,103,136,,,,
’†Ž],‚Ü‚ñ‚Ì‚¤’¬,51341000,115,152,,,,
’†Ž],‚Ü‚ñ‚Ì‚¤’¬,51341001,115,152,,,,
’†Ž],‚Ü‚ñ‚Ì‚¤’¬,51341010,115,152,,,,
’†Ž],‚Ü‚ñ‚Ì‚¤’¬,51341011,115,152,,,,
’†Ž],‚Ü‚ñ‚Ì‚¤’¬,51341020,128,169,,,,
’†Ž],‚Ü‚ñ‚Ì‚¤’¬,51341021,128,169,,,,
’†Ž],‚Ü‚ñ‚Ì‚¤’¬,51341022,128,169,,,,
’†Ž],‚Ü‚ñ‚Ì‚¤’¬,51341030,128,169,,,,
’†Ž],‚Ü‚ñ‚Ì‚¤’¬,51341031,128,169,,,,
’†Ž],‚Ü‚ñ‚Ì‚¤’¬,51341032,128,169,,,,
’†Ž],‚Ü‚ñ‚Ì‚¤’¬,51341033,128,169,,,,
’†Ž],‚Ü‚ñ‚Ì‚¤’¬,51341040,128,169,,,,
’†Ž],‚Ü‚ñ‚Ì‚¤’¬,51341041,128,169,,,,
’†Ž],‚Ü‚ñ‚Ì‚¤’¬,51341042,128,169,,,,
’†Ž],‚Ü‚ñ‚Ì‚¤’¬,51341043,128,169,,,,
’†Ž],‚Ü‚ñ‚Ì‚¤’¬,51341050,128,169,,,,
’†Ž],‚Ü‚ñ‚Ì‚¤’¬,51341051,128,169,,,,
’†Ž],‚Ü‚ñ‚Ì‚¤’¬,51341052,128,169,,,,
’†Ž],‚Ü‚ñ‚Ì‚¤’¬,51341060,128,169,,,,
’†Ž],‚Ü‚ñ‚Ì‚¤’¬,51341061,128,169,,,,
¼Ž],ŠÏ‰¹Ž›Žs,51330448,120,165,,,,
¼Ž],ŠÏ‰¹Ž›Žs,51330449,120,165,,,,
¼Ž],ŠÏ‰¹Ž›Žs,51330458,120,165,,,,
¼Ž],ŠÏ‰¹Ž›Žs,51330459,120,165,,,,
¼Ž],ŠÏ‰¹Ž›Žs,51330469,94,129,,,,
¼Ž],ŠÏ‰¹Ž›Žs,51330524,119,164,,,,
¼Ž],ŠÏ‰¹Ž›Žs,51330525,113,156,,,,
¼Ž],ŠÏ‰¹Ž›Žs,51330526,113,156,,,,
¼Ž],ŠÏ‰¹Ž›Žs,51330531,119,164,,,,
¼Ž],ŠÏ‰¹Ž›Žs,51330532,119,164,,,,
¼Ž],ŠÏ‰¹Ž›Žs,51330533,119,164,,,,
¼Ž],ŠÏ‰¹Ž›Žs,51330534,119,164,,,,
¼Ž],ŠÏ‰¹Ž›Žs,51330535,113,156,,,,
¼Ž],ŠÏ‰¹Ž›Žs,51330536,113,156,,,,
¼Ž],ŠÏ‰¹Ž›Žs,51330537,113,156,,,,
¼Ž],ŠÏ‰¹Ž›Žs,51330540,119,164,,,,
¼Ž],ŠÏ‰¹Ž›Žs,51330541,119,164,,,,
¼Ž],ŠÏ‰¹Ž›Žs,51330542,119,164,,,,
¼Ž],ŠÏ‰¹Ž›Žs,51330543,119,164,,,,
¼Ž],ŠÏ‰¹Ž›Žs,51330544,119,164,,,,
¼Ž],ŠÏ‰¹Ž›Žs,51330545,113,156,,,,
¼Ž],ŠÏ‰¹Ž›Žs,51330546,113,156,,,,
¼Ž],ŠÏ‰¹Ž›Žs,51330547,113,156,,,,
¼Ž],ŠÏ‰¹Ž›Žs,51330550,119,164,,,,
¼Ž],ŠÏ‰¹Ž›Žs,51330551,119,164,,,,
¼Ž],ŠÏ‰¹Ž›Žs,51330552,119,164,,,,
¼Ž],ŠÏ‰¹Ž›Žs,51330553,119,164,,,,
¼Ž],ŠÏ‰¹Ž›Žs,51330554,119,164,,,,
¼Ž],ŠÏ‰¹Ž›Žs,51330555,113,156,,,,
¼Ž],ŠÏ‰¹Ž›Žs,51330556,113,156,,,,
¼Ž],ŠÏ‰¹Ž›Žs,51330557,113,156,,,,
¼Ž],ŠÏ‰¹Ž›Žs,51330558,113,156,,,,
¼Ž],ŠÏ‰¹Ž›Žs,51330560,94,129,,,,
¼Ž],ŠÏ‰¹Ž›Žs,51330561,94,129,,,,
¼Ž],ŠÏ‰¹Ž›Žs,51330562,94,129,,,,
¼Ž],ŠÏ‰¹Ž›Žs,51330563,94,129,,,,
¼Ž],ŠÏ‰¹Ž›Žs,51330564,94,129,,,,
¼Ž],ŠÏ‰¹Ž›Žs,51330565,95,131,,,,
¼Ž],ŠÏ‰¹Ž›Žs,51330566,95,131,,,,
¼Ž],ŠÏ‰¹Ž›Žs,51330567,95,131,,,,
¼Ž],ŠÏ‰¹Ž›Žs,51330568,95,131,,,,
¼Ž],ŠÏ‰¹Ž›Žs,51330570,94,129,,,,
¼Ž],ŠÏ‰¹Ž›Žs,51330571,94,129,,,,
¼Ž],ŠÏ‰¹Ž›Žs,51330572,94,129,,,,
¼Ž],ŠÏ‰¹Ž›Žs,51330573,94,129,,,,
¼Ž],ŠÏ‰¹Ž›Žs,51330574,94,129,,,,
¼Ž],ŠÏ‰¹Ž›Žs,51330575,95,131,,,,
¼Ž],ŠÏ‰¹Ž›Žs,51330576,95,131,,,,
¼Ž],ŠÏ‰¹Ž›Žs,51330577,95,131,,,,
¼Ž],ŠÏ‰¹Ž›Žs,51330578,95,131,,,,
¼Ž],ŠÏ‰¹Ž›Žs,51330580,94,129,,,,
¼Ž],ŠÏ‰¹Ž›Žs,51330581,94,129,,,,
¼Ž],ŠÏ‰¹Ž›Žs,51330582,94,129,,,,
¼Ž],ŠÏ‰¹Ž›Žs,51330583,94,129,,,,
¼Ž],ŠÏ‰¹Ž›Žs,51330584,94,129,,,,
¼Ž],ŠÏ‰¹Ž›Žs,51330585,95,131,,,,
¼Ž],ŠÏ‰¹Ž›Žs,51330586,95,131,,,,
¼Ž],ŠÏ‰¹Ž›Žs,51330587,95,131,,,,
¼Ž],ŠÏ‰¹Ž›Žs,51330588,95,131,,,,
¼Ž],ŠÏ‰¹Ž›Žs,51330590,94,129,,,,
¼Ž],ŠÏ‰¹Ž›Žs,51330591,94,129,,,,
¼Ž],ŠÏ‰¹Ž›Žs,51330592,94,129,,,,
¼Ž],ŠÏ‰¹Ž›Žs,51330593,94,129,,,,
¼Ž],ŠÏ‰¹Ž›Žs,51330594,94,129,,,,
¼Ž],ŠÏ‰¹Ž›Žs,51330595,95,131,,,,
¼Ž],ŠÏ‰¹Ž›Žs,51330596,95,131,,,,
¼Ž],ŠÏ‰¹Ž›Žs,51330597,95,131,,,,
¼Ž],ŠÏ‰¹Ž›Žs,51330598,95,131,,,,
¼Ž],ŠÏ‰¹Ž›Žs,51331442,97,134,,,,
¼Ž],ŠÏ‰¹Ž›Žs,51331452,97,134,,,,
¼Ž],ŠÏ‰¹Ž›Žs,51331453,97,134,,,,
¼Ž],ŠÏ‰¹Ž›Žs,51331462,97,134,,,,
¼Ž],ŠÏ‰¹Ž›Žs,51331500,94,|,,,,
¼Ž],ŠÏ‰¹Ž›Žs,51331501,94,129,,,,
¼Ž],ŠÏ‰¹Ž›Žs,51331502,94,129,,,,
¼Ž],ŠÏ‰¹Ž›Žs,51331503,94,129,,,,
¼Ž],ŠÏ‰¹Ž›Žs,51331504,94,129,,,,
¼Ž],ŠÏ‰¹Ž›Žs,51331505,95,131,,,,
¼Ž],ŠÏ‰¹Ž›Žs,51331506,95,131,,,,
¼Ž],ŠÏ‰¹Ž›Žs,51331507,95,131,,,,
¼Ž],ŠÏ‰¹Ž›Žs,51331510,94,|,,,,
¼Ž],ŠÏ‰¹Ž›Žs,51331511,94,129,,,,
¼Ž],ŠÏ‰¹Ž›Žs,51331512,94,129,,,,
¼Ž],ŠÏ‰¹Ž›Žs,51331513,94,129,,,,
¼Ž],ŠÏ‰¹Ž›Žs,51331514,94,129,,,,
¼Ž],ŠÏ‰¹Ž›Žs,51331515,95,131,,,,
¼Ž],ŠÏ‰¹Ž›Žs,51331516,95,131,,,,
¼Ž],ŠÏ‰¹Ž›Žs,51331520,94,|,,,,
¼Ž],ŠÏ‰¹Ž›Žs,51331521,94,|,,,,
¼Ž],ŠÏ‰¹Ž›Žs,51331522,92,127,,,,
¼Ž],ŠÏ‰¹Ž›Žs,51331523,92,127,,,,
¼Ž],ŠÏ‰¹Ž›Žs,51331524,92,127,,,,
¼Ž],ŠÏ‰¹Ž›Žs,51331525,92,127,,,,
¼Ž],ŠÏ‰¹Ž›Žs,51331526,92,127,,,,
¼Ž],ŠÏ‰¹Ž›Žs,51331530,94,|,,,,
¼Ž],ŠÏ‰¹Ž›Žs,51331531,94,|,,,,
¼Ž],ŠÏ‰¹Ž›Žs,51331532,92,127,,,,
¼Ž],ŠÏ‰¹Ž›Žs,51331533,92,127,,,,
¼Ž],ŠÏ‰¹Ž›Žs,51331534,92,127,,,,
¼Ž],ŠÏ‰¹Ž›Žs,51331535,92,127,,,,
¼Ž],ŠÏ‰¹Ž›Žs,51331536,92,127,,,,
¼Ž],ŠÏ‰¹Ž›Žs,51331540,94,|,,,,
¼Ž],ŠÏ‰¹Ž›Žs,51331541,92,127,,,,
¼Ž],ŠÏ‰¹Ž›Žs,51331542,92,127,,,,
¼Ž],ŠÏ‰¹Ž›Žs,51331543,92,|,,,,
¼Ž],ŠÏ‰¹Ž›Žs,51331544,92,127,,,,
¼Ž],ŠÏ‰¹Ž›Žs,51331545,92,127,,,,
¼Ž],ŠÏ‰¹Ž›Žs,51331546,92,127,,,,
¼Ž],ŠÏ‰¹Ž›Žs,51331550,94,|,,,,
¼Ž],ŠÏ‰¹Ž›Žs,51331551,92,127,,,,
¼Ž],ŠÏ‰¹Ž›Žs,51331552,92,127,,,,
¼Ž],ŠÏ‰¹Ž›Žs,51331553,92,127,,,,
¼Ž],ŠÏ‰¹Ž›Žs,51331554,92,127,,,,
¼Ž],ŠÏ‰¹Ž›Žs,51331555,92,127,,,,
¼Ž],ŠÏ‰¹Ž›Žs,51331556,92,127,,,,
¼Ž],ŠÏ‰¹Ž›Žs,51331561,92,127,,,,
¼Ž],ŠÏ‰¹Ž›Žs,51331562,92,127,,,,
¼Ž],ŠÏ‰¹Ž›Žs,51331563,92,127,,,,
¼Ž],ŠÏ‰¹Ž›Žs,51331564,92,127,,,,
¼Ž],ŠÏ‰¹Ž›Žs,51331571,92,127,,,,
¼Ž],ŠÏ‰¹Ž›Žs,51331572,92,127,,,,
¼Ž],ŠÏ‰¹Ž›Žs,51331581,85,117,,,,
¼Ž],ŠÏ‰¹Ž›Žs,51331582,85,117,,,,
¼Ž],ŠÏ‰¹Ž›Žs,51331591,85,117,,,,
¼Ž],ŠÏ‰¹Ž›Žs,51331592,85,117,,,,
¼Ž],ŽO–LŽs,51330569,100,138,,,,
¼Ž],ŽO–LŽs,51330579,100,138,,,,
¼Ž],ŽO–LŽs,51330589,100,138,,,,
¼Ž],ŽO–LŽs,51330599,100,138,,,,
¼Ž],ŽO–LŽs,51330670,113,156,,,,
¼Ž],ŽO–LŽs,51330680,113,156,,,,
¼Ž],ŽO–LŽs,51330690,113,156,,,,
¼Ž],ŽO–LŽs,51330691,113,156,,,,
¼Ž],ŽO–LŽs,51330692,113,156,,,,
¼Ž],ŽO–LŽs,51330693,113,156,,,,
¼Ž],ŽO–LŽs,51330694,113,156,,,,
¼Ž],ŽO–LŽs,51330695,97,134,,,,
¼Ž],ŽO–LŽs,51331508,100,138,,,,
¼Ž],ŽO–LŽs,51331509,100,138,,,,
¼Ž],ŽO–LŽs,51331517,100,138,,,,
¼Ž],ŽO–LŽs,51331518,100,138,,,,
¼Ž],ŽO–LŽs,51331519,100,138,,,,
¼Ž],ŽO–LŽs,51331527,97,134,,,,
¼Ž],ŽO–LŽs,51331528,97,134,,,,
¼Ž],ŽO–LŽs,51331529,97,134,,,,
¼Ž],ŽO–LŽs,51331537,97,134,,,,
¼Ž],ŽO–LŽs,51331538,97,134,,,,
¼Ž],ŽO–LŽs,51331539,97,134,,,,
¼Ž],ŽO–LŽs,51331547,97,134,,,,
¼Ž],ŽO–LŽs,51331548,97,134,,,,
¼Ž],ŽO–LŽs,51331549,97,134,,,,
¼Ž],ŽO–LŽs,51331557,97,134,,,,
¼Ž],ŽO–LŽs,51331558,97,134,,,,
¼Ž],ŽO–LŽs,51331559,97,134,,,,
¼Ž],ŽO–LŽs,51331565,97,134,,,,
¼Ž],ŽO–LŽs,51331566,97,134,,,,
¼Ž],ŽO–LŽs,51331567,97,134,,,,
¼Ž],ŽO–LŽs,51331568,97,134,,,,
¼Ž],ŽO–LŽs,51331569,97,134,,,,
¼Ž],ŽO–LŽs,51331573,91,125,,,,
¼Ž],ŽO–LŽs,51331574,98,135,,,,
¼Ž],ŽO–LŽs,51331575,97,134,,,,
¼Ž],ŽO–LŽs,51331576,97,134,,,,
¼Ž],ŽO–LŽs,51331577,97,134,,,,
¼Ž],ŽO–LŽs,51331578,97,134,,,,
¼Ž],ŽO–LŽs,51331579,97,134,,,,
¼Ž],ŽO–LŽs,51331583,91,125,,,,
¼Ž],ŽO–LŽs,51331584,91,125,,,,
¼Ž],ŽO–LŽs,51331585,94,129,,,,
¼Ž],ŽO–LŽs,51331586,94,129,,,,
¼Ž],ŽO–LŽs,51331587,94,129,,,,
¼Ž],ŽO–LŽs,51331588,94,129,,,,
¼Ž],ŽO–LŽs,51331589,94,129,,,,
¼Ž],ŽO–LŽs,51331593,91,125,,,,
¼Ž],ŽO–LŽs,51331594,91,125,,,,
¼Ž],ŽO–LŽs,51331595,94,129,,,,
¼Ž],ŽO–LŽs,51331596,94,129,,,,
¼Ž],ŽO–LŽs,51331597,94,129,,,,
¼Ž],ŽO–LŽs,51331598,94,129,,,,
¼Ž],ŽO–LŽs,51331599,94,129,,,,
¼Ž],ŽO–LŽs,51331600,113,156,,,,
¼Ž],ŽO–LŽs,51331601,113,156,,,,
¼Ž],ŽO–LŽs,51331602,113,156,,,,
¼Ž],ŽO–LŽs,51331603,113,156,,,,
¼Ž],ŽO–LŽs,51331604,113,156,,,,
¼Ž],ŽO–LŽs,51331605,97,134,,,,
¼Ž],ŽO–LŽs,51331610,113,156,,,,
¼Ž],ŽO–LŽs,51331611,113,156,,,,
¼Ž],ŽO–LŽs,51331612,113,156,,,,
¼Ž],ŽO–LŽs,51331613,113,156,,,,
¼Ž],ŽO–LŽs,51331614,113,156,,,,
¼Ž],ŽO–LŽs,51331615,97,134,,,,
¼Ž],ŽO–LŽs,51331620,108,148,,,,
¼Ž],ŽO–LŽs,51331621,108,148,,,,
¼Ž],ŽO–LŽs,51331622,108,148,,,,
¼Ž],ŽO–LŽs,51331623,108,148,,,,
¼Ž],ŽO–LŽs,51331624,108,148,,,,
¼Ž],ŽO–LŽs,51331625,102,141,,,,
¼Ž],ŽO–LŽs,51331630,108,148,,,,
¼Ž],ŽO–LŽs,51331631,108,148,,,,
¼Ž],ŽO–LŽs,51331632,108,148,,,,
¼Ž],ŽO–LŽs,51331633,108,148,,,,
¼Ž],ŽO–LŽs,51331634,108,148,,,,
¼Ž],ŽO–LŽs,51331640,108,148,,,,
¼Ž],ŽO–LŽs,51331641,108,148,,,,
¼Ž],ŽO–LŽs,51331642,108,148,,,,
¼Ž],ŽO–LŽs,51331643,108,148,,,,
¼Ž],ŽO–LŽs,51331644,108,148,,,,
¼Ž],ŽO–LŽs,51331650,108,148,,,,
¼Ž],ŽO–LŽs,51331651,108,148,,,,
¼Ž],ŽO–LŽs,51331652,108,148,,,,
¼Ž],ŽO–LŽs,51331653,108,148,,,,
¼Ž],ŽO–LŽs,51331654,108,148,,,,
¼Ž],ŽO–LŽs,51331660,108,148,,,,
¼Ž],ŽO–LŽs,51331661,108,148,,,,
¼Ž],ŽO–LŽs,51331662,108,148,,,,
¼Ž],ŽO–LŽs,51331663,108,148,,,,
¼Ž],ŽO–LŽs,51331664,108,148,,,,
¼Ž],ŽO–LŽs,51331670,108,148,,,,
¼Ž],ŽO–LŽs,51331671,108,148,,,,
¼Ž],ŽO–LŽs,51331672,108,148,,,,
¼Ž],ŽO–LŽs,51331673,108,148,,,,
¼Ž],ŽO–LŽs,51331674,108,148,,,,
¼Ž],ŽO–LŽs,51331680,93,128,,,,
¼Ž],ŽO–LŽs,51331681,93,128,,,,
¼Ž],ŽO–LŽs,51331682,93,128,,,,
¼Ž],ŽO–LŽs,51331683,93,128,,,,
¼Ž],ŽO–LŽs,51331684,93,128,,,,
¼Ž],ŽO–LŽs,51331690,93,128,,,,
¼Ž],ŽO–LŽs,51331691,93,128,,,,
¼Ž],ŽO–LŽs,51331692,93,128,,,,
¼Ž],ŽO–LŽs,51331693,93,128,,,,
¼Ž],ŽO–LŽs,51332439,92,127,,,,
¼Ž],ŽO–LŽs,51332449,88,121,,,,
¼Ž],ŽO–LŽs,51332459,88,121,,,,
¼Ž],ŽO–LŽs,51332468,88,121,,,,
¼Ž],ŽO–LŽs,51332469,88,121,,,,
¼Ž],ŽO–LŽs,51332478,88,121,,,,
¼Ž],ŽO–LŽs,51332479,88,121,,,,
¼Ž],ŽO–LŽs,51332486,88,121,,,,
¼Ž],ŽO–LŽs,51332487,88,121,,,,
¼Ž],ŽO–LŽs,51332488,88,121,,,,
¼Ž],ŽO–LŽs,51332489,88,121,,,,
¼Ž],ŽO–LŽs,51332495,88,121,,,,
¼Ž],ŽO–LŽs,51332496,88,121,,,,
¼Ž],ŽO–LŽs,51332497,88,121,,,,
¼Ž],ŽO–LŽs,51332498,88,121,,,,
¼Ž],ŽO–LŽs,51332499,88,121,,,,
¼Ž],ŽO–LŽs,51332501,91,125,,,,
¼Ž],ŽO–LŽs,51332502,91,125,,,,
¼Ž],ŽO–LŽs,51332503,91,125,,,,
¼Ž],ŽO–LŽs,51332504,91,125,,,,
¼Ž],ŽO–LŽs,51332505,94,129,,,,
¼Ž],ŽO–LŽs,51332506,94,129,,,,
¼Ž],ŽO–LŽs,51332507,94,129,,,,
¼Ž],ŽO–LŽs,51332508,94,129,,,,
¼Ž],ŽO–LŽs,51332509,94,129,,,,
¼Ž],ŽO–LŽs,51332511,91,125,,,,
¼Ž],ŽO–LŽs,51332512,91,125,,,,
¼Ž],ŽO–LŽs,51332513,91,125,,,,
¼Ž],ŽO–LŽs,51332514,91,125,,,,
¼Ž],ŽO–LŽs,51332515,94,129,,,,
¼Ž],ŽO–LŽs,51332516,94,129,,,,
¼Ž],ŽO–LŽs,51332517,94,129,,,,
¼Ž],ŽO–LŽs,51332518,94,129,,,,
¼Ž],ŽO–LŽs,51332519,94,129,,,,
¼Ž],ŽO–LŽs,51332521,91,125,,,,
¼Ž],ŽO–LŽs,51332522,91,125,,,,
¼Ž],ŽO–LŽs,51332523,91,125,,,,
¼Ž],ŽO–LŽs,51332524,91,125,,,,
¼Ž],ŽO–LŽs,51332525,94,129,,,,
¼Ž],ŽO–LŽs,51332526,94,129,,,,
¼Ž],ŽO–LŽs,51332527,94,129,,,,
¼Ž],ŽO–LŽs,51332528,94,129,,,,
¼Ž],ŽO–LŽs,51332529,94,129,,,,
¼Ž],ŽO–LŽs,51332530,91,125,,,,
¼Ž],ŽO–LŽs,51332531,91,125,,,,
¼Ž],ŽO–LŽs,51332532,91,125,,,,
¼Ž],ŽO–LŽs,51332533,91,125,,,,
¼Ž],ŽO–LŽs,51332534,91,125,,,,
¼Ž],ŽO–LŽs,51332535,94,129,,,,
¼Ž],ŽO–LŽs,51332536,94,129,,,,
¼Ž],ŽO–LŽs,51332537,94,129,,,,
¼Ž],ŽO–LŽs,51332538,94,129,,,,
¼Ž],ŽO–LŽs,51332539,94,129,,,,
¼Ž],ŽO–LŽs,51332540,92,127,,,,
¼Ž],ŽO–LŽs,51332541,92,127,,,,
¼Ž],ŽO–LŽs,51332542,92,127,,,,
¼Ž],ŽO–LŽs,51332543,92,127,,,,
¼Ž],ŽO–LŽs,51332544,92,127,,,,
¼Ž],ŽO–LŽs,51332545,102,140,,,,
¼Ž],ŽO–LŽs,51332546,102,140,,,,
¼Ž],ŽO–LŽs,51332547,102,140,,,,
¼Ž],ŽO–LŽs,51332548,102,140,,,,
¼Ž],ŽO–LŽs,51332549,102,140,,,,
¼Ž],ŽO–LŽs,51332550,92,127,,,,
¼Ž],ŽO–LŽs,51332551,92,127,,,,
¼Ž],ŽO–LŽs,51332552,92,127,,,,
¼Ž],ŽO–LŽs,51332553,92,127,,,,
¼Ž],ŽO–LŽs,51332554,92,127,,,,
¼Ž],ŽO–LŽs,51332555,102,140,,,,
¼Ž],ŽO–LŽs,51332556,102,140,,,,
¼Ž],ŽO–LŽs,51332557,102,140,,,,
¼Ž],ŽO–LŽs,51332558,102,140,,,,
¼Ž],ŽO–LŽs,51332559,102,140,,,,
¼Ž],ŽO–LŽs,51332560,92,127,,,,
¼Ž],ŽO–LŽs,51332561,92,127,,,,
¼Ž],ŽO–LŽs,51332562,92,127,,,,
¼Ž],ŽO–LŽs,51332563,92,127,,,,
¼Ž],ŽO–LŽs,51332564,92,127,,,,
¼Ž],ŽO–LŽs,51332565,102,140,,,,
¼Ž],ŽO–LŽs,51332566,102,140,,,,
¼Ž],ŽO–LŽs,51332567,102,140,,,,
¼Ž],ŽO–LŽs,51332568,102,140,,,,
¼Ž],ŽO–LŽs,51332570,92,127,,,,
¼Ž],ŽO–LŽs,51332571,92,127,,,,
¼Ž],ŽO–LŽs,51332572,92,127,,,,
¼Ž],ŽO–LŽs,51332573,92,127,,,,
¼Ž],ŽO–LŽs,51332574,92,127,,,,
¼Ž],ŽO–LŽs,51332575,102,140,,,,
¼Ž],ŽO–LŽs,51332576,102,140,,,,
¼Ž],ŽO–LŽs,51332577,102,140,,,,
¼Ž],ŽO–LŽs,51332580,92,127,,,,
¼Ž],ŽO–LŽs,51332581,92,127,,,,
¼Ž],ŽO–LŽs,51332582,92,127,,,,
¼Ž],ŽO–LŽs,51332583,92,127,,,,
¼Ž],ŽO–LŽs,51332584,102,|,,,,
¼Ž],ŽO–LŽs,51332585,102,140,,,,
¼Ž],ŽO–LŽs,51332586,102,140,,,,
¼Ž],ŽO–LŽs,51332593,92,127,,,,
¼Ž],ŽO–LŽs,51332600,93,128,,,,
¼Ž],ŽO–LŽs,51332601,93,128,,,,
¼Ž],ŽO–LŽs,51332602,93,128,,,,
¼Ž],ŽO–LŽs,51332603,93,128,,,,
¼Ž],ŽO–LŽs,51332610,93,128,,,,
¼Ž],ŽO–LŽs,51332611,93,128,,,,
¼Ž],ŽO–LŽs,51332612,93,128,,,,
¼Ž],ŽO–LŽs,51332613,93,128,,,,
¼Ž],ŽO–LŽs,51332614,93,128,,,,
¼Ž],ŽO–LŽs,51332620,93,128,,,,
¼Ž],ŽO–LŽs,51332621,93,128,,,,
¼Ž],ŽO–LŽs,51332622,93,128,,,,
¼Ž],ŽO–LŽs,51332623,93,128,,,,
¼Ž],ŽO–LŽs,51332630,93,128,,,,
¼Ž],ŽO–LŽs,51332631,93,128,,,,
¼Ž],ŽO–LŽs,51332632,93,128,,,,
¼Ž],ŽO–LŽs,51333405,89,123,,,,
¼Ž],ŽO–LŽs,51333406,89,123,,,,
¼Ž],ŽO–LŽs,51333407,89,123,,,,
¼Ž],ŽO–LŽs,51333408,89,123,,,,
¼Ž],ŽO–LŽs,51333409,89,123,,,,
¼Ž],ŽO–LŽs,51333414,89,123,,,,
¼Ž],ŽO–LŽs,51333415,89,123,,,,
¼Ž],ŽO–LŽs,51333416,89,123,,,,
¼Ž],ŽO–LŽs,51333417,89,123,,,,
¼Ž],ŽO–LŽs,51333419,89,123,,,,
¼Ž],ŽO–LŽs,51333429,89,123,,,,
¼Ž],ŽO–LŽs,51333439,89,123,,,,
¼Ž],ŽO–LŽs,51333449,89,123,,,,
¼Ž],ŽO–LŽs,51333510,91,126,,,,
¼Ž],ŽO–LŽs,51333520,91,126,,,,
¼Ž],ŽO–LŽs,51333521,91,126,,,,
¼Ž],ŽO–LŽs,51333522,91,126,,,,
¼Ž],ŽO–LŽs,51333523,91,126,,,,
¼Ž],ŽO–LŽs,51333524,91,126,,,,
¼Ž],ŽO–LŽs,51333530,91,126,,,,
¼Ž],ŽO–LŽs,51333531,91,126,,,,
¼Ž],ŽO–LŽs,51333532,91,126,,,,
¼Ž],ŽO–LŽs,51333540,91,126,,,,
