iʓYjJxEӕ̓yJʎwl,,,,ߘa4N1124
s܂Ƃ߂n,s,n惁bVR[hiPkmiqΉj,yJʎwiӕj,yJʎwixj
k,ޗǎs,51356776,134,164
k,ޗǎs,51356777,134,164
k,ޗǎs,51356785,134,164
k,ޗǎs,51356786,134,164
k,ޗǎs,51356787,134,164
k,ޗǎs,51356795,134,164
k,ޗǎs,51356796,134,164
k,ޗǎs,51356797,134,164
k,ޗǎs,51357599,118,145
k,ޗǎs,51357648,103,126
k,ޗǎs,51357649,103,126
k,ޗǎs,51357658,103,126
k,ޗǎs,51357659,103,126
k,ޗǎs,51357666,103,126
k,ޗǎs,51357667,103,126
k,ޗǎs,51357668,103,126
k,ޗǎs,51357669,103,126
k,ޗǎs,51357675,103,126
k,ޗǎs,51357676,103,126
k,ޗǎs,51357677,103,126
k,ޗǎs,51357678,103,126
k,ޗǎs,51357679,103,126
k,ޗǎs,51357684,121,148
k,ޗǎs,51357685,109,134
k,ޗǎs,51357686,109,134
k,ޗǎs,51357687,109,134
k,ޗǎs,51357688,109,134
k,ޗǎs,51357689,109,134
k,ޗǎs,51357690,121,148
k,ޗǎs,51357691,121,148
k,ޗǎs,51357692,121,148
k,ޗǎs,51357693,121,148
k,ޗǎs,51357694,121,148
k,ޗǎs,51357695,109,134
k,ޗǎs,51357696,109,134
k,ޗǎs,51357697,109,134
k,ޗǎs,51357698,109,134
k,ޗǎs,51357699,109,134
k,ޗǎs,51357704,108,132
k,ޗǎs,51357705,134,164
k,ޗǎs,51357706,134,164
k,ޗǎs,51357707,134,164
k,ޗǎs,51357715,134,164
k,ޗǎs,51357716,134,164
k,ޗǎs,51357717,134,164
k,ޗǎs,51357725,118,145
k,ޗǎs,51357726,118,145
k,ޗǎs,51357727,118,145
k,ޗǎs,51357728,118,145
k,ޗǎs,51357730,100,123
k,ޗǎs,51357735,118,145
k,ޗǎs,51357736,118,145
k,ޗǎs,51357737,118,145
k,ޗǎs,51357738,118,145
k,ޗǎs,51357740,100,123
k,ޗǎs,51357746,118,145
k,ޗǎs,51357747,118,145
k,ޗǎs,51357748,118,145
k,ޗǎs,51357749,118,145
k,ޗǎs,51357750,100,123
k,ޗǎs,51357751,100,123
k,ޗǎs,51357756,118,145
k,ޗǎs,51357757,118,145
k,ޗǎs,51357758,118,145
k,ޗǎs,51357759,118,145
k,ޗǎs,51357760,100,123
k,ޗǎs,51357761,100,123
k,ޗǎs,51357762,100,123
k,ޗǎs,51357763,100,123
k,ޗǎs,51357765,118,145
k,ޗǎs,51357766,118,145
k,ޗǎs,51357767,118,145
k,ޗǎs,51357768,118,145
k,ޗǎs,51357769,118,145
k,ޗǎs,51357770,100,123
k,ޗǎs,51357771,100,123
k,ޗǎs,51357772,100,123
k,ޗǎs,51357773,100,123
k,ޗǎs,51357774,100,123
k,ޗǎs,51357775,118,145
k,ޗǎs,51357776,118,145
k,ޗǎs,51357777,118,145
k,ޗǎs,51357778,118,145
k,ޗǎs,51357779,118,145
k,ޗǎs,51357780,98,120
k,ޗǎs,51357781,98,120
k,ޗǎs,51357782,98,120
k,ޗǎs,51357783,98,120
k,ޗǎs,51357784,98,120
k,ޗǎs,51357785,100,122
k,ޗǎs,51357786,100,122
k,ޗǎs,51357787,100,122
k,ޗǎs,51357788,100,122
k,ޗǎs,51357790,98,120
k,ޗǎs,51357791,98,120
k,ޗǎs,51357792,98,120
k,ޗǎs,51357793,98,120
k,ޗǎs,51357794,98,120
k,ޗǎs,51357795,100,122
k,ޗǎs,51357796,100,122
k,ޗǎs,52350508,118,145
k,ޗǎs,52350509,118,145
k,ޗǎs,52350518,118,145
k,ޗǎs,52350519,118,145
k,ޗǎs,52350528,118,145
k,ޗǎs,52350529,118,145
k,ޗǎs,52350537,118,145
k,ޗǎs,52350538,118,145
k,ޗǎs,52350539,118,145
k,ޗǎs,52350547,123,151
k,ޗǎs,52350548,123,151
k,ޗǎs,52350549,123,151
k,ޗǎs,52350558,123,151
k,ޗǎs,52350559,123,151
k,ޗǎs,52350569,123,151
k,ޗǎs,52350600,121,148
k,ޗǎs,52350601,121,148
k,ޗǎs,52350602,121,148
k,ޗǎs,52350603,121,148
k,ޗǎs,52350604,121,148
k,ޗǎs,52350605,109,134
k,ޗǎs,52350606,109,134
k,ޗǎs,52350607,109,134
k,ޗǎs,52350608,109,134
k,ޗǎs,52350609,109,134
k,ޗǎs,52350610,121,148
k,ޗǎs,52350611,121,148
k,ޗǎs,52350612,121,148
k,ޗǎs,52350613,121,148
k,ޗǎs,52350614,121,148
k,ޗǎs,52350615,109,134
k,ޗǎs,52350616,109,134
k,ޗǎs,52350617,109,134
k,ޗǎs,52350618,109,134
k,ޗǎs,52350619,109,134
k,ޗǎs,52350620,121,148
k,ޗǎs,52350621,121,148
k,ޗǎs,52350622,121,148
k,ޗǎs,52350623,121,148
k,ޗǎs,52350624,121,148
k,ޗǎs,52350625,109,134
k,ޗǎs,52350626,109,134
k,ޗǎs,52350627,109,134
k,ޗǎs,52350628,109,134
k,ޗǎs,52350629,109,134
k,ޗǎs,52350630,121,148
k,ޗǎs,52350631,121,148
k,ޗǎs,52350632,121,148
k,ޗǎs,52350633,121,148
k,ޗǎs,52350634,121,148
k,ޗǎs,52350635,109,134
k,ޗǎs,52350636,109,134
k,ޗǎs,52350637,109,134
k,ޗǎs,52350638,109,134
k,ޗǎs,52350639,109,134
k,ޗǎs,52350640,110,135
k,ޗǎs,52350641,110,135
k,ޗǎs,52350642,110,135
k,ޗǎs,52350643,110,135
k,ޗǎs,52350644,110,135
k,ޗǎs,52350645,108,132
k,ޗǎs,52350646,108,132
k,ޗǎs,52350647,108,132
k,ޗǎs,52350648,108,132
k,ޗǎs,52350649,108,132
k,ޗǎs,52350650,110,135
k,ޗǎs,52350651,110,135
k,ޗǎs,52350652,110,135
k,ޗǎs,52350653,110,135
k,ޗǎs,52350654,110,135
k,ޗǎs,52350655,108,132
k,ޗǎs,52350656,108,132
k,ޗǎs,52350660,110,135
k,ޗǎs,52350661,110,135
k,ޗǎs,52350662,110,135
k,ޗǎs,52350663,110,135
k,ޗǎs,52350700,98,120
k,ޗǎs,52350701,98,120
k,ޗǎs,52350702,98,120
k,ޗǎs,52350703,98,120
k,ޗǎs,52350704,98,120
k,ޗǎs,52350705,100,122
k,ޗǎs,52350706,100,122
k,ޗǎs,52350710,98,120
k,ޗǎs,52350711,98,120
k,ޗǎs,52350712,98,120
k,ޗǎs,52350713,98,120
k,ޗǎs,52350714,98,120
k,ޗǎs,52350715,100,122
k,ޗǎs,52350720,98,120
k,ޗǎs,52350721,98,120
k,ޗǎs,52350722,98,120
k,ޗǎs,52350723,98,120
k,ޗǎs,52350724,98,120
k,ޗǎs,52350725,100,122
k,ޗǎs,52350726,100,122
k,ޗǎs,52350727,100,122
k,ޗǎs,52350729,100,122
k,ޗǎs,52350730,98,120
k,ޗǎs,52350731,98,120
k,ޗǎs,52350732,98,120
k,ޗǎs,52350733,98,120
k,ޗǎs,52350734,98,120
k,ޗǎs,52350735,100,122
k,ޗǎs,52350736,100,122
k,ޗǎs,52350737,100,122
k,ޗǎs,52350738,100,122
k,ޗǎs,52350739,100,122
k,ޗǎs,52350740,98,120
k,ޗǎs,52350741,98,120
k,ޗǎs,52350742,98,120
k,ޗǎs,52350743,98,120
k,ޗǎs,52350744,98,120
k,ޗǎs,52350745,109,134
k,ޗǎs,52350746,109,134
k,ޗǎs,52350747,109,134
k,ޗǎs,52350748,109,134
k,ޗǎs,52350749,109,134
k,ޗǎs,52350750,98,120
k,ޗǎs,52350751,98,120
k,ޗǎs,52350752,98,120
k,ޗǎs,52350753,98,120
k,ޗǎs,52350754,98,120
k,ޗǎs,52350755,109,134
k,ޗǎs,52350756,109,134
k,ޗǎs,52350757,109,134
k,ޗǎs,52350758,109,134
k,ޗǎs,52350759,109,134
k,ޗǎs,52350762,98,120
k,ޗǎs,52350763,98,120
k,ޗǎs,52350764,98,120
k,ޗǎs,52350765,109,134
k,ޗǎs,52350766,109,134
k,ޗǎs,52350767,109,134
k,ޗǎs,52350768,109,134
k,ޗǎs,52350772,98,120
k,ޗǎs,52350773,98,120
k,ޗǎs,52350774,98,120
k,ޗǎs,52350775,109,134
k,ޗǎs,52350776,109,134
k,ޗǎs,52350777,109,134
k,ޗǎs,52350778,109,134
k,ޗǎs,52350782,98,120
k,ޗǎs,52350783,98,120
k,ޗǎs,52350784,98,120
k,ޗǎs,52350785,109,134
k,ޗǎs,52350786,109,134
k,ޗǎs,52350787,109,134
k,ޗǎs,52350793,98,120
k,ޗǎs,52360020,102,125
k,ޗǎs,52360030,102,125
k,ޗǎs,52360031,102,125
k,ޗǎs,52360040,118,144
k,ޗǎs,52360041,118,144
k,ޗǎs,52360042,118,144
k,ޗǎs,52360043,118,144
k,ޗǎs,52360044,118,144
k,ޗǎs,52360050,118,144
k,ޗǎs,52360052,118,144
k,ޗǎs,52360053,118,144
k,ޗǎs,52360054,118,144
k,ޗǎs,52360063,118,144
k,ޗǎs,52360064,118,144
k,ޗǎs,52360073,118,144
k,ޗǎs,52360074,118,144
k,acs,51355599,136,|
k,acs,51355670,136,|
k,acs,51355680,136,|
k,acs,51355690,136,|
k,acs,51356508,136,|
k,acs,51356509,136,|
k,acs,51356518,136,|
k,acs,51356519,136,|
k,acs,51356527,136,|
k,acs,51356528,136,|
k,acs,51356529,136,|
k,acs,51356538,136,|
k,acs,51356539,136,|
k,acs,51356600,136,|
k,acs,51356610,136,|
k,acs,51356620,136,|
k,acs,51356630,136,|
k,aSRs,51357559,101,124
k,aSRs,51357568,101,124
k,aSRs,51357569,101,124
k,aSRs,51357578,101,124
k,aSRs,51357579,101,124
k,aSRs,51357588,118,145
k,aSRs,51357589,118,145
k,aSRs,51357598,118,145
k,aSRs,51357621,105,129
k,aSRs,51357622,105,129
k,aSRs,51357623,105,129
k,aSRs,51357631,105,129
k,aSRs,51357632,105,129
k,aSRs,51357633,105,129
k,aSRs,51357634,105,129
k,aSRs,51357640,105,129
k,aSRs,51357641,105,129
k,aSRs,51357642,105,129
k,aSRs,51357643,105,129
k,aSRs,51357644,105,129
k,aSRs,51357650,105,129
k,aSRs,51357651,105,129
k,aSRs,51357652,105,129
k,aSRs,51357653,105,129
k,aSRs,51357654,105,129
k,aSRs,51357655,103,126
k,aSRs,51357660,105,129
k,aSRs,51357661,105,129
k,aSRs,51357662,105,129
k,aSRs,51357663,105,129
k,aSRs,51357664,105,129
k,aSRs,51357665,103,126
k,aSRs,51357670,105,129
k,aSRs,51357671,105,129
k,aSRs,51357672,105,129
k,aSRs,51357673,105,129
k,aSRs,51357674,105,129
k,aSRs,51357680,121,148
k,aSRs,51357681,121,148
k,aSRs,51357682,121,148
k,aSRs,51357683,121,148
k,Vs,51356666,100,122
k,Vs,51356667,100,122
k,Vs,51356668,100,122
k,Vs,51356669,100,122
k,Vs,51356675,100,122
k,Vs,51356676,100,122
k,Vs,51356677,100,122
k,Vs,51356678,100,122
k,Vs,51356679,100,122
k,Vs,51356685,100,122
k,Vs,51356686,100,122
k,Vs,51356687,100,122
k,Vs,51356688,100,122
k,Vs,51356689,100,122
k,Vs,51356693,121,148
k,Vs,51356695,100,122
k,Vs,51356696,100,122
k,Vs,51356697,100,122
k,Vs,51356698,100,122
k,Vs,51356699,100,122
k,Vs,51356770,108,132
k,Vs,51356780,108,132
k,Vs,51356781,108,132
k,Vs,51356790,108,132
k,Vs,51356791,108,132
k,Vs,51357603,121,148
k,Vs,51357604,121,148
k,Vs,51357605,100,122
k,Vs,51357606,100,122
k,Vs,51357607,100,122
k,Vs,51357608,100,122
k,Vs,51357609,100,122
k,Vs,51357613,121,148
k,Vs,51357614,121,148
k,Vs,51357615,100,122
k,Vs,51357616,100,122
k,Vs,51357617,100,122
k,Vs,51357618,100,122
k,Vs,51357619,100,122
k,Vs,51357624,105,129
k,Vs,51357625,103,126
k,Vs,51357626,103,126
k,Vs,51357627,103,126
k,Vs,51357628,103,126
k,Vs,51357629,103,126
k,Vs,51357635,103,126
k,Vs,51357636,103,126
k,Vs,51357637,103,126
k,Vs,51357638,103,126
k,Vs,51357639,103,126
k,Vs,51357645,103,126
k,Vs,51357646,103,126
k,Vs,51357647,103,126
k,Vs,51357656,103,126
k,Vs,51357657,103,126
k,Vs,51357700,108,132
k,Vs,51357701,108,132
k,Vs,51357702,108,132
k,Vs,51357710,108,132
k,Vs,51357711,108,132
k,Vs,51357712,108,132
k,Vs,51357713,108,132
k,Vs,51357714,108,132
k,Vs,51357720,100,123
k,Vs,51357721,100,123
k,Vs,51357722,100,123
k,Vs,51357723,100,123
k,Vs,51357724,100,123
k,Vs,51357731,100,123
k,Vs,51357732,100,123
k,Vs,51357733,100,123
k,Vs,51357734,100,123
k,Vs,51357741,100,123
k,Vs,51357742,100,123
k,Vs,51357743,100,123
k,Vs,51357744,100,123
k,Vs,51357745,118,145
k,Vs,51357752,100,123
k,Vs,51357753,100,123
k,Vs,51357754,100,123
k,Vs,51357755,118,145
k,Vs,51357764,100,123
k,s,51355660,123,151
k,s,51355661,123,151
k,s,51355662,123,151
k,s,51355663,123,151
k,s,51355671,123,151
k,s,51355672,123,151
k,s,51355673,123,151
k,s,51355674,123,151
k,s,51355681,123,151
k,s,51355682,123,151
k,s,51355683,123,151
k,s,51355684,123,151
k,s,51355691,123,151
k,s,51355692,123,151
k,s,51355693,123,151
k,s,51355694,123,151
k,s,51355695,114,140
k,s,51356601,116,142
k,s,51356602,116,142
k,s,51356603,116,142
k,s,51356604,116,142
k,s,51356605,136,166
k,s,51356611,116,142
k,s,51356612,116,142
k,s,51356613,116,142
k,s,51356614,116,142
k,s,51356615,136,166
k,s,51356621,116,142
k,s,51356622,116,142
k,s,51356623,116,142
k,s,51356624,116,142
k,s,51356625,136,166
k,s,51356631,116,142
k,s,51356632,116,142
k,s,51356633,116,142
k,s,51356634,116,142
k,s,51356635,136,166
k,s,51355639,141,172
k,s,51355649,114,140
k,s,51355658,114,140
k,s,51355659,114,140
k,s,51355667,114,140
k,s,51355668,114,140
k,s,51355669,114,140
k,s,51355676,114,140
k,s,51355677,114,140
k,s,51355678,114,140
k,s,51355679,114,140
k,s,51355686,114,140
k,s,51355687,114,140
k,s,51355688,114,140
k,s,51355689,114,140
k,s,51355696,114,140
k,s,51355697,114,140
k,s,51355698,114,140
k,s,51355699,114,140
k,s,51355740,143,175
k,s,51355750,143,175
k,s,51355760,143,175
k,s,51355770,143,175
k,s,51355780,143,175
k,s,51355781,143,175
k,s,51355790,143,175
k,s,51355791,143,175
k,s,51356606,136,166
k,s,51356607,136,166
k,s,51356608,136,166
k,s,51356609,136,166
k,s,51356616,136,166
k,s,51356617,136,166
k,s,51356618,136,166
k,s,51356619,136,166
k,s,51356626,136,166
k,s,51356627,136,166
k,s,51356628,136,166
k,s,51356629,136,166
k,s,51356636,136,166
k,s,51356637,136,166
k,s,51356638,136,166
k,s,51356639,136,166
k,s,51356645,136,166
k,s,51356646,136,166
k,s,51356647,136,166
k,s,51356648,136,166
k,s,51356649,136,166
k,s,51356656,136,166
k,s,51356657,136,166
k,s,51356658,136,166
k,s,51356659,136,166
k,s,51356700,141,172
k,s,51356701,141,172
k,s,51356702,141,172
k,s,51356710,141,172
k,s,51356711,141,172
k,s,51356712,141,172
k,s,51356720,141,172
k,s,51356721,141,172
k,s,51356722,141,172
k,s,51356723,141,172
k,s,51356730,141,172
k,s,51356731,141,172
k,s,51356732,141,172
k,s,51356733,141,172
k,s,51356740,141,172
k,s,51356741,141,172
k,s,51356742,141,172
k,s,51356743,141,172
k,s,51356744,141,172
k,s,51356750,141,172
k,s,51356751,141,172
k,s,51356752,141,172
k,s,51356753,141,172
k,s,51356754,141,172
k,s,51356760,108,132
k,s,51356761,108,132
k,s,51356762,108,132
k,s,51356763,108,132
k,s,51356764,108,132
k,s,51356765,134,164
k,s,51356771,108,132
k,s,51356772,108,132
k,s,51356773,108,132
k,s,51356774,108,132
k,s,51356775,134,164
k,s,51356782,108,132
k,s,51356783,108,132
k,s,51356784,108,132
k,s,51356792,108,132
k,s,51356793,108,132
k,s,51356794,108,132
k,s,51357703,108,132
k,䏊s,51354568,113,139
k,䏊s,51354577,113,139
k,䏊s,51354578,113,139
k,䏊s,51354585,116,142
k,䏊s,51354586,116,142
k,䏊s,51354587,116,142
k,䏊s,51354588,116,142
k,䏊s,51354594,144,176
k,䏊s,51354595,116,142
k,䏊s,51354596,116,142
k,䏊s,51354597,116,142
k,䏊s,51354598,116,142
k,䏊s,51354599,116,142
k,䏊s,51355503,144,176
k,䏊s,51355504,144,176
k,䏊s,51355505,116,142
k,䏊s,51355506,116,142
k,䏊s,51355507,116,142
k,䏊s,51355508,116,142
k,䏊s,51355509,116,142
k,䏊s,51355514,144,176
k,䏊s,51355515,116,142
k,䏊s,51355516,116,142
k,䏊s,51355517,116,142
k,䏊s,51355518,116,142
k,䏊s,51355519,116,142
k,䏊s,51355524,144,176
k,䏊s,51355525,116,142
k,䏊s,51355526,116,142
k,䏊s,51355527,116,142
k,䏊s,51355528,116,142
k,䏊s,51355529,116,142
k,䏊s,51355535,116,142
k,䏊s,51355536,116,142
k,䏊s,51355537,116,142
k,䏊s,51355538,116,142
k,䏊s,51355539,116,142
k,䏊s,51355545,122,149
k,䏊s,51355546,122,149
k,䏊s,51355547,122,149
k,䏊s,51355548,122,149
k,䏊s,51355549,122,149
k,䏊s,51355555,122,149
k,䏊s,51355556,122,149
k,䏊s,51355557,122,149
k,䏊s,51355558,122,149
k,䏊s,51355559,122,149
k,䏊s,51355568,122,149
k,䏊s,51355569,122,149
k,䏊s,51355600,132,161
k,䏊s,51355610,132,161
k,䏊s,51355620,132,161
k,䏊s,51355630,132,161
k,䏊s,51355631,132,161
k,䏊s,51355640,123,151
k,䏊s,51355650,123,151
k,s,51357585,118,145
k,s,51357586,118,145
k,s,51357587,118,145
k,s,51357594,160,196
k,s,51357595,118,145
k,s,51357596,118,145
k,s,51357597,118,145
k,s,52350504,160,196
k,s,52350505,118,145
k,s,52350506,118,145
k,s,52350507,118,145
k,s,52350514,160,196
k,s,52350515,118,145
k,s,52350516,118,145
k,s,52350517,118,145
k,s,52350524,160,196
k,s,52350525,118,145
k,s,52350526,118,145
k,s,52350527,118,145
k,s,52350534,160,196
k,s,52350535,118,145
k,s,52350536,118,145
k,s,52350544,127,156
k,s,52350545,123,151
k,s,52350546,123,151
k,s,52350555,123,151
k,s,52350556,123,151
k,s,52350557,123,151
k,s,52350566,123,151
k,s,52350567,123,151
k,s,52350568,123,151
k,s,52350576,123,151
k,s,52350577,123,151
k,s,52350578,123,151
k,s,52350579,123,151
k,s,52350586,123,151
k,s,52350587,123,151
k,s,52350588,123,151
k,s,52350589,123,151
k,s,52350596,123,151
k,s,52350597,123,151
k,s,52350598,123,151
k,s,52350599,123,151
k,s,52350670,110,135
k,s,52351507,127,156
k,s,52351508,127,156
k,s,52351517,127,156
k,s,52351518,127,156
k,s,52351527,127,156
k,Ŏs,51356536,108,132
k,Ŏs,51356537,108,132
k,Ŏs,51356543,117,143
k,Ŏs,51356544,117,143
k,Ŏs,51356545,108,132
k,Ŏs,51356546,108,132
k,Ŏs,51356547,108,132
k,Ŏs,51356552,117,143
k,Ŏs,51356553,117,143
k,Ŏs,51356554,117,143
k,Ŏs,51356555,108,132
k,Ŏs,51356556,108,132
k,Ŏs,51356557,108,132
k,Ŏs,51356563,97,119
k,Ŏs,51356564,97,119
k,Ŏs,51356565,105,129
k,Ŏs,51356573,97,119
k,Ŏs,51356574,97,119
k,Ŏs,51356575,105,129
k,Ŏs,51356584,97,119
k,Ŏs,51356585,105,129
k,s,51355565,122,149
k,s,51355566,122,149
k,s,51355567,122,149
k,s,51355575,122,149
k,s,51355576,122,149
k,s,51355577,122,149
k,s,51355578,122,149
k,s,51355579,122,149
k,s,51355585,122,149
k,s,51355586,122,149
k,s,51355587,122,149
k,s,51355588,122,149
k,s,51355589,122,149
k,s,51355594,115,141
k,s,51355595,122,149
k,s,51355596,122,149
k,s,51355597,122,149
k,s,51355598,122,149
k,s,51356504,117,143
k,s,51356505,108,132
k,s,51356506,108,132
k,s,51356507,108,132
k,s,51356514,117,143
k,s,51356515,108,132
k,s,51356516,108,132
k,s,51356517,108,132
k,s,51356524,117,143
k,s,51356525,108,132
k,s,51356526,108,132
k,s,51356534,117,143
k,s,51356535,108,132
k,Q,51357533,97,119
k,Q,51357536,101,124
k,Q,51357543,97,119
k,Q,51357544,97,119
k,Q,51357545,101,124
k,Q,51357546,101,124
k,Q,51357553,97,119
k,Q,51357554,97,119
k,Q,51357555,101,124
k,Q,51357556,101,124
k,Q,51357557,101,124
k,Q,51357563,97,119
k,Q,51357564,97,119
k,Q,51357565,101,124
k,Q,51357566,101,124
k,Q,51357573,97,119
k,Q,51357574,97,119
k,Q,51357575,101,124
k,Q,51357576,101,124
k,Q,51357577,101,124
k,Q,51357583,160,196
k,Q,51357584,160,196
k,O,51357504,97,119
k,O,51357514,97,119
k,O,51357515,105,129
k,O,51357522,97,119
k,O,51357523,97,119
k,O,51357524,97,119
k,O,51357525,101,124
k,O,51357526,101,124
k,O,51357532,97,119
k,O,51357534,97,119
k,O,51357535,101,124
k,,51357517,105,129
k,,51357518,105,129
k,,51357527,101,124
k,,51357528,101,124
k,,51357529,101,124
k,,51357537,101,124
k,,51357538,101,124
k,,51357539,101,124
k,,51357547,101,124
k,,51357548,101,124
k,,51357549,101,124
k,,51357558,101,124
k,,51357567,101,124
k,g,51357519,136,|
k,g,51357610,136,|
k,g,51357620,136,|
k,g,51357630,136,|
k,쐼,51357600,136,|
k,쐼,51357601,136,|
k,쐼,51357602,136,|
k,쐼,51357611,136,|
k,쐼,51357612,136,|
k,O,51356681,136,|
k,O,51356682,136,|
k,O,51356690,136,|
k,O,51356691,136,|
k,O,51356692,136,|
k,c{,51356642,136,|
k,c{,51356643,136,|
k,c{,51356644,136,|
k,c{,51356651,136,|
k,c{,51356652,136,|
k,c{,51356653,136,|
k,c{,51356654,136,|
k,c{,51356655,136,|
k,c{,51356661,136,|
k,c{,51356662,136,|
k,c{,51356663,136,|
k,c{,51356664,136,|
k,c{,51356665,136,|
k,c{,51356671,136,|
k,c{,51356672,136,|
k,c{,51356673,136,|
k,c{,51356674,136,|
k,c{,51356683,136,|
k,c{,51356684,136,|
k,c{,51356694,136,|
k,撬,51355601,132,161
k,撬,51355602,132,161
k,撬,51355603,132,161
k,撬,51355605,141,172
k,撬,51355611,132,161
k,撬,51355612,132,161
k,撬,51355613,132,161
k,撬,51355614,132,161
k,撬,51355615,141,172
k,撬,51355616,141,172
k,撬,51355617,141,172
k,撬,51355621,132,161
k,撬,51355622,132,161
k,撬,51355623,132,161
k,撬,51355624,132,161
k,撬,51355625,141,172
k,撬,51355626,141,172
k,撬,51355632,132,161
k,撬,51355633,132,161
k,撬,51355641,123,151
k,撬,51355642,123,151
k,撬,51355643,123,151
k,撬,51355651,123,151
k,撬,51355652,123,151
k,,51355627,141,172
k,,51355628,141,172
k,,51355634,132,161
k,,51355635,141,172
k,,51355636,141,172
k,,51355637,141,172
k,,51355638,141,172
k,,51355644,123,151
k,,51355645,114,140
k,,51355646,114,140
k,,51355647,114,140
k,,51355648,114,140
k,,51355653,123,151
k,,51355654,123,151
k,,51355655,114,140
k,,51355656,114,140
k,,51355657,114,140
k,,51355664,123,151
k,,51355665,114,140
k,,51355666,114,140
k,,51355675,114,140
k,,51355685,114,140
k,q,51356566,105,129
k,q,51356567,105,129
k,q,51356576,105,129
k,q,51356577,105,129
k,q,51356586,105,129
k,q,51356587,105,129
k,q,51356597,105,129
k,,51356594,97,119
k,,51356595,105,129
k,,51356596,105,129
k,,51357505,105,129
k,,51357506,105,129
k,,51357516,105,129
k,L˒,51356548,136,|
k,L˒,51356549,136,|
k,L˒,51356558,136,|
k,L˒,51356559,136,|
k,L˒,51356568,136,|
k,L˒,51356569,136,|
k,L˒,51356579,136,|
k,L˒,51356589,136,|
k,L˒,51356640,136,|
k,L˒,51356641,136,|
k,L˒,51356650,136,|
k,L˒,51356660,136,|
k,L˒,51356670,136,|
k,L˒,51356680,136,|
k,͍,51356578,105,129
k,͍,51356588,105,129
k,͍,51356598,105,129
k,͍,51356599,105,129
k,͍,51357507,105,129
k,͍,51357508,105,129
k,͍,51357509,105,129
k,FɎs,51355724,129,172
k,FɎs,51355725,118,158
k,FɎs,51355726,118,158
k,FɎs,51355727,118,158
k,FɎs,51355733,129,172
k,FɎs,51355734,129,172
k,FɎs,51355735,118,158
k,FɎs,51355736,118,158
k,FɎs,51355737,118,158
k,FɎs,51355738,118,158
k,FɎs,51355739,118,158
k,FɎs,51355741,119,159
k,FɎs,51355742,119,159
k,FɎs,51355743,119,159
k,FɎs,51355744,119,159
k,FɎs,51355745,117,157
k,FɎs,51355746,117,157
k,FɎs,51355747,117,157
k,FɎs,51355748,117,157
k,FɎs,51355749,117,157
k,FɎs,51355751,119,159
k,FɎs,51355752,119,159
k,FɎs,51355753,119,159
k,FɎs,51355754,119,159
k,FɎs,51355755,117,157
k,FɎs,51355756,117,157
k,FɎs,51355757,117,157
k,FɎs,51355758,117,157
k,FɎs,51355759,117,157
k,FɎs,51355761,119,159
k,FɎs,51355762,119,159
k,FɎs,51355763,119,159
k,FɎs,51355764,119,159
k,FɎs,51355765,117,157
k,FɎs,51355766,117,157
k,FɎs,51355767,117,157
k,FɎs,51355768,117,157
k,FɎs,51355769,117,157
k,FɎs,51355771,119,159
k,FɎs,51355772,119,159
k,FɎs,51355773,119,159
k,FɎs,51355774,119,159
k,FɎs,51355775,117,157
k,FɎs,51355776,117,157
k,FɎs,51355777,117,157
k,FɎs,51355778,117,157
k,FɎs,51355779,117,157
k,FɎs,51355782,119,159
k,FɎs,51355783,119,159
k,FɎs,51355784,119,159
k,FɎs,51355785,117,157
k,FɎs,51355786,117,157
k,FɎs,51355787,117,157
k,FɎs,51355788,117,157
k,FɎs,51355789,117,157
k,FɎs,51355792,119,159
k,FɎs,51355793,119,159
k,FɎs,51355794,119,159
k,FɎs,51355795,117,157
k,FɎs,51355796,117,157
k,FɎs,51355797,117,157
k,FɎs,51355798,117,157
k,FɎs,51355799,117,157
k,FɎs,51356703,117,156
k,FɎs,51356704,117,156
k,FɎs,51356705,115,154
k,FɎs,51356706,115,154
k,FɎs,51356707,115,154
k,FɎs,51356708,115,154
k,FɎs,51356709,115,154
k,FɎs,51356713,117,156
k,FɎs,51356714,117,156
k,FɎs,51356715,115,154
k,FɎs,51356716,115,154
k,FɎs,51356717,115,154
k,FɎs,51356718,115,154
k,FɎs,51356719,115,154
k,FɎs,51356724,117,156
k,FɎs,51356725,115,154
k,FɎs,51356726,115,154
k,FɎs,51356727,115,154
k,FɎs,51356728,115,154
k,FɎs,51356729,115,154
k,FɎs,51356734,117,156
k,FɎs,51356735,115,154
k,FɎs,51356736,115,154
k,FɎs,51356737,115,154
k,FɎs,51356738,115,154
k,FɎs,51356739,115,154
k,FɎs,51356745,115,154
k,FɎs,51356746,115,154
k,FɎs,51356747,115,154
k,FɎs,51356748,115,154
k,FɎs,51356749,115,154
k,FɎs,51356755,115,154
k,FɎs,51356756,115,154
k,FɎs,51356757,115,154
k,FɎs,51356758,115,154
k,FɎs,51356759,115,154
k,FɎs,51356766,111,149
k,FɎs,51356767,111,149
k,FɎs,51356768,111,149
k,FɎs,51356769,111,149
k,FɎs,51356778,111,149
k,FɎs,51356779,111,149
k,FɎs,51356788,111,149
k,FɎs,51356789,111,149
k,FɎs,51356798,111,149
k,FɎs,51356799,111,149
k,FɎs,51357708,111,149
k,FɎs,51357709,111,149
k,FɎs,51357718,111,149
k,FɎs,51357719,111,149
k,FɎs,51357729,99,132
k,FɎs,51357739,99,132
k,FɎs,51365030,147,196
k,FɎs,51365040,121,162
k,FɎs,51365050,121,162
k,FɎs,51365051,121,162
k,FɎs,51365052,121,162
k,FɎs,51365060,121,162
k,FɎs,51365061,121,162
k,FɎs,51365062,121,162
k,FɎs,51365063,121,162
k,FɎs,51365070,121,162
k,FɎs,51365071,121,162
k,FɎs,51365072,121,162
k,FɎs,51365073,121,162
k,FɎs,51365074,121,162
k,FɎs,51365075,154,206
k,FɎs,51365080,121,162
k,FɎs,51365081,121,162
k,FɎs,51365082,121,162
k,FɎs,51365083,121,162
k,FɎs,51365084,121,162
k,FɎs,51365085,154,206
k,FɎs,51365090,121,162
k,FɎs,51365091,121,162
k,FɎs,51365092,121,162
k,FɎs,51365093,121,162
k,FɎs,51365094,121,162
k,FɎs,51365095,154,206
k,FɎs,51366000,119,159
k,FɎs,51366001,119,159
k,FɎs,51366002,119,159
k,FɎs,51366003,119,159
k,FɎs,51366004,119,159
k,FɎs,51366005,143,191
k,FɎs,51366006,143,191
k,FɎs,51366010,119,159
k,FɎs,51366011,119,159
k,FɎs,51366012,119,159
k,FɎs,51366013,119,159
k,FɎs,51366014,119,159
k,FɎs,51366015,143,191
k,FɎs,51366016,143,191
k,FɎs,51366020,119,159
k,FɎs,51366021,119,159
k,FɎs,51366022,119,159
k,FɎs,51366023,119,159
k,FɎs,51366024,119,159
k,FɎs,51366025,143,191
k,FɎs,51366026,143,191
k,FɎs,51366030,119,159
k,FɎs,51366031,119,159
k,FɎs,51366032,119,159
k,FɎs,51366033,119,159
k,FɎs,51366034,119,159
k,FɎs,51366035,143,191
k,FɎs,51366036,143,191
k,FɎs,51366037,143,191
k,FɎs,51366040,119,159
k,FɎs,51366041,119,159
k,FɎs,51366042,119,159
k,FɎs,51366043,119,159
k,FɎs,51366044,119,159
k,FɎs,51366045,143,191
k,FɎs,51366046,143,191
k,FɎs,51366047,143,191
k,FɎs,51366050,119,159
k,FɎs,51366051,119,159
k,FɎs,51366052,119,159
k,FɎs,51366053,119,159
k,FɎs,51366054,119,159
k,FɎs,51366055,143,191
k,FɎs,51366056,143,191
k,FɎs,51366057,143,191
k,FɎs,51366060,106,142
k,FɎs,51366061,106,142
k,FɎs,51366062,106,142
k,FɎs,51366063,106,142
k,FɎs,51366064,106,142
k,FɎs,51366065,121,162
k,FɎs,51366066,121,162
k,FɎs,51366067,121,162
k,FɎs,51366068,121,162
k,FɎs,51366070,106,142
k,FɎs,51366071,106,142
k,FɎs,51366072,106,142
k,FɎs,51366073,106,142
k,FɎs,51366074,106,142
k,FɎs,51366075,121,162
k,FɎs,51366080,106,142
k,FɎs,51366081,106,142
k,FɎs,51366082,106,142
k,FɎs,51366083,106,142
k,FɎs,51366084,106,142
k,FɎs,51366090,106,142
k,FɎs,51366091,106,142
k,FɎs,51366092,106,142
k,FɎs,51366093,106,142
k,FɎs,51367000,106,142
k,FɎs,51367001,106,142
k,FɎs,51367002,106,142
k,FɎs,51367003,106,142
k,FɎs,51367010,106,142
k,FɎs,51367011,106,142
k,FɎs,51367012,106,142
k,FɎs,51367013,106,142
k,FɎs,51367020,96,129
k,FɎs,51367021,96,129
k,FɎs,51367022,96,129
k,FɎs,51367023,96,129
k,FɎs,51367030,96,129
k,FɎs,51367031,96,129
k,FɎs,51367032,96,129
k,FɎs,51367033,96,129
k,FɎs,51367034,96,129
k,FɎs,51367040,96,129
k,FɎs,51367041,96,129
k,FɎs,51367042,96,129
k,FɎs,51367043,96,129
k,FɎs,51367044,96,129
k,FɎs,51367051,96,129
k,FɎs,51367052,96,129
k,RY,51357789,83,111
k,RY,51357797,83,111
k,RY,51357798,83,111
k,RY,51357799,83,111
k,RY,51367050,96,129
k,RY,51367053,96,129
k,RY,51367054,96,129
k,RY,51367055,111,148
k,RY,51367060,96,129
k,RY,51367061,96,129
k,RY,51367062,96,129
k,RY,51367063,96,129
k,RY,51367064,96,129
k,RY,51367065,111,148
k,RY,51367070,96,129
k,RY,51367071,96,129
k,RY,51367072,96,129
k,RY,51367073,96,129
k,RY,51367074,96,129
k,RY,51367080,85,114
k,RY,51367081,85,114
k,RY,51367082,85,114
k,RY,51367083,85,114
k,RY,51367084,85,114
k,RY,51367090,85,114
k,RY,51367091,85,114
k,RY,51367092,85,114
k,RY,51367093,85,114
k,RY,51367094,85,114
k,RY,51367095,107,143
k,RY,52350707,83,111
k,RY,52350708,83,111
k,RY,52350709,83,111
k,RY,52350716,83,111
k,RY,52350717,83,111
k,RY,52350718,83,111
k,RY,52350719,83,111
k,RY,52350728,83,111
k,RY,52360000,85,114
k,RY,52360001,85,114
k,RY,52360002,85,114
k,RY,52360003,85,114
k,RY,52360004,85,114
k,RY,52360005,107,143
k,RY,52360006,107,143
k,RY,52360010,85,114
k,RY,52360011,85,114
k,RY,52360012,85,114
k,RY,52360013,85,114
k,RY,52360014,85,114
k,RY,52360015,107,143
k,RY,52360016,107,143
k,RY,52360021,85,114
k,RY,52360022,85,114
k,RY,52360023,85,114
k,RY,52360024,85,114
k,RY,52360025,107,143
k,RY,52360032,85,114
k,RY,52360033,85,114
k,RY,52360034,85,114
k,RY,52360035,107,143
ܞEkg,ܞsk,51352588,121,162
ܞEkg,ܞsk,51352589,121,162
ܞEkg,ܞsk,51352598,121,162
ܞEkg,ܞsk,51352599,121,162
ܞEkg,ܞsk,51352680,139,186
ܞEkg,ܞsk,51352683,139,186
ܞEkg,ܞsk,51352684,139,186
ܞEkg,ܞsk,51352690,139,186
ܞEkg,ܞsk,51352691,139,186
ܞEkg,ܞsk,51352692,139,186
ܞEkg,ܞsk,51352693,139,186
ܞEkg,ܞsk,51352694,139,186
ܞEkg,ܞsk,51352695,150,200
ܞEkg,ܞsk,51353508,120,160
ܞEkg,ܞsk,51353509,120,160
ܞEkg,ܞsk,51353517,120,160
ܞEkg,ܞsk,51353518,120,160
ܞEkg,ܞsk,51353519,120,160
ܞEkg,ܞsk,51353527,120,160
ܞEkg,ܞsk,51353528,120,160
ܞEkg,ܞsk,51353529,120,160
ܞEkg,ܞsk,51353534,105,140
ܞEkg,ܞsk,51353535,120,160
ܞEkg,ܞsk,51353536,120,160
ܞEkg,ܞsk,51353537,120,160
ܞEkg,ܞsk,51353538,120,160
ܞEkg,ܞsk,51353539,120,160
ܞEkg,ܞsk,51353544,105,140
ܞEkg,ܞsk,51353545,120,160
ܞEkg,ܞsk,51353546,120,160
ܞEkg,ܞsk,51353547,120,160
ܞEkg,ܞsk,51353548,120,160
ܞEkg,ܞsk,51353549,120,160
ܞEkg,ܞsk,51353554,105,140
ܞEkg,ܞsk,51353555,120,160
ܞEkg,ܞsk,51353556,120,160
ܞEkg,ܞsk,51353557,120,160
ܞEkg,ܞsk,51353558,120,160
ܞEkg,ܞsk,51353559,120,160
ܞEkg,ܞsk,51353563,103,138
ܞEkg,ܞsk,51353564,103,138
ܞEkg,ܞsk,51353565,99,133
ܞEkg,ܞsk,51353566,99,133
ܞEkg,ܞsk,51353567,99,133
ܞEkg,ܞsk,51353568,99,133
ܞEkg,ܞsk,51353569,99,133
ܞEkg,ܞsk,51353573,103,138
ܞEkg,ܞsk,51353574,103,138
ܞEkg,ܞsk,51353575,99,133
ܞEkg,ܞsk,51353576,99,133
ܞEkg,ܞsk,51353577,99,133
ܞEkg,ܞsk,51353578,99,133
ܞEkg,ܞsk,51353579,99,133
ܞEkg,ܞsk,51353583,103,138
ܞEkg,ܞsk,51353584,103,138
ܞEkg,ܞsk,51353585,99,133
ܞEkg,ܞsk,51353586,99,133
ܞEkg,ܞsk,51353587,99,133
ܞEkg,ܞsk,51353588,99,133
ܞEkg,ܞsk,51353589,99,133
ܞEkg,ܞsk,51353593,103,138
ܞEkg,ܞsk,51353594,103,138
ܞEkg,ܞsk,51353595,99,133
ܞEkg,ܞsk,51353596,99,133
ܞEkg,ܞsk,51353597,99,133
ܞEkg,ܞsk,51353598,99,133
ܞEkg,ܞsk,51353599,99,133
ܞEkg,ܞsk,51353600,113,151
ܞEkg,ܞsk,51353601,113,151
ܞEkg,ܞsk,51353602,113,151
ܞEkg,ܞsk,51353603,113,151
ܞEkg,ܞsk,51353604,113,151
ܞEkg,ܞsk,51353605,132,176
ܞEkg,ܞsk,51353610,113,151
ܞEkg,ܞsk,51353611,113,151
ܞEkg,ܞsk,51353612,113,151
ܞEkg,ܞsk,51353613,113,151
ܞEkg,ܞsk,51353614,113,151
ܞEkg,ܞsk,51353615,132,176
ܞEkg,ܞsk,51353616,132,176
ܞEkg,ܞsk,51353620,113,151
ܞEkg,ܞsk,51353621,113,151
ܞEkg,ܞsk,51353622,113,151
ܞEkg,ܞsk,51353623,113,151
ܞEkg,ܞsk,51353624,113,151
ܞEkg,ܞsk,51353625,132,176
ܞEkg,ܞsk,51353626,132,176
ܞEkg,ܞsk,51353630,113,151
ܞEkg,ܞsk,51353631,113,151
ܞEkg,ܞsk,51353632,113,151
ܞEkg,ܞsk,51353633,113,151
ܞEkg,ܞsk,51353634,113,151
ܞEkg,ܞsk,51353635,132,176
ܞEkg,ܞsk,51353640,113,151
ܞEkg,ܞsk,51353641,113,151
ܞEkg,ܞsk,51353650,113,151
ܞEkg,ܞsk,51353651,113,151
ܞEkg,ܞsk,51353660,103,138
ܞEkg,ܞsk,51353661,103,138
ܞEkg,ܞsk,51353670,103,138
ܞEkg,ܞsk,51353671,103,138
ܞEkg,ܞsk,51353680,103,138
ܞEkg,ܞsk,51353681,103,138
ܞEkg,ܞsk,51353690,103,138
ܞEkg,ܞsk,51353691,103,138
ܞEkg,ܞsk,51354503,103,138
ܞEkg,ܞsk,51354504,103,138
ܞEkg,ܞsk,51354505,99,133
ܞEkg,ܞsk,51354506,99,133
ܞEkg,ܞsk,51354507,99,133
ܞEkg,ܞsk,51354508,99,133
ܞEkg,ܞsk,51354509,99,133
ܞEkg,ܞsk,51354513,103,138
ܞEkg,ܞsk,51354514,103,138
ܞEkg,ܞsk,51354515,99,133
ܞEkg,ܞsk,51354516,99,133
ܞEkg,ܞsk,51354517,99,133
ܞEkg,ܞsk,51354518,99,133
ܞEkg,ܞsk,51354519,99,133
ܞEkg,ܞsk,51354523,98,131
ܞEkg,ܞsk,51354524,98,131
ܞEkg,ܞsk,51354525,95,127
ܞEkg,ܞsk,51354526,95,127
ܞEkg,ܞsk,51354527,95,127
ܞEkg,ܞsk,51354528,95,127
ܞEkg,ܞsk,51354529,95,127
ܞEkg,ܞsk,51354533,98,131
ܞEkg,ܞsk,51354534,98,131
ܞEkg,ܞsk,51354535,95,127
ܞEkg,ܞsk,51354536,95,127
ܞEkg,ܞsk,51354537,95,127
ܞEkg,ܞsk,51354538,95,127
ܞEkg,ܞsk,51354539,95,127
ܞEkg,ܞsk,51354542,98,131
ܞEkg,ܞsk,51354543,98,131
ܞEkg,ܞsk,51354544,98,131
ܞEkg,ܞsk,51354545,95,127
ܞEkg,ܞsk,51354546,95,127
ܞEkg,ܞsk,51354547,95,127
ܞEkg,ܞsk,51354548,95,127
ܞEkg,ܞsk,51354549,95,127
ܞEkg,ܞsk,51354552,98,131
ܞEkg,ܞsk,51354553,98,131
ܞEkg,ܞsk,51354554,98,131
ܞEkg,ܞsk,51354555,95,127
ܞEkg,ܞsk,51354556,95,127
ܞEkg,ܞsk,51354557,95,127
ܞEkg,ܞsk,51354558,95,127
ܞEkg,ܞsk,51354559,95,127
ܞEkg,ܞsk,51354563,98,131
ܞEkg,ܞsk,51354564,98,131
ܞEkg,ܞsk,51354565,95,127
ܞEkg,ܞsk,51354566,95,127
ܞEkg,ܞsk,51354567,95,127
ܞEkg,ܞsk,51354569,95,127
ܞEkg,ܞsk,51354573,98,131
ܞEkg,ܞsk,51354574,98,131
ܞEkg,ܞsk,51354575,95,127
ܞEkg,ܞsk,51354576,95,127
ܞEkg,ܞsk,51354584,120,160
ܞEkg,ܞsk,51354600,103,138
ܞEkg,ܞsk,51354601,103,138
ܞEkg,ܞsk,51354610,103,138
ܞEkg,ܞsk,51354611,103,138
ܞEkg,ܞsk,51354620,97,130
ܞEkg,ܞsk,51354621,97,130
ܞEkg,ܞsk,51354630,97,130
ܞEkg,ܞsk,51354631,97,130
ܞEkg,ܞsk,51354640,97,130
ܞEkg,ܞsk,51354641,97,130
ܞEkg,ܞsk,51354650,97,130
ܞEkg,g쒬,51354619,130,174
ܞEkg,g쒬,51354629,105,140
ܞEkg,g쒬,51354637,105,140
ܞEkg,g쒬,51354638,105,140
ܞEkg,g쒬,51354639,105,140
ܞEkg,g쒬,51354646,105,140
ܞEkg,g쒬,51354647,105,140
ܞEkg,g쒬,51354648,105,140
ܞEkg,g쒬,51354649,105,140
ܞEkg,g쒬,51354656,105,140
ܞEkg,g쒬,51354657,105,140
ܞEkg,g쒬,51354658,105,140
ܞEkg,g쒬,51354659,105,140
ܞEkg,g쒬,51354666,105,140
ܞEkg,g쒬,51354667,105,140
ܞEkg,g쒬,51354668,105,140
ܞEkg,g쒬,51354669,105,140
ܞEkg,g쒬,51354677,105,140
ܞEkg,g쒬,51354678,105,140
ܞEkg,g쒬,51354679,105,140
ܞEkg,g쒬,51354689,117,157
ܞEkg,g쒬,51354699,117,157
ܞEkg,g쒬,51354700,156,209
ܞEkg,g쒬,51354710,156,209
ܞEkg,g쒬,51354720,120,161
ܞEkg,g쒬,51354721,120,161
ܞEkg,g쒬,51354730,120,161
ܞEkg,g쒬,51354731,120,161
ܞEkg,g쒬,51354732,120,161
ܞEkg,g쒬,51354740,120,161
ܞEkg,g쒬,51354741,120,161
ܞEkg,g쒬,51354742,120,161
ܞEkg,g쒬,51354743,120,161
ܞEkg,g쒬,51354750,120,161
ܞEkg,g쒬,51354751,120,161
ܞEkg,g쒬,51354752,120,161
ܞEkg,g쒬,51354753,120,161
ܞEkg,g쒬,51354754,120,161
ܞEkg,g쒬,51354760,120,161
ܞEkg,g쒬,51354761,120,161
ܞEkg,g쒬,51354762,120,161
ܞEkg,g쒬,51354763,120,161
ܞEkg,g쒬,51354764,120,161
ܞEkg,g쒬,51354770,120,161
ܞEkg,g쒬,51354771,120,161
ܞEkg,g쒬,51354772,120,161
ܞEkg,g쒬,51354773,120,161
ܞEkg,g쒬,51354774,120,161
ܞEkg,g쒬,51354780,129,172
ܞEkg,g쒬,51354781,129,172
ܞEkg,g쒬,51354782,129,172
ܞEkg,g쒬,51354783,129,172
ܞEkg,g쒬,51354784,129,172
ܞEkg,g쒬,51354785,118,158
ܞEkg,g쒬,51354790,129,172
ܞEkg,g쒬,51354791,129,172
ܞEkg,g쒬,51354792,129,172
ܞEkg,g쒬,51354793,129,172
ܞEkg,g쒬,51354794,129,172
ܞEkg,g쒬,51354795,118,158
ܞEkg,g쒬,51354796,118,158
ܞEkg,g쒬,51355608,117,157
ܞEkg,g쒬,51355609,117,157
ܞEkg,g쒬,51355618,117,157
ܞEkg,g쒬,51355619,117,157
ܞEkg,g쒬,51355629,117,157
ܞEkg,g쒬,51355700,129,172
ܞEkg,g쒬,51355701,129,172
ܞEkg,g쒬,51355702,129,172
ܞEkg,g쒬,51355703,129,172
ܞEkg,g쒬,51355704,129,172
ܞEkg,g쒬,51355705,118,158
ܞEkg,g쒬,51355706,118,158
ܞEkg,g쒬,51355710,129,172
ܞEkg,g쒬,51355711,129,172
ܞEkg,g쒬,51355712,129,172
ܞEkg,g쒬,51355713,129,172
ܞEkg,g쒬,51355714,129,172
ܞEkg,g쒬,51355715,118,158
ܞEkg,g쒬,51355716,118,158
ܞEkg,g쒬,51355717,118,158
ܞEkg,g쒬,51355720,129,172
ܞEkg,g쒬,51355721,129,172
ܞEkg,g쒬,51355722,129,172
ܞEkg,g쒬,51355723,129,172
ܞEkg,g쒬,51355730,129,172
ܞEkg,g쒬,51355731,129,172
ܞEkg,g쒬,51355732,129,172
ܞEkg,嗄,51354579,95,127
ܞEkg,嗄,51354589,96,129
ܞEkg,嗄,51354651,97,130
ܞEkg,嗄,51354660,97,130
ܞEkg,嗄,51354661,97,130
ܞEkg,嗄,51354662,97,130
ܞEkg,嗄,51354663,97,130
ܞEkg,嗄,51354664,97,130
ܞEkg,嗄,51354665,105,140
ܞEkg,嗄,51354670,97,130
ܞEkg,嗄,51354671,97,130
ܞEkg,嗄,51354672,97,130
ܞEkg,嗄,51354673,97,130
ܞEkg,嗄,51354674,97,130
ܞEkg,嗄,51354675,105,140
ܞEkg,嗄,51354676,105,140
ܞEkg,嗄,51354680,110,147
ܞEkg,嗄,51354681,110,147
ܞEkg,嗄,51354682,110,147
ܞEkg,嗄,51354683,110,147
ܞEkg,嗄,51354684,110,147
ܞEkg,嗄,51354685,117,157
ܞEkg,嗄,51354686,117,157
ܞEkg,嗄,51354687,117,157
ܞEkg,嗄,51354688,117,157
ܞEkg,嗄,51354690,110,147
ܞEkg,嗄,51354691,110,147
ܞEkg,嗄,51354692,110,147
ܞEkg,嗄,51354693,110,147
ܞEkg,嗄,51354694,110,147
ܞEkg,嗄,51354695,117,157
ܞEkg,嗄,51354696,117,157
ܞEkg,嗄,51354697,117,157
ܞEkg,嗄,51354698,117,157
ܞEkg,嗄,51355604,110,147
ܞEkg,嗄,51355606,117,157
ܞEkg,嗄,51355607,117,157
ܞEkg,s,51353642,113,151
ܞEkg,s,51353643,113,151
ܞEkg,s,51353644,113,151
ܞEkg,s,51353645,132,176
ܞEkg,s,51353652,113,151
ܞEkg,s,51353653,113,151
ܞEkg,s,51353654,113,151
ܞEkg,s,51353655,132,176
ܞEkg,s,51353662,103,138
ܞEkg,s,51353663,103,138
ܞEkg,s,51353664,103,138
ܞEkg,s,51353665,130,174
ܞEkg,s,51353672,103,138
ܞEkg,s,51353673,103,138
ܞEkg,s,51353674,103,138
ܞEkg,s,51353682,103,138
ܞEkg,s,51353683,103,138
ܞEkg,s,51353684,103,138
ܞEkg,s,51353685,130,174
ܞEkg,s,51353692,103,138
ܞEkg,s,51353693,103,138
ܞEkg,s,51353694,103,138
ܞEkg,s,51353695,130,174
ܞEkg,s,51353696,130,174
ܞEkg,s,51354602,103,138
ܞEkg,s,51354603,103,138
ܞEkg,s,51354604,103,138
ܞEkg,s,51354605,130,174
ܞEkg,s,51354606,130,174
ܞEkg,s,51354607,130,174
ܞEkg,s,51354608,130,174
ܞEkg,s,51354612,103,138
ܞEkg,s,51354613,103,138
ܞEkg,s,51354614,103,138
ܞEkg,s,51354615,130,174
ܞEkg,s,51354616,130,174
ܞEkg,s,51354617,130,174
ܞEkg,s,51354618,130,174
ܞEkg,s,51354622,97,130
ܞEkg,s,51354623,97,130
ܞEkg,s,51354624,97,130
ܞEkg,s,51354625,105,140
ܞEkg,s,51354626,105,140
ܞEkg,s,51354627,105,140
ܞEkg,s,51354628,105,140
ܞEkg,s,51354632,97,130
ܞEkg,s,51354633,97,130
ܞEkg,s,51354634,97,130
ܞEkg,s,51354635,105,140
ܞEkg,s,51354636,105,140
ܞEkg,s,51354642,97,130
ܞEkg,s,51354643,97,130
ܞEkg,s,51354644,97,130
ܞEkg,s,51354645,105,140
ܞEkg,s,51354652,97,130
ܞEkg,s,51354653,97,130
ܞEkg,s,51354654,97,130
ܞEkg,s,51354655,105,140
쓌,],51365076,160,206
쓌,],51365077,160,206
쓌,],51365086,160,206
쓌,],51365087,160,206
쓌,],51365088,160,206
쓌,],51365096,160,206
쓌,],51365097,160,206
쓌,],51365098,160,206
쓌,],51365099,160,206
쓌,],51365190,178,229
쓌,],51366007,148,191
쓌,],51366008,148,191
쓌,],51366009,148,191
쓌,],51366017,148,191
쓌,],51366018,148,191
쓌,],51366019,148,191
쓌,],51366027,148,191
쓌,],51366028,148,191
쓌,],51366029,148,191
쓌,],51366038,148,191
쓌,],51366039,148,191
쓌,],51366048,148,191
쓌,],51366049,148,191
쓌,],51366058,148,191
쓌,],51366059,148,191
쓌,],51366100,154,198
쓌,],51366101,154,198
쓌,],51366110,154,198
쓌,],51366111,154,198
쓌,],51366112,154,198
쓌,],51366120,154,198
쓌,],51366121,154,198
쓌,],51366122,154,198
쓌,],51366123,154,198
쓌,],51366130,154,198
쓌,],51366131,154,198
쓌,],51366132,154,198
쓌,],51366133,154,198
쓌,],51366140,154,198
쓌,],51366141,154,198
쓌,],51366142,154,198
쓌,],51366143,154,198
쓌,],51366150,154,198
쓌,],51366151,154,198
쓌,],51366152,154,198
쓌,],51366161,146,188
쓌,],51366162,146,188
쓌,,51365028,201,258
쓌,,51365037,201,258
쓌,,51365038,201,258
쓌,,51365039,201,258
쓌,,51365047,160,206
쓌,,51365048,160,206
쓌,,51365049,160,206
쓌,,51365057,160,206
쓌,,51365058,160,206
쓌,,51365059,160,206
쓌,,51365067,160,206
쓌,,51365068,160,206
쓌,,51365069,160,206
쓌,,51365078,160,206
쓌,,51365079,160,206
쓌,,51365089,160,206
쓌,,51365130,187,240
쓌,,51365131,187,240
쓌,,51365140,178,229
쓌,,51365141,178,229
쓌,,51365142,178,229
쓌,,51365143,178,229
쓌,,51365144,178,229
쓌,,51365145,154,198
쓌,,51365146,154,198
쓌,,51365150,178,229
쓌,,51365151,178,229
쓌,,51365152,178,229
쓌,,51365153,178,229
쓌,,51365154,178,229
쓌,,51365155,154,198
쓌,,51365156,154,198
쓌,,51365160,178,229
쓌,,51365161,178,229
쓌,,51365162,178,229
쓌,,51365163,178,229
쓌,,51365164,178,229
쓌,,51365165,154,198
쓌,,51365166,154,198
쓌,,51365170,178,229
쓌,,51365171,178,229
쓌,,51365172,178,229
쓌,,51365173,178,229
쓌,,51365174,178,229
쓌,,51365175,154,198
쓌,,51365176,154,198
쓌,,51365180,178,229
쓌,,51365181,178,229
쓌,,51365182,178,229
쓌,,51365183,178,229
쓌,,51365184,178,229
쓌,,51365185,154,198
쓌,,51365186,154,198
쓌,,51365187,154,198
쓌,,51365191,178,229
쓌,,51365192,178,229
쓌,,51365193,178,229
쓌,,51365194,178,229
쓌,,51365195,154,198
쓌,,51365196,154,198
쓌,,51365197,154,198
쓌,,51366102,154,198
쓌,,51366103,154,198
쓌,,51366104,154,198
쓌,,51366105,166,213
쓌,,51366106,166,213
쓌,,51366113,154,198
쓌,,51366114,154,198
쓌,,51366115,166,213
쓌,,51366116,166,213
쓌,,51366117,166,213
쓌,,51366125,166,213
쓌,,51366126,166,213
쓌,ꑺ,51353636,137,176
쓌,ꑺ,51353637,137,176
쓌,ꑺ,51353646,137,176
쓌,ꑺ,51353647,137,176
쓌,ꑺ,51353648,137,176
쓌,ꑺ,51353649,137,176
쓌,ꑺ,51353656,137,176
쓌,ꑺ,51353657,137,176
쓌,ꑺ,51353658,137,176
쓌,ꑺ,51353659,137,176
쓌,ꑺ,51353666,135,174
쓌,ꑺ,51353667,135,174
쓌,ꑺ,51353668,135,174
쓌,ꑺ,51353669,135,174
쓌,ꑺ,51353675,135,174
쓌,ꑺ,51353676,135,174
쓌,ꑺ,51353677,135,174
쓌,ꑺ,51353678,135,174
쓌,ꑺ,51353679,135,174
쓌,ꑺ,51353686,135,174
쓌,ꑺ,51353687,135,174
쓌,ꑺ,51353688,135,174
쓌,ꑺ,51353689,135,174
쓌,ꑺ,51353697,135,174
쓌,ꑺ,51353698,135,174
쓌,ꑺ,51353699,135,174
쓌,ꑺ,51353750,174,224
쓌,ꑺ,51353751,174,224
쓌,ꑺ,51353752,174,224
쓌,ꑺ,51353760,163,209
쓌,ꑺ,51353761,163,209
쓌,ꑺ,51353762,163,209
쓌,ꑺ,51353770,163,209
쓌,ꑺ,51353771,163,209
쓌,ꑺ,51353772,163,209
쓌,ꑺ,51353780,163,209
쓌,ꑺ,51353781,163,209
쓌,ꑺ,51353782,163,209
쓌,ꑺ,51353790,163,209
쓌,ꑺ,51353791,163,209
쓌,ꑺ,51354609,135,174
쓌,V쑺,51352613,140,180
쓌,V쑺,51352619,163,210
쓌,V쑺,51352621,140,180
쓌,V쑺,51352622,140,180
쓌,V쑺,51352623,140,180
쓌,V쑺,51352624,140,180
쓌,V쑺,51352625,163,210
쓌,V쑺,51352626,163,210
쓌,V쑺,51352629,163,210
쓌,V쑺,51352630,140,180
쓌,V쑺,51352631,140,180
쓌,V쑺,51352632,140,180
쓌,V쑺,51352633,140,180
쓌,V쑺,51352634,140,180
쓌,V쑺,51352635,163,210
쓌,V쑺,51352636,163,210
쓌,V쑺,51352637,163,210
쓌,V쑺,51352638,163,210
쓌,V쑺,51352639,163,210
쓌,V쑺,51352640,145,186
쓌,V쑺,51352641,145,186
쓌,V쑺,51352642,145,186
쓌,V쑺,51352643,145,186
쓌,V쑺,51352644,145,186
쓌,V쑺,51352645,156,200
쓌,V쑺,51352646,156,200
쓌,V쑺,51352647,156,200
쓌,V쑺,51352648,156,200
쓌,V쑺,51352649,156,200
쓌,V쑺,51352650,145,186
쓌,V쑺,51352651,145,186
쓌,V쑺,51352652,145,186
쓌,V쑺,51352653,145,186
쓌,V쑺,51352654,145,186
쓌,V쑺,51352655,156,200
쓌,V쑺,51352656,156,200
쓌,V쑺,51352657,156,200
쓌,V쑺,51352658,156,200
쓌,V쑺,51352659,156,200
쓌,V쑺,51352660,145,186
쓌,V쑺,51352661,145,186
쓌,V쑺,51352662,145,186
쓌,V쑺,51352663,145,186
쓌,V쑺,51352664,145,186
쓌,V쑺,51352665,156,200
쓌,V쑺,51352666,156,200
쓌,V쑺,51352667,156,200
쓌,V쑺,51352668,156,200
쓌,V쑺,51352669,156,200
쓌,V쑺,51352670,145,186
쓌,V쑺,51352671,145,186
쓌,V쑺,51352672,145,186
쓌,V쑺,51352673,145,186
쓌,V쑺,51352674,145,186
쓌,V쑺,51352675,156,200
쓌,V쑺,51352676,156,200
쓌,V쑺,51352677,156,200
쓌,V쑺,51352678,156,200
쓌,V쑺,51352679,156,200
쓌,V쑺,51352681,145,186
쓌,V쑺,51352682,145,186
쓌,V쑺,51352685,156,200
쓌,V쑺,51352686,156,200
쓌,V쑺,51352687,156,200
쓌,V쑺,51352688,156,200
쓌,V쑺,51352689,156,200
쓌,V쑺,51352696,156,200
쓌,V쑺,51352697,156,200
쓌,V쑺,51352698,156,200
쓌,V쑺,51352699,156,200
쓌,V쑺,51352711,237,305
쓌,V쑺,51352712,237,305
쓌,V쑺,51352714,237,305
쓌,V쑺,51352720,237,305
쓌,V쑺,51352721,237,305
쓌,V쑺,51352722,237,305
쓌,V쑺,51352723,237,305
쓌,V쑺,51352724,237,305
쓌,V쑺,51352725,211,271
쓌,V쑺,51352730,237,305
쓌,V쑺,51352731,237,305
쓌,V쑺,51352732,237,305
쓌,V쑺,51352733,237,305
쓌,V쑺,51352734,237,305
쓌,V쑺,51352735,211,271
쓌,V쑺,51352740,177,227
쓌,V쑺,51352741,177,227
쓌,V쑺,51352742,177,227
쓌,V쑺,51352743,177,227
쓌,V쑺,51352744,177,227
쓌,V쑺,51352745,238,306
쓌,V쑺,51352750,177,227
쓌,V쑺,51352751,177,227
쓌,V쑺,51352752,177,227
쓌,V쑺,51352753,177,227
쓌,V쑺,51352754,177,227
쓌,V쑺,51352755,238,306
쓌,V쑺,51352760,177,227
쓌,V쑺,51352761,177,227
쓌,V쑺,51352762,177,227
쓌,V쑺,51352763,177,227
쓌,V쑺,51352764,177,227
쓌,V쑺,51352765,238,306
쓌,V쑺,51352770,177,227
쓌,V쑺,51352771,177,227
쓌,V쑺,51352772,177,227
쓌,V쑺,51352773,177,227
쓌,V쑺,51352774,177,227
쓌,V쑺,51352775,238,306
쓌,V쑺,51352776,238,306
쓌,V쑺,51352780,177,227
쓌,V쑺,51352781,177,227
쓌,V쑺,51352782,177,227
쓌,V쑺,51352783,177,227
쓌,V쑺,51352784,177,227
쓌,V쑺,51352785,238,306
쓌,V쑺,51352786,238,306
쓌,V쑺,51352790,177,227
쓌,V쑺,51352791,177,227
쓌,V쑺,51352792,177,227
쓌,V쑺,51352793,177,227
쓌,V쑺,51352794,177,227
쓌,V쑺,51352795,238,306
쓌,V쑺,51352796,238,306
쓌,V쑺,51352797,238,306
쓌,V쑺,51353606,137,176
쓌,V쑺,51353607,137,176
쓌,V쑺,51353608,137,176
쓌,V쑺,51353609,137,176
쓌,V쑺,51353617,137,176
쓌,V쑺,51353618,137,176
쓌,V쑺,51353619,137,176
쓌,V쑺,51353627,137,176
쓌,V쑺,51353628,137,176
쓌,V쑺,51353629,137,176
쓌,V쑺,51353638,137,176
쓌,V쑺,51353639,137,176
쓌,V쑺,51353700,174,224
쓌,V쑺,51353701,174,224
쓌,V쑺,51353702,174,224
쓌,V쑺,51353703,174,224
쓌,V쑺,51353704,174,224
쓌,V쑺,51353705,212,273
쓌,V쑺,51353706,212,273
쓌,V쑺,51353707,212,273
쓌,V쑺,51353710,174,224
쓌,V쑺,51353711,174,224
쓌,V쑺,51353712,174,224
쓌,V쑺,51353713,174,224
쓌,V쑺,51353714,174,224
쓌,V쑺,51353715,212,273
쓌,V쑺,51353716,212,273
쓌,V쑺,51353720,174,224
쓌,V쑺,51353721,174,224
쓌,V쑺,51353722,174,224
쓌,V쑺,51353723,174,224
쓌,V쑺,51353724,174,224
쓌,V쑺,51353725,212,273
쓌,V쑺,51353726,212,273
쓌,V쑺,51353730,174,224
쓌,V쑺,51353731,174,224
쓌,V쑺,51353732,174,224
쓌,V쑺,51353733,174,224
쓌,V쑺,51353740,174,224
쓌,V쑺,51353741,174,224
쓌,V쑺,51353742,174,224
쓌,kR,50357772,188,242
쓌,kR,50357773,188,242
쓌,kR,50357775,191,246
쓌,kR,50357782,188,242
쓌,kR,50357783,188,242
쓌,kR,50357784,188,242
쓌,kR,50357785,191,246
쓌,kR,50357786,191,246
쓌,kR,50357787,191,246
쓌,kR,50357792,188,242
쓌,kR,50357793,188,242
쓌,kR,50357794,188,242
쓌,kR,50357795,191,246
쓌,kR,50357796,191,246
쓌,kR,50357797,191,246
쓌,kR,50357798,191,246
쓌,kR,51350703,199,256
쓌,kR,51350704,199,256
쓌,kR,51350705,187,240
쓌,kR,51350706,187,240
쓌,kR,51350707,187,240
쓌,kR,51350708,187,240
쓌,kR,51350709,187,240
쓌,kR,51350712,199,256
쓌,kR,51350713,199,256
쓌,kR,51350714,199,256
쓌,kR,51350715,187,240
쓌,kR,51350716,187,240
쓌,kR,51350717,187,240
쓌,kR,51350718,187,240
쓌,kR,51350719,187,240
쓌,kR,51350722,199,256
쓌,kR,51350723,199,256
쓌,kR,51350724,199,256
쓌,kR,51350725,187,240
쓌,kR,51350726,187,240
쓌,kR,51350727,187,240
쓌,kR,51350728,187,240
쓌,kR,51350729,187,240
쓌,kR,51350733,199,256
쓌,kR,51350734,199,256
쓌,kR,51350735,187,240
쓌,kR,51350736,187,240
쓌,kR,51350737,187,240
쓌,kR,51350738,187,240
쓌,kR,51350739,187,240
쓌,kR,51350742,199,256
쓌,kR,51350743,199,256
쓌,kR,51350744,199,256
쓌,kR,51350745,187,240
쓌,kR,51350746,187,240
쓌,kR,51350747,187,240
쓌,kR,51350748,187,240
쓌,kR,51350749,187,240
쓌,kR,51350752,199,256
쓌,kR,51350753,199,256
쓌,kR,51350754,199,256
쓌,kR,51350755,187,240
쓌,kR,51350756,187,240
쓌,kR,51350757,187,240
쓌,kR,51350758,187,240
쓌,kR,51350759,187,240
쓌,kR,51350762,224,288
쓌,kR,51350763,224,288
쓌,kR,51350764,224,288
쓌,kR,51350765,198,254
쓌,kR,51350766,198,254
쓌,kR,51350767,198,254
쓌,kR,51350768,198,254
쓌,kR,51350769,198,254
쓌,kR,51350772,224,288
쓌,kR,51350773,224,288
쓌,kR,51350774,224,288
쓌,kR,51350775,198,254
쓌,kR,51350776,198,254
쓌,kR,51350777,198,254
쓌,kR,51350778,198,254
쓌,kR,51350779,198,254
쓌,kR,51350781,224,288
쓌,kR,51350782,224,288
쓌,kR,51350783,224,288
쓌,kR,51350784,224,288
쓌,kR,51350785,198,254
쓌,kR,51350786,198,254
쓌,kR,51350787,198,254
쓌,kR,51350792,224,288
쓌,kR,51350793,224,288
쓌,kR,51350794,224,288
쓌,kR,51350795,198,254
쓌,kR,51350796,198,254
쓌,kR,51350797,198,254
쓌,kR,51351702,224,288
쓌,kR,51351703,224,288
쓌,kR,51351704,224,288
쓌,kR,51351705,198,254
쓌,kR,51351706,198,254
쓌,kR,51351712,224,288
쓌,kR,51351713,224,288
쓌,kR,51351714,224,288
쓌,kR,51351715,198,254
쓌,kR,51351716,198,254
쓌,kR,51351722,241,310
쓌,kR,51351723,241,310
쓌,kR,51351724,241,310
쓌,kR,51351725,184,236
쓌,kR,51351726,184,236
쓌,kR,51351732,241,310
쓌,kR,51351733,241,310
쓌,kR,51351734,241,310
쓌,kR,51351735,184,236
쓌,kR,51351743,241,310
쓌,kR,51351744,241,310
쓌,kR,51360020,184,237
쓌,kR,51360030,184,237
쓌,kR,51360040,184,237
쓌,kR,51360041,184,237
쓌,kR,51360042,184,237
쓌,kR,51360043,184,237
쓌,kR,51360050,184,237
쓌,kR,51360051,184,237
쓌,kR,51360052,184,237
쓌,kR,51360053,184,237
쓌,kR,51360060,201,258
쓌,kR,51360061,201,258
쓌,kR,51360062,201,258
쓌,kR,51360070,201,258
쓌,kR,51360080,201,258
쓌,kR,51350788,198,254
쓌,kR,51350789,198,254
쓌,kR,51350798,198,254
쓌,kR,51350799,198,254
쓌,kR,51351707,198,254
쓌,kR,51351708,198,254
쓌,kR,51351709,198,254
쓌,kR,51351717,198,254
쓌,kR,51351718,198,254
쓌,kR,51351719,198,254
쓌,kR,51351727,184,236
쓌,kR,51351728,184,236
쓌,kR,51351729,184,236
쓌,kR,51351736,184,236
쓌,kR,51351737,184,236
쓌,kR,51351738,184,236
쓌,kR,51351739,184,236
쓌,kR,51351745,184,236
쓌,kR,51351746,184,236
쓌,kR,51351747,184,236
쓌,kR,51351748,184,236
쓌,kR,51351749,184,236
쓌,kR,51351753,241,310
쓌,kR,51351754,241,310
쓌,kR,51351755,184,236
쓌,kR,51351756,184,236
쓌,kR,51351757,184,236
쓌,kR,51351758,184,236
쓌,kR,51351759,184,236
쓌,kR,51351763,241,310
쓌,kR,51351764,241,310
쓌,kR,51351765,184,236
쓌,kR,51351766,184,236
쓌,kR,51351767,184,236
쓌,kR,51351768,184,236
쓌,kR,51351769,184,236
쓌,kR,51351772,241,310
쓌,kR,51351773,241,310
쓌,kR,51351774,241,310
쓌,kR,51351775,184,236
쓌,kR,51351776,184,236
쓌,kR,51351777,184,236
쓌,kR,51351778,184,236
쓌,kR,51351779,184,236
쓌,kR,51351783,237,305
쓌,kR,51351784,237,305
쓌,kR,51351785,211,271
쓌,kR,51351786,211,271
쓌,kR,51351787,211,271
쓌,kR,51351788,211,271
쓌,kR,51351789,211,271
쓌,kR,51351793,237,305
쓌,kR,51351794,237,305
쓌,kR,51351795,211,271
쓌,kR,51351796,211,271
쓌,kR,51351797,211,271
쓌,kR,51351798,211,271
쓌,kR,51351799,211,271
쓌,kR,51352702,237,305
쓌,kR,51352703,237,305
쓌,kR,51352704,237,305
쓌,kR,51352705,211,271
쓌,kR,51352706,211,271
쓌,kR,51352707,211,271
쓌,kR,51352708,211,271
쓌,kR,51352709,211,271
쓌,kR,51352713,237,305
쓌,kR,51352715,211,271
쓌,kR,51352716,211,271
쓌,kR,51352717,211,271
쓌,kR,51352718,211,271
쓌,kR,51352719,211,271
쓌,kR,51352726,211,271
쓌,kR,51352727,211,271
쓌,kR,51352728,211,271
쓌,kR,51352729,211,271
쓌,kR,51352736,211,271
쓌,kR,51352737,211,271
쓌,kR,51352738,211,271
쓌,kR,51352739,211,271
쓌,kR,51352746,238,306
쓌,kR,51352747,238,306
쓌,kR,51352748,238,306
쓌,kR,51352749,238,306
쓌,kR,51352756,238,306
쓌,kR,51352757,238,306
쓌,kR,51352758,238,306
쓌,kR,51352759,238,306
쓌,kR,51352766,238,306
쓌,kR,51352767,238,306
쓌,kR,51352768,238,306
쓌,kR,51352769,238,306
쓌,kR,51360036,189,243
쓌,kR,51360037,189,243
쓌,kR,51360044,184,237
쓌,kR,51360045,189,243
쓌,kR,51360046,189,243
쓌,kR,51360047,189,243
쓌,kR,51360054,184,237
쓌,kR,51360055,189,243
쓌,kR,51360056,189,243
쓌,kR,51360057,189,243
쓌,kR,51360063,201,258
쓌,kR,51360064,201,258
쓌,kR,51360065,226,290
쓌,kR,51360066,226,290
쓌,kR,51360067,226,290
쓌,kR,51360071,201,258
쓌,kR,51360072,201,258
쓌,kR,51360073,201,258
쓌,kR,51360074,201,258
쓌,kR,51360075,226,290
쓌,kR,51360076,226,290
쓌,kR,51360077,226,290
쓌,kR,51360081,201,258
쓌,kR,51360082,201,258
쓌,kR,51360083,201,258
쓌,kR,51360084,201,258
쓌,kR,51360085,226,290
쓌,kR,51360086,226,290
쓌,kR,51360087,226,290
쓌,kR,51360090,201,258
쓌,kR,51360091,201,258
쓌,kR,51360092,201,258
쓌,kR,51360093,201,258
쓌,kR,51360094,201,258
쓌,kR,51360095,226,290
쓌,kR,51360096,226,290
쓌,kR,51360097,226,290
쓌,kR,51361000,201,258
쓌,kR,51361001,201,258
쓌,kR,51361002,201,258
쓌,kR,51361003,201,258
쓌,kR,51361004,201,258
쓌,kR,51361005,226,290
쓌,kR,51361006,226,290
쓌,kR,51361007,226,290
쓌,kR,51361008,226,290
쓌,kR,51361010,201,258
쓌,kR,51361011,201,258
쓌,kR,51361012,201,258
쓌,kR,51361013,201,258
쓌,kR,51361014,201,258
쓌,kR,51361015,226,290
쓌,kR,51361016,226,290
쓌,kR,51361017,226,290
쓌,kR,51361020,225,289
쓌,kR,51361021,225,289
쓌,kR,51361022,225,289
쓌,kR,51361023,225,289
쓌,kR,51361024,225,289
쓌,kR,51361025,230,295
쓌,kR,51361026,230,295
쓌,kR,51361027,230,295
쓌,kR,51361030,225,289
쓌,kR,51361031,225,289
쓌,kR,51361032,225,289
쓌,kR,51361033,225,289
쓌,kR,51361034,225,289
쓌,kR,51361035,230,295
쓌,kR,51361036,230,295
쓌,kR,51361037,230,295
쓌,kR,51361040,225,289
쓌,kR,51361041,225,289
쓌,kR,51361042,225,289
쓌,kR,51361043,225,289
쓌,kR,51361044,225,289
쓌,kR,51361045,230,295
쓌,kR,51361046,230,295
쓌,kR,51361047,230,295
쓌,kR,51361050,225,289
쓌,kR,51361051,225,289
쓌,kR,51361052,225,289
쓌,kR,51361053,225,289
쓌,kR,51361054,225,289
쓌,kR,51361055,230,295
쓌,kR,51361056,230,295
쓌,kR,51361057,230,295
쓌,kR,51361058,230,295
쓌,kR,51361060,225,289
쓌,kR,51361061,225,289
쓌,kR,51361062,225,289
쓌,kR,51361063,225,289
쓌,kR,51361064,225,289
쓌,kR,51361065,230,295
쓌,kR,51361066,230,295
쓌,kR,51361067,230,295
쓌,kR,51361070,225,289
쓌,kR,51361071,225,289
쓌,kR,51361072,225,289
쓌,kR,51361073,225,289
쓌,kR,51361074,225,289
쓌,kR,51361075,230,295
쓌,kR,51361076,230,295
쓌,kR,51361077,230,295
쓌,kR,51361080,203,261
쓌,kR,51361081,203,261
쓌,kR,51361082,203,261
쓌,kR,51361083,203,261
쓌,kR,51361084,203,261
쓌,kR,51361085,287,369
쓌,kR,51361086,287,369
쓌,kR,51361087,287,369
쓌,kR,51361088,287,369
쓌,kR,51361090,203,261
쓌,kR,51361091,203,261
쓌,kR,51361092,203,261
쓌,kR,51361093,203,261
쓌,kR,51361094,203,261
쓌,kR,51361095,287,369
쓌,kR,51361096,287,369
쓌,kR,51361097,287,369
쓌,kR,51361098,287,369
쓌,kR,51362000,203,261
쓌,kR,51362001,203,261
쓌,kR,51362002,203,261
쓌,kR,51362003,203,261
쓌,kR,51362004,203,261
쓌,kR,51362005,287,369
쓌,kR,51362006,287,369
쓌,kR,51362007,287,369
쓌,kR,51362008,287,369
쓌,kR,51362010,203,261
쓌,kR,51362011,203,261
쓌,kR,51362012,203,261
쓌,kR,51362013,203,261
쓌,kR,51362014,203,261
쓌,kR,51362015,287,369
쓌,kR,51362016,287,369
쓌,kR,51362017,287,369
쓌,kR,51362018,287,369
쓌,kR,51362020,203,261
쓌,kR,51362021,203,261
쓌,kR,51362022,203,261
쓌,kR,51362023,203,261
쓌,kR,51362024,203,261
쓌,kR,51362025,287,369
쓌,kR,51362026,287,369
쓌,kR,51362027,287,369
쓌,kR,51362030,203,261
쓌,kR,51362031,203,261
쓌,kR,51362032,203,261
쓌,kR,51362033,203,261
쓌,kR,51362034,203,261
쓌,kR,51362035,287,369
쓌,kR,51362036,287,369
쓌,kR,51362037,287,369
쓌,kR,51362040,199,256
쓌,kR,51362041,199,256
쓌,kR,51362042,199,256
쓌,kR,51362043,199,256
쓌,kR,51362044,199,256
쓌,kR,51362050,199,256
쓌,kR,51362051,199,256
쓌,kR,51362052,199,256
쓌,kR,51362060,199,256
쓌,kR,51362061,199,256
쓌,kR,51362070,199,256
쓌,kR,51362071,199,256
쓌,㑺,51352777,238,306
쓌,㑺,51352778,238,306
쓌,㑺,51352779,238,306
쓌,㑺,51352787,238,306
쓌,㑺,51352788,238,306
쓌,㑺,51352789,238,306
쓌,㑺,51352798,238,306
쓌,㑺,51352799,238,306
쓌,㑺,51353708,212,273
쓌,㑺,51353709,212,273
쓌,㑺,51353717,212,273
쓌,㑺,51353718,212,273
쓌,㑺,51353719,212,273
쓌,㑺,51353727,212,273
쓌,㑺,51353728,212,273
쓌,㑺,51353729,212,273
쓌,㑺,51353734,174,224
쓌,㑺,51353735,212,273
쓌,㑺,51353736,212,273
쓌,㑺,51353737,212,273
쓌,㑺,51353738,212,273
쓌,㑺,51353739,212,273
쓌,㑺,51353743,174,224
쓌,㑺,51353744,174,224
쓌,㑺,51353745,212,273
쓌,㑺,51353746,212,273
쓌,㑺,51353747,212,273
쓌,㑺,51353748,212,273
쓌,㑺,51353749,212,273
쓌,㑺,51353753,174,224
쓌,㑺,51353754,174,224
쓌,㑺,51353755,212,273
쓌,㑺,51353756,212,273
쓌,㑺,51353757,212,273
쓌,㑺,51353758,212,273
쓌,㑺,51353759,212,273
쓌,㑺,51353763,163,209
쓌,㑺,51353764,163,209
쓌,㑺,51353765,173,222
쓌,㑺,51353766,173,222
쓌,㑺,51353767,173,222
쓌,㑺,51353768,173,222
쓌,㑺,51353769,173,222
쓌,㑺,51353773,163,209
쓌,㑺,51353774,163,209
쓌,㑺,51353775,173,222
쓌,㑺,51353776,173,222
쓌,㑺,51353777,173,222
쓌,㑺,51353778,173,222
쓌,㑺,51353779,173,222
쓌,㑺,51353783,163,209
쓌,㑺,51353784,163,209
쓌,㑺,51353785,173,222
쓌,㑺,51353786,173,222
쓌,㑺,51353787,173,222
쓌,㑺,51353788,173,222
쓌,㑺,51353789,173,222
쓌,㑺,51353792,163,209
쓌,㑺,51353793,163,209
쓌,㑺,51353794,163,209
쓌,㑺,51353795,173,222
쓌,㑺,51353796,173,222
쓌,㑺,51353797,173,222
쓌,㑺,51353798,173,222
쓌,㑺,51353799,173,222
쓌,㑺,51354701,163,209
쓌,㑺,51354702,163,209
쓌,㑺,51354703,163,209
쓌,㑺,51354704,163,209
쓌,㑺,51354705,173,222
쓌,㑺,51354706,173,222
쓌,㑺,51354707,173,222
쓌,㑺,51354708,173,222
쓌,㑺,51354709,173,222
쓌,㑺,51354711,163,209
쓌,㑺,51354712,163,209
쓌,㑺,51354713,163,209
쓌,㑺,51354714,163,209
쓌,㑺,51354715,173,222
쓌,㑺,51354716,173,222
쓌,㑺,51354717,173,222
쓌,㑺,51354718,173,222
쓌,㑺,51354719,173,222
쓌,㑺,51354722,125,161
쓌,㑺,51354723,125,161
쓌,㑺,51354724,125,161
쓌,㑺,51354725,141,181
쓌,㑺,51354726,141,181
쓌,㑺,51354727,141,181
쓌,㑺,51354728,141,181
쓌,㑺,51354733,125,161
쓌,㑺,51354734,125,161
쓌,㑺,51354735,141,181
쓌,㑺,51354736,141,181
쓌,㑺,51354737,141,181
쓌,㑺,51354744,125,161
쓌,㑺,51354745,141,181
쓌,㑺,51354746,141,181
쓌,㑺,51354747,141,181
쓌,㑺,51362045,244,314
쓌,㑺,51362046,244,314
쓌,㑺,51362047,244,314
쓌,㑺,51362053,199,256
쓌,㑺,51362054,199,256
쓌,㑺,51362055,244,314
쓌,㑺,51362056,244,314
쓌,㑺,51362057,244,314
쓌,㑺,51362058,244,314
쓌,㑺,51362062,199,256
쓌,㑺,51362063,199,256
쓌,㑺,51362064,199,256
쓌,㑺,51362065,244,314
쓌,㑺,51362066,244,314
쓌,㑺,51362067,244,314
쓌,㑺,51362068,244,314
쓌,㑺,51362072,199,256
쓌,㑺,51362073,199,256
쓌,㑺,51362074,199,256
쓌,㑺,51362075,244,314
쓌,㑺,51362076,244,314
쓌,㑺,51362077,244,314
쓌,㑺,51362078,244,314
쓌,㑺,51362080,199,256
쓌,㑺,51362081,199,256
쓌,㑺,51362082,199,256
쓌,㑺,51362083,199,256
쓌,㑺,51362084,199,256
쓌,㑺,51362085,244,314
쓌,㑺,51362086,244,314
쓌,㑺,51362087,244,314
쓌,㑺,51362088,244,314
쓌,㑺,51362089,244,314
쓌,㑺,51362090,199,256
쓌,㑺,51362091,199,256
쓌,㑺,51362092,199,256
쓌,㑺,51362093,199,256
쓌,㑺,51362094,199,256
쓌,㑺,51362095,244,314
쓌,㑺,51362096,244,314
쓌,㑺,51362097,244,314
쓌,㑺,51362098,244,314
쓌,㑺,51362099,244,314
쓌,㑺,51363000,180,231
쓌,㑺,51363001,180,231
쓌,㑺,51363002,180,231
쓌,㑺,51363003,180,231
쓌,㑺,51363004,180,231
쓌,㑺,51363005,212,272
쓌,㑺,51363006,212,272
쓌,㑺,51363007,212,272
쓌,㑺,51363008,212,272
쓌,㑺,51363009,212,272
쓌,㑺,51363010,180,231
쓌,㑺,51363011,180,231
쓌,㑺,51363012,180,231
쓌,㑺,51363013,180,231
쓌,㑺,51363014,180,231
쓌,㑺,51363015,212,272
쓌,㑺,51363016,212,272
쓌,㑺,51363017,212,272
쓌,㑺,51363018,212,272
쓌,㑺,51363019,212,272
쓌,㑺,51363020,180,231
쓌,㑺,51363021,180,231
쓌,㑺,51363022,180,231
쓌,㑺,51363023,180,231
쓌,㑺,51363024,180,231
쓌,㑺,51363025,212,272
쓌,㑺,51363026,212,272
쓌,㑺,51363027,212,272
쓌,㑺,51363028,212,272
쓌,㑺,51363030,180,231
쓌,㑺,51363031,180,231
쓌,㑺,51363032,180,231
쓌,㑺,51363033,180,231
쓌,㑺,51363034,180,231
쓌,㑺,51363035,212,272
쓌,㑺,51363036,212,272
쓌,㑺,51363037,212,272
쓌,㑺,51363038,212,272
쓌,㑺,51363040,180,231
쓌,㑺,51363041,180,231
쓌,㑺,51363042,180,231
쓌,㑺,51363043,180,231
쓌,㑺,51363044,180,231
쓌,㑺,51363045,212,272
쓌,㑺,51363046,212,272
쓌,㑺,51363047,212,272
쓌,㑺,51363050,180,231
쓌,㑺,51363051,180,231
쓌,㑺,51363052,180,231
쓌,㑺,51363053,180,231
쓌,㑺,51363054,180,231
쓌,㑺,51363055,212,272
쓌,㑺,51363056,212,272
쓌,㑺,51363057,212,272
쓌,㑺,51363060,162,208
쓌,㑺,51363061,162,208
쓌,㑺,51363062,162,208
쓌,㑺,51363063,162,208
쓌,㑺,51363064,162,208
쓌,㑺,51363065,210,270
쓌,㑺,51363066,210,270
쓌,㑺,51363067,210,270
쓌,㑺,51363070,162,208
쓌,㑺,51363071,162,208
쓌,㑺,51363072,162,208
쓌,㑺,51363073,162,208
쓌,㑺,51363074,162,208
쓌,㑺,51363075,210,270
쓌,㑺,51363076,210,270
쓌,㑺,51363077,210,270
쓌,㑺,51363078,210,270
쓌,㑺,51363079,210,270
쓌,㑺,51363080,162,208
쓌,㑺,51363081,162,208
쓌,㑺,51363082,162,208
쓌,㑺,51363083,162,208
쓌,㑺,51363084,162,208
쓌,㑺,51363085,210,270
쓌,㑺,51363086,210,270
쓌,㑺,51363087,210,270
쓌,㑺,51363088,210,270
쓌,㑺,51363089,210,270
쓌,㑺,51363090,162,208
쓌,㑺,51363091,162,208
쓌,㑺,51363092,162,208
쓌,㑺,51363093,162,208
쓌,㑺,51363094,162,208
쓌,㑺,51363095,210,270
쓌,㑺,51363096,210,270
쓌,㑺,51363097,210,270
쓌,㑺,51363098,210,270
쓌,㑺,51364000,162,208
쓌,㑺,51364001,162,208
쓌,㑺,51364002,162,208
쓌,㑺,51364003,162,208
쓌,㑺,51364004,162,208
쓌,㑺,51364005,210,270
쓌,㑺,51364006,210,270
쓌,㑺,51364007,210,270
쓌,㑺,51364010,162,208
쓌,㑺,51364011,162,208
쓌,㑺,51364012,162,208
쓌,㑺,51364015,210,270
쓌,㑺,51364016,210,270
쓌,㑺,51364017,210,270
쓌,㑺,51364021,166,214
쓌,㑺,51364025,234,301
쓌,㑺,51364026,234,301
쓌,㑺,51364027,234,301
쓌,㑺,51364036,234,301
쓌,g쑺,51354729,141,181
쓌,g쑺,51354738,141,181
쓌,g쑺,51354739,141,181
쓌,g쑺,51354748,141,181
쓌,g쑺,51354749,141,181
쓌,g쑺,51354755,141,181
쓌,g쑺,51354756,141,181
쓌,g쑺,51354757,141,181
쓌,g쑺,51354758,141,181
쓌,g쑺,51354759,141,181
쓌,g쑺,51354765,141,181
쓌,g쑺,51354766,141,181
쓌,g쑺,51354767,141,181
쓌,g쑺,51354768,141,181
쓌,g쑺,51354769,141,181
쓌,g쑺,51354775,141,181
쓌,g쑺,51354776,141,181
쓌,g쑺,51354777,141,181
쓌,g쑺,51354778,141,181
쓌,g쑺,51354779,141,181
쓌,g쑺,51354786,123,158
쓌,g쑺,51354787,123,158
쓌,g쑺,51354788,123,158
쓌,g쑺,51354789,123,158
쓌,g쑺,51354797,123,158
쓌,g쑺,51354798,123,158
쓌,g쑺,51354799,123,158
쓌,g쑺,51355707,123,158
쓌,g쑺,51355708,123,158
쓌,g쑺,51355709,123,158
쓌,g쑺,51355718,123,158
쓌,g쑺,51355719,123,158
쓌,g쑺,51355728,123,158
쓌,g쑺,51355729,123,158
쓌,g쑺,51364013,162,208
쓌,g쑺,51364014,162,208
쓌,g쑺,51364020,166,214
쓌,g쑺,51364022,166,214
쓌,g쑺,51364023,166,214
쓌,g쑺,51364024,166,214
쓌,g쑺,51364030,166,214
쓌,g쑺,51364031,166,214
쓌,g쑺,51364032,166,214
쓌,g쑺,51364033,166,214
쓌,g쑺,51364034,166,214
쓌,g쑺,51364035,234,301
쓌,g쑺,51364040,166,214
쓌,g쑺,51364041,166,214
쓌,g쑺,51364042,166,214
쓌,g쑺,51364043,166,214
쓌,g쑺,51364044,166,214
쓌,g쑺,51364045,234,301
쓌,g쑺,51364046,234,301
쓌,g쑺,51364050,166,214
쓌,g쑺,51364051,166,214
쓌,g쑺,51364052,166,214
쓌,g쑺,51364053,166,214
쓌,g쑺,51364054,166,214
쓌,g쑺,51364055,234,301
쓌,g쑺,51364056,234,301
쓌,g쑺,51364060,166,214
쓌,g쑺,51364061,166,214
쓌,g쑺,51364062,166,214
쓌,g쑺,51364063,166,214
쓌,g쑺,51364064,166,214
쓌,g쑺,51364065,234,301
쓌,g쑺,51364070,166,214
쓌,g쑺,51364071,166,214
쓌,g쑺,51364072,166,214
쓌,g쑺,51364073,166,214
쓌,g쑺,51364074,166,214
쓌,g쑺,51364075,234,301
쓌,g쑺,51364080,152,196
쓌,g쑺,51364081,152,196
쓌,g쑺,51364082,152,196
쓌,g쑺,51364083,152,196
쓌,g쑺,51364084,152,196
쓌,g쑺,51364085,201,258
쓌,g쑺,51364090,152,196
쓌,g쑺,51364091,152,196
쓌,g쑺,51364092,152,196
쓌,g쑺,51364093,152,196
쓌,g쑺,51364094,152,196
쓌,g쑺,51364095,201,258
쓌,g쑺,51364096,201,258
쓌,g쑺,51365000,152,196
쓌,g쑺,51365001,152,196
쓌,g쑺,51365002,152,196
쓌,g쑺,51365003,152,196
쓌,g쑺,51365004,152,196
쓌,g쑺,51365005,201,258
쓌,g쑺,51365006,201,258
쓌,g쑺,51365010,152,196
쓌,g쑺,51365011,152,196
쓌,g쑺,51365012,152,196
쓌,g쑺,51365013,152,196
쓌,g쑺,51365014,152,196
쓌,g쑺,51365015,201,258
쓌,g쑺,51365016,201,258
쓌,g쑺,51365020,152,196
쓌,g쑺,51365021,152,196
쓌,g쑺,51365022,152,196
쓌,g쑺,51365023,152,196
쓌,g쑺,51365024,152,196
쓌,g쑺,51365025,201,258
쓌,g쑺,51365026,201,258
쓌,g쑺,51365027,201,258
쓌,g쑺,51365031,152,196
쓌,g쑺,51365032,152,196
쓌,g쑺,51365033,152,196
쓌,g쑺,51365034,152,196
쓌,g쑺,51365035,201,258
쓌,g쑺,51365036,201,258
쓌,g쑺,51365041,126,162
쓌,g쑺,51365042,126,162
쓌,g쑺,51365043,126,162
쓌,g쑺,51365044,126,162
쓌,g쑺,51365045,160,206
쓌,g쑺,51365046,160,206
쓌,g쑺,51365053,126,162
쓌,g쑺,51365054,126,162
쓌,g쑺,51365055,160,206
쓌,g쑺,51365056,160,206
쓌,g쑺,51365064,126,162
쓌,g쑺,51365065,160,206
쓌,g쑺,51365066,160,206
쐼,ܞs암,51351503,168,203
쐼,ܞs암,51351504,168,203
쐼,ܞs암,51351505,172,208
쐼,ܞs암,51351515,172,208
쐼,ܞs암,51351516,172,208
쐼,ܞs암,51351526,168,203
쐼,ܞs암,51351527,168,203
쐼,ܞs암,51351536,168,203
쐼,ܞs암,51351537,168,203
쐼,ܞs암,51351546,168,203
쐼,ܞs암,51351547,168,203
쐼,ܞs암,51351557,168,203
쐼,ܞs암,51351558,168,203
쐼,ܞs암,51351568,168,203
쐼,ܞs암,51351569,168,203
쐼,ܞs암,51351578,168,203
쐼,ܞs암,51351579,168,203
쐼,ܞs암,51351588,153,185
쐼,ܞs암,51351589,153,185
쐼,ܞs암,51351598,153,185
쐼,ܞs암,51351599,153,185
쐼,ܞs암,51351663,151,182
쐼,ܞs암,51351672,151,182
쐼,ܞs암,51351673,151,182
쐼,ܞs암,51351674,151,182
쐼,ܞs암,51351675,170,205
쐼,ܞs암,51351676,170,205
쐼,ܞs암,51351677,170,205
쐼,ܞs암,51351678,170,205
쐼,ܞs암,51351680,146,177
쐼,ܞs암,51351681,146,177
쐼,ܞs암,51351682,146,177
쐼,ܞs암,51351683,146,177
쐼,ܞs암,51351684,146,177
쐼,ܞs암,51351685,172,208
쐼,ܞs암,51351686,172,208
쐼,ܞs암,51351687,172,208
쐼,ܞs암,51351688,172,208
쐼,ܞs암,51351689,172,208
쐼,ܞs암,51351690,146,177
쐼,ܞs암,51351691,146,177
쐼,ܞs암,51351692,146,177
쐼,ܞs암,51351693,146,177
쐼,ܞs암,51351694,146,177
쐼,ܞs암,51351695,172,208
쐼,ܞs암,51351696,172,208
쐼,ܞs암,51351697,172,208
쐼,ܞs암,51351698,172,208
쐼,ܞs암,51351699,172,208
쐼,ܞs암,51351771,253,306
쐼,ܞs암,51351780,249,300
쐼,ܞs암,51351781,249,300
쐼,ܞs암,51351782,249,300
쐼,ܞs암,51351790,249,300
쐼,ܞs암,51351791,249,300
쐼,ܞs암,51351792,249,300
쐼,ܞs암,51352507,153,185
쐼,ܞs암,51352508,153,185
쐼,ܞs암,51352509,153,185
쐼,ܞs암,51352516,153,185
쐼,ܞs암,51352517,153,185
쐼,ܞs암,51352518,153,185
쐼,ܞs암,51352519,153,185
쐼,ܞs암,51352525,153,185
쐼,ܞs암,51352526,153,185
쐼,ܞs암,51352527,153,185
쐼,ܞs암,51352528,153,185
쐼,ܞs암,51352529,153,185
쐼,ܞs암,51352536,153,185
쐼,ܞs암,51352537,153,185
쐼,ܞs암,51352538,153,185
쐼,ܞs암,51352539,153,185
쐼,ܞs암,51352547,132,160
쐼,ܞs암,51352548,132,160
쐼,ܞs암,51352549,132,160
쐼,ܞs암,51352557,132,160
쐼,ܞs암,51352558,132,160
쐼,ܞs암,51352559,132,160
쐼,ܞs암,51352568,132,160
쐼,ܞs암,51352569,132,160
쐼,ܞs암,51352578,132,160
쐼,ܞs암,51352579,132,160
쐼,ܞs암,51352600,146,177
쐼,ܞs암,51352601,146,177
쐼,ܞs암,51352602,146,177
쐼,ܞs암,51352603,146,177
쐼,ܞs암,51352604,146,177
쐼,ܞs암,51352605,172,208
쐼,ܞs암,51352606,172,208
쐼,ܞs암,51352607,172,208
쐼,ܞs암,51352608,172,208
쐼,ܞs암,51352609,172,208
쐼,ܞs암,51352610,146,177
쐼,ܞs암,51352611,146,177
쐼,ܞs암,51352612,146,177
쐼,ܞs암,51352614,146,177
쐼,ܞs암,51352615,172,208
쐼,ܞs암,51352616,172,208
쐼,ܞs암,51352617,172,208
쐼,ܞs암,51352618,172,208
쐼,ܞs암,51352620,146,177
쐼,ܞs암,51352627,172,208
쐼,ܞs암,51352628,172,208
쐼,ܞs암,51352700,249,300
쐼,ܞs암,51352701,249,300
쐼,ܞs암,51352710,249,300
쐼,씗쑺,51350484,153,185
쐼,씗쑺,51350489,161,195
쐼,씗쑺,51350493,153,185
쐼,씗쑺,51350494,153,185
쐼,씗쑺,51350495,161,195
쐼,씗쑺,51350496,161,195
쐼,씗쑺,51350497,161,195
쐼,씗쑺,51350498,161,195
쐼,씗쑺,51350499,161,195
쐼,씗쑺,51350580,168,203
쐼,씗쑺,51350590,168,203
쐼,씗쑺,51350591,168,203
쐼,씗쑺,51351404,153,185
쐼,씗쑺,51351405,161,195
쐼,씗쑺,51351406,161,195
쐼,씗쑺,51351407,161,195
쐼,씗쑺,51351408,161,195
쐼,씗쑺,51351409,161,195
쐼,씗쑺,51351414,153,185
쐼,씗쑺,51351415,161,195
쐼,씗쑺,51351416,161,195
쐼,씗쑺,51351417,161,195
쐼,씗쑺,51351418,161,195
쐼,씗쑺,51351419,161,195
쐼,씗쑺,51351424,136,165
쐼,씗쑺,51351425,141,170
쐼,씗쑺,51351426,141,170
쐼,씗쑺,51351427,141,170
쐼,씗쑺,51351428,141,170
쐼,씗쑺,51351429,141,170
쐼,씗쑺,51351435,141,170
쐼,씗쑺,51351436,141,170
쐼,씗쑺,51351437,141,170
쐼,씗쑺,51351438,141,170
쐼,씗쑺,51351439,141,170
쐼,씗쑺,51351446,141,170
쐼,씗쑺,51351447,141,170
쐼,씗쑺,51351448,141,170
쐼,씗쑺,51351449,141,170
쐼,씗쑺,51351457,141,170
쐼,씗쑺,51351458,141,170
쐼,씗쑺,51351459,141,170
쐼,씗쑺,51351467,141,170
쐼,씗쑺,51351468,141,170
쐼,씗쑺,51351469,141,170
쐼,씗쑺,51351477,141,170
쐼,씗쑺,51351478,141,170
쐼,씗쑺,51351479,141,170
쐼,씗쑺,51351488,136,164
쐼,씗쑺,51351489,136,164
쐼,씗쑺,51351500,168,203
쐼,씗쑺,51351501,168,203
쐼,씗쑺,51351502,168,203
쐼,씗쑺,51351510,168,203
쐼,씗쑺,51351511,168,203
쐼,씗쑺,51351512,168,203
쐼,씗쑺,51351513,168,203
쐼,씗쑺,51351514,168,203
쐼,씗쑺,51351520,165,199
쐼,씗쑺,51351521,165,199
쐼,씗쑺,51351522,165,199
쐼,씗쑺,51351523,165,199
쐼,씗쑺,51351524,165,199
쐼,씗쑺,51351525,168,203
쐼,씗쑺,51351530,165,199
쐼,씗쑺,51351531,165,199
쐼,씗쑺,51351532,165,199
쐼,씗쑺,51351533,165,199
쐼,씗쑺,51351534,165,199
쐼,씗쑺,51351535,168,203
쐼,씗쑺,51351540,165,199
쐼,씗쑺,51351541,165,199
쐼,씗쑺,51351542,165,199
쐼,씗쑺,51351543,165,199
쐼,씗쑺,51351544,165,199
쐼,씗쑺,51351545,168,203
쐼,씗쑺,51351550,165,199
쐼,씗쑺,51351551,165,199
쐼,씗쑺,51351552,165,199
쐼,씗쑺,51351553,165,199
쐼,씗쑺,51351554,165,199
쐼,씗쑺,51351555,168,203
쐼,씗쑺,51351556,168,203
쐼,씗쑺,51351560,165,199
쐼,씗쑺,51351561,165,199
쐼,씗쑺,51351562,165,199
쐼,씗쑺,51351563,165,199
쐼,씗쑺,51351564,165,199
쐼,씗쑺,51351565,168,203
쐼,씗쑺,51351566,168,203
쐼,씗쑺,51351567,168,203
쐼,씗쑺,51351570,165,199
쐼,씗쑺,51351571,165,199
쐼,씗쑺,51351572,165,199
쐼,씗쑺,51351573,165,199
쐼,씗쑺,51351574,165,199
쐼,씗쑺,51351575,168,203
쐼,씗쑺,51351576,168,203
쐼,씗쑺,51351577,168,203
쐼,씗쑺,51351580,151,182
쐼,씗쑺,51351581,151,182
쐼,씗쑺,51351582,151,182
쐼,씗쑺,51351583,151,182
쐼,씗쑺,51351584,151,182
쐼,씗쑺,51351585,153,185
쐼,씗쑺,51351586,153,185
쐼,씗쑺,51351587,153,185
쐼,씗쑺,51351590,151,182
쐼,씗쑺,51351591,151,182
쐼,씗쑺,51351592,151,182
쐼,씗쑺,51351593,151,182
쐼,씗쑺,51351594,151,182
쐼,씗쑺,51351595,153,185
쐼,씗쑺,51351596,153,185
쐼,씗쑺,51351597,153,185
쐼,씗쑺,51352500,151,182
쐼,씗쑺,51352501,151,182
쐼,씗쑺,51352502,151,182
쐼,씗쑺,51352503,151,182
쐼,씗쑺,51352504,151,182
쐼,씗쑺,51352505,153,185
쐼,씗쑺,51352506,153,185
쐼,씗쑺,51352511,151,182
쐼,씗쑺,51352512,151,182
쐼,씗쑺,51352513,151,182
쐼,씗쑺,51352514,151,182
쐼,씗쑺,51352515,153,185
쐼,씗쑺,51352521,151,182
쐼,씗쑺,51352522,151,182
쐼,씗쑺,51352523,151,182
쐼,씗쑺,51352524,151,182
쐼,씗쑺,51352531,151,182
쐼,씗쑺,51352532,151,182
쐼,씗쑺,51352533,151,182
쐼,씗쑺,51352534,151,182
쐼,씗쑺,51352535,153,185
쐼,씗쑺,51352541,146,177
쐼,씗쑺,51352542,146,177
쐼,씗쑺,51352543,146,177
쐼,씗쑺,51352544,146,177
쐼,씗쑺,51352545,132,160
쐼,씗쑺,51352546,132,160
쐼,씗쑺,51352551,146,177
쐼,씗쑺,51352552,146,177
쐼,씗쑺,51352553,146,177
쐼,씗쑺,51352554,146,177
쐼,씗쑺,51352555,132,160
쐼,씗쑺,51352563,146,177
쐼,씗쑺,51352564,146,177
쐼,\Ð쑺,50356488,191,231
쐼,\Ð쑺,50356489,191,231
쐼,\Ð쑺,50356499,191,231
쐼,\Ð쑺,50356550,226,273
쐼,\Ð쑺,50356551,226,273
쐼,\Ð쑺,50356560,226,273
쐼,\Ð쑺,50356561,226,273
쐼,\Ð쑺,50356562,226,273
쐼,\Ð쑺,50356570,226,273
쐼,\Ð쑺,50356571,226,273
쐼,\Ð쑺,50356572,226,273
쐼,\Ð쑺,50356579,190,229
쐼,\Ð쑺,50356580,229,276
쐼,\Ð쑺,50356581,229,276
쐼,\Ð쑺,50356582,229,276
쐼,\Ð쑺,50356583,229,276
쐼,\Ð쑺,50356584,229,276
쐼,\Ð쑺,50356585,191,231
쐼,\Ð쑺,50356586,191,231
쐼,\Ð쑺,50356587,191,231
쐼,\Ð쑺,50356588,191,231
쐼,\Ð쑺,50356589,191,231
쐼,\Ð쑺,50356590,229,276
쐼,\Ð쑺,50356591,229,276
쐼,\Ð쑺,50356592,229,276
쐼,\Ð쑺,50356593,229,276
쐼,\Ð쑺,50356594,229,276
쐼,\Ð쑺,50356595,191,231
쐼,\Ð쑺,50356596,191,231
쐼,\Ð쑺,50356597,191,231
쐼,\Ð쑺,50356598,191,231
쐼,\Ð쑺,50356599,191,231
쐼,\Ð쑺,50356639,180,218
쐼,\Ð쑺,50356649,180,218
쐼,\Ð쑺,50356658,180,218
쐼,\Ð쑺,50356659,180,218
쐼,\Ð쑺,50356660,185,224
쐼,\Ð쑺,50356668,180,218
쐼,\Ð쑺,50356669,180,218
쐼,\Ð쑺,50356670,185,224
쐼,\Ð쑺,50356671,185,224
쐼,\Ð쑺,50356672,185,224
쐼,\Ð쑺,50356673,185,224
쐼,\Ð쑺,50356678,180,218
쐼,\Ð쑺,50356680,194,234
쐼,\Ð쑺,50356681,194,234
쐼,\Ð쑺,50356682,194,234
쐼,\Ð쑺,50356683,194,234
쐼,\Ð쑺,50356684,194,234
쐼,\Ð쑺,50356685,191,231
쐼,\Ð쑺,50356686,191,231
쐼,\Ð쑺,50356687,191,231
쐼,\Ð쑺,50356688,191,231
쐼,\Ð쑺,50356690,194,234
쐼,\Ð쑺,50356691,194,234
쐼,\Ð쑺,50356692,194,234
쐼,\Ð쑺,50356693,194,234
쐼,\Ð쑺,50356694,194,234
쐼,\Ð쑺,50356695,191,231
쐼,\Ð쑺,50356696,191,231
쐼,\Ð쑺,50356697,191,231
쐼,\Ð쑺,50356698,191,231
쐼,\Ð쑺,50356750,190,230
쐼,\Ð쑺,50356790,189,228
쐼,\Ð쑺,50356791,189,228
쐼,\Ð쑺,50357409,191,231
쐼,\Ð쑺,50357419,191,231
쐼,\Ð쑺,50357429,191,231
쐼,\Ð쑺,50357439,191,231
쐼,\Ð쑺,50357500,229,276
쐼,\Ð쑺,50357501,229,276
쐼,\Ð쑺,50357502,229,276
쐼,\Ð쑺,50357503,229,276
쐼,\Ð쑺,50357504,229,276
쐼,\Ð쑺,50357505,191,231
쐼,\Ð쑺,50357506,191,231
쐼,\Ð쑺,50357507,191,231
쐼,\Ð쑺,50357508,191,231
쐼,\Ð쑺,50357509,191,231
쐼,\Ð쑺,50357510,229,276
쐼,\Ð쑺,50357511,229,276
쐼,\Ð쑺,50357512,229,276
쐼,\Ð쑺,50357513,229,276
쐼,\Ð쑺,50357514,229,276
쐼,\Ð쑺,50357515,191,231
쐼,\Ð쑺,50357516,191,231
쐼,\Ð쑺,50357517,191,231
쐼,\Ð쑺,50357518,191,231
쐼,\Ð쑺,50357519,191,231
쐼,\Ð쑺,50357520,229,276
쐼,\Ð쑺,50357521,229,276
쐼,\Ð쑺,50357522,229,276
쐼,\Ð쑺,50357523,229,276
쐼,\Ð쑺,50357524,229,276
쐼,\Ð쑺,50357525,191,231
쐼,\Ð쑺,50357526,191,231
쐼,\Ð쑺,50357527,191,231
쐼,\Ð쑺,50357528,191,231
쐼,\Ð쑺,50357529,191,231
쐼,\Ð쑺,50357530,229,276
쐼,\Ð쑺,50357531,229,276
쐼,\Ð쑺,50357532,229,276
쐼,\Ð쑺,50357533,229,276
쐼,\Ð쑺,50357534,229,276
쐼,\Ð쑺,50357535,191,231
쐼,\Ð쑺,50357536,191,231
쐼,\Ð쑺,50357537,191,231
쐼,\Ð쑺,50357538,191,231
쐼,\Ð쑺,50357539,191,231
쐼,\Ð쑺,50357541,202,244
쐼,\Ð쑺,50357542,202,244
쐼,\Ð쑺,50357543,202,244
쐼,\Ð쑺,50357544,202,244
쐼,\Ð쑺,50357545,183,221
쐼,\Ð쑺,50357546,183,221
쐼,\Ð쑺,50357547,183,221
쐼,\Ð쑺,50357548,183,221
쐼,\Ð쑺,50357549,183,221
쐼,\Ð쑺,50357551,202,244
쐼,\Ð쑺,50357552,202,244
쐼,\Ð쑺,50357553,202,244
쐼,\Ð쑺,50357554,202,244
쐼,\Ð쑺,50357555,183,221
쐼,\Ð쑺,50357556,183,221
쐼,\Ð쑺,50357557,183,221
쐼,\Ð쑺,50357558,183,221
쐼,\Ð쑺,50357559,183,221
쐼,\Ð쑺,50357561,202,244
쐼,\Ð쑺,50357562,202,244
쐼,\Ð쑺,50357563,202,244
쐼,\Ð쑺,50357564,202,244
쐼,\Ð쑺,50357565,183,221
쐼,\Ð쑺,50357566,183,221
쐼,\Ð쑺,50357567,183,221
쐼,\Ð쑺,50357568,183,221
쐼,\Ð쑺,50357569,183,221
쐼,\Ð쑺,50357571,202,244
쐼,\Ð쑺,50357572,202,244
쐼,\Ð쑺,50357573,202,244
쐼,\Ð쑺,50357574,202,244
쐼,\Ð쑺,50357575,183,221
쐼,\Ð쑺,50357576,183,221
쐼,\Ð쑺,50357577,183,221
쐼,\Ð쑺,50357578,183,221
쐼,\Ð쑺,50357579,183,221
쐼,\Ð쑺,50357581,202,244
쐼,\Ð쑺,50357582,202,244
쐼,\Ð쑺,50357583,202,244
쐼,\Ð쑺,50357584,202,244
쐼,\Ð쑺,50357585,183,221
쐼,\Ð쑺,50357586,183,221
쐼,\Ð쑺,50357587,183,221
쐼,\Ð쑺,50357588,183,221
쐼,\Ð쑺,50357589,183,221
쐼,\Ð쑺,50357590,202,244
쐼,\Ð쑺,50357591,202,244
쐼,\Ð쑺,50357592,202,244
쐼,\Ð쑺,50357593,202,244
쐼,\Ð쑺,50357594,202,244
쐼,\Ð쑺,50357595,183,221
쐼,\Ð쑺,50357596,183,221
쐼,\Ð쑺,50357597,183,221
쐼,\Ð쑺,50357598,183,221
쐼,\Ð쑺,50357599,183,221
쐼,\Ð쑺,50357600,194,234
쐼,\Ð쑺,50357601,194,234
쐼,\Ð쑺,50357602,194,234
쐼,\Ð쑺,50357603,194,234
쐼,\Ð쑺,50357604,194,234
쐼,\Ð쑺,50357605,191,231
쐼,\Ð쑺,50357606,191,231
쐼,\Ð쑺,50357607,191,231
쐼,\Ð쑺,50357608,191,231
쐼,\Ð쑺,50357609,191,231
쐼,\Ð쑺,50357610,194,234
쐼,\Ð쑺,50357611,194,234
쐼,\Ð쑺,50357612,194,234
쐼,\Ð쑺,50357613,194,234
쐼,\Ð쑺,50357614,194,234
쐼,\Ð쑺,50357615,191,231
쐼,\Ð쑺,50357616,191,231
쐼,\Ð쑺,50357617,191,231
쐼,\Ð쑺,50357618,191,231
쐼,\Ð쑺,50357619,191,231
쐼,\Ð쑺,50357620,194,234
쐼,\Ð쑺,50357621,194,234
쐼,\Ð쑺,50357622,194,234
쐼,\Ð쑺,50357623,194,234
쐼,\Ð쑺,50357624,194,234
쐼,\Ð쑺,50357625,191,231
쐼,\Ð쑺,50357626,191,231
쐼,\Ð쑺,50357627,191,231
쐼,\Ð쑺,50357628,191,231
쐼,\Ð쑺,50357629,191,231
쐼,\Ð쑺,50357630,194,234
쐼,\Ð쑺,50357631,194,234
쐼,\Ð쑺,50357632,194,234
쐼,\Ð쑺,50357633,194,234
쐼,\Ð쑺,50357634,194,234
쐼,\Ð쑺,50357635,191,231
쐼,\Ð쑺,50357636,191,231
쐼,\Ð쑺,50357637,191,231
쐼,\Ð쑺,50357638,191,231
쐼,\Ð쑺,50357639,191,231
쐼,\Ð쑺,50357640,174,210
쐼,\Ð쑺,50357641,174,210
쐼,\Ð쑺,50357642,174,210
쐼,\Ð쑺,50357643,174,210
쐼,\Ð쑺,50357644,174,210
쐼,\Ð쑺,50357645,180,218
쐼,\Ð쑺,50357646,180,218
쐼,\Ð쑺,50357647,180,218
쐼,\Ð쑺,50357648,180,218
쐼,\Ð쑺,50357649,180,218
쐼,\Ð쑺,50357650,174,210
쐼,\Ð쑺,50357651,174,210
쐼,\Ð쑺,50357652,174,210
쐼,\Ð쑺,50357653,174,210
쐼,\Ð쑺,50357654,174,210
쐼,\Ð쑺,50357655,180,218
쐼,\Ð쑺,50357656,180,218
쐼,\Ð쑺,50357657,180,218
쐼,\Ð쑺,50357658,180,218
쐼,\Ð쑺,50357659,180,218
쐼,\Ð쑺,50357660,174,210
쐼,\Ð쑺,50357661,174,210
쐼,\Ð쑺,50357662,174,210
쐼,\Ð쑺,50357663,174,210
쐼,\Ð쑺,50357664,174,210
쐼,\Ð쑺,50357665,180,218
쐼,\Ð쑺,50357666,180,218
쐼,\Ð쑺,50357667,180,218
쐼,\Ð쑺,50357668,180,218
쐼,\Ð쑺,50357669,180,218
쐼,\Ð쑺,50357670,174,210
쐼,\Ð쑺,50357671,174,210
쐼,\Ð쑺,50357672,174,210
쐼,\Ð쑺,50357673,174,210
쐼,\Ð쑺,50357674,174,210
쐼,\Ð쑺,50357675,180,218
쐼,\Ð쑺,50357676,180,218
쐼,\Ð쑺,50357677,180,218
쐼,\Ð쑺,50357678,180,218
쐼,\Ð쑺,50357679,180,218
쐼,\Ð쑺,50357680,174,210
쐼,\Ð쑺,50357681,174,210
쐼,\Ð쑺,50357682,174,210
쐼,\Ð쑺,50357683,174,210
쐼,\Ð쑺,50357684,174,210
쐼,\Ð쑺,50357685,180,218
쐼,\Ð쑺,50357686,180,218
쐼,\Ð쑺,50357687,180,218
쐼,\Ð쑺,50357688,180,218
쐼,\Ð쑺,50357689,180,218
쐼,\Ð쑺,50357690,174,210
쐼,\Ð쑺,50357691,174,210
쐼,\Ð쑺,50357692,174,210
쐼,\Ð쑺,50357693,174,210
쐼,\Ð쑺,50357694,174,210
쐼,\Ð쑺,50357695,180,218
쐼,\Ð쑺,50357696,180,218
쐼,\Ð쑺,50357697,180,218
쐼,\Ð쑺,50357698,180,218
쐼,\Ð쑺,50357699,180,218
쐼,\Ð쑺,50357700,189,228
쐼,\Ð쑺,50357701,189,228
쐼,\Ð쑺,50357702,189,228
쐼,\Ð쑺,50357710,189,228
쐼,\Ð쑺,50357711,189,228
쐼,\Ð쑺,50357720,189,228
쐼,\Ð쑺,50357721,189,228
쐼,\Ð쑺,50357730,189,228
쐼,\Ð쑺,50357740,198,239
쐼,\Ð쑺,50357741,198,239
쐼,\Ð쑺,50357750,198,239
쐼,\Ð쑺,50357751,198,239
쐼,\Ð쑺,50357752,198,239
쐼,\Ð쑺,50357760,198,239
쐼,\Ð쑺,50357761,198,239
쐼,\Ð쑺,50357762,198,239
쐼,\Ð쑺,50357770,198,239
쐼,\Ð쑺,50357771,198,239
쐼,\Ð쑺,50357780,198,239
쐼,\Ð쑺,50357781,198,239
쐼,\Ð쑺,50357790,198,239
쐼,\Ð쑺,50357791,198,239
쐼,\Ð쑺,51350419,195,236
쐼,\Ð쑺,51350427,195,236
쐼,\Ð쑺,51350428,195,236
쐼,\Ð쑺,51350429,195,236
쐼,\Ð쑺,51350438,195,236
쐼,\Ð쑺,51350439,195,236
쐼,\Ð쑺,51350448,195,236
쐼,\Ð쑺,51350449,195,236
쐼,\Ð쑺,51350457,195,236
쐼,\Ð쑺,51350458,195,236
쐼,\Ð쑺,51350459,195,236
쐼,\Ð쑺,51350467,161,195
쐼,\Ð쑺,51350468,161,195
쐼,\Ð쑺,51350469,161,195
쐼,\Ð쑺,51350475,161,195
쐼,\Ð쑺,51350476,161,195
쐼,\Ð쑺,51350477,161,195
쐼,\Ð쑺,51350478,161,195
쐼,\Ð쑺,51350479,161,195
쐼,\Ð쑺,51350485,161,195
쐼,\Ð쑺,51350486,161,195
쐼,\Ð쑺,51350487,161,195
쐼,\Ð쑺,51350488,161,195
쐼,\Ð쑺,51350500,239,288
쐼,\Ð쑺,51350501,239,288
쐼,\Ð쑺,51350502,239,288
쐼,\Ð쑺,51350503,239,288
쐼,\Ð쑺,51350504,239,288
쐼,\Ð쑺,51350505,187,226
쐼,\Ð쑺,51350506,187,226
쐼,\Ð쑺,51350507,187,226
쐼,\Ð쑺,51350508,187,226
쐼,\Ð쑺,51350509,187,226
쐼,\Ð쑺,51350510,239,288
쐼,\Ð쑺,51350511,239,288
쐼,\Ð쑺,51350512,239,288
쐼,\Ð쑺,51350513,239,288
쐼,\Ð쑺,51350514,239,288
쐼,\Ð쑺,51350515,187,226
쐼,\Ð쑺,51350516,187,226
쐼,\Ð쑺,51350517,187,226
쐼,\Ð쑺,51350518,187,226
쐼,\Ð쑺,51350519,187,226
쐼,\Ð쑺,51350520,239,288
쐼,\Ð쑺,51350521,239,288
쐼,\Ð쑺,51350522,239,288
쐼,\Ð쑺,51350523,239,288
쐼,\Ð쑺,51350524,239,288
쐼,\Ð쑺,51350525,187,226
쐼,\Ð쑺,51350526,187,226
쐼,\Ð쑺,51350527,187,226
쐼,\Ð쑺,51350528,187,226
쐼,\Ð쑺,51350529,187,226
쐼,\Ð쑺,51350530,239,288
쐼,\Ð쑺,51350531,239,288
쐼,\Ð쑺,51350532,239,288
쐼,\Ð쑺,51350533,239,288
쐼,\Ð쑺,51350534,239,288
쐼,\Ð쑺,51350535,187,226
쐼,\Ð쑺,51350536,187,226
쐼,\Ð쑺,51350537,187,226
쐼,\Ð쑺,51350538,187,226
쐼,\Ð쑺,51350539,187,226
쐼,\Ð쑺,51350540,239,288
쐼,\Ð쑺,51350541,239,288
쐼,\Ð쑺,51350542,239,288
쐼,\Ð쑺,51350543,239,288
쐼,\Ð쑺,51350544,239,288
쐼,\Ð쑺,51350545,187,226
쐼,\Ð쑺,51350546,187,226
쐼,\Ð쑺,51350547,187,226
쐼,\Ð쑺,51350548,187,226
쐼,\Ð쑺,51350549,187,226
쐼,\Ð쑺,51350550,239,288
쐼,\Ð쑺,51350551,239,288
쐼,\Ð쑺,51350552,239,288
쐼,\Ð쑺,51350553,239,288
쐼,\Ð쑺,51350554,239,288
쐼,\Ð쑺,51350555,187,226
쐼,\Ð쑺,51350556,187,226
쐼,\Ð쑺,51350557,187,226
쐼,\Ð쑺,51350558,187,226
쐼,\Ð쑺,51350559,187,226
쐼,\Ð쑺,51350560,168,203
쐼,\Ð쑺,51350561,168,203
쐼,\Ð쑺,51350562,168,203
쐼,\Ð쑺,51350563,168,203
쐼,\Ð쑺,51350564,168,203
쐼,\Ð쑺,51350565,172,208
쐼,\Ð쑺,51350566,172,208
쐼,\Ð쑺,51350567,172,208
쐼,\Ð쑺,51350568,172,208
쐼,\Ð쑺,51350569,172,208
쐼,\Ð쑺,51350570,168,203
쐼,\Ð쑺,51350571,168,203
쐼,\Ð쑺,51350572,168,203
쐼,\Ð쑺,51350573,168,203
쐼,\Ð쑺,51350574,168,203
쐼,\Ð쑺,51350575,172,208
쐼,\Ð쑺,51350576,172,208
쐼,\Ð쑺,51350577,172,208
쐼,\Ð쑺,51350578,172,208
쐼,\Ð쑺,51350579,172,208
쐼,\Ð쑺,51350581,168,203
쐼,\Ð쑺,51350582,168,203
쐼,\Ð쑺,51350583,168,203
쐼,\Ð쑺,51350584,168,203
쐼,\Ð쑺,51350585,172,208
쐼,\Ð쑺,51350586,172,208
쐼,\Ð쑺,51350587,172,208
쐼,\Ð쑺,51350588,172,208
쐼,\Ð쑺,51350589,172,208
쐼,\Ð쑺,51350592,168,203
쐼,\Ð쑺,51350593,168,203
쐼,\Ð쑺,51350594,168,203
쐼,\Ð쑺,51350595,172,208
쐼,\Ð쑺,51350596,172,208
쐼,\Ð쑺,51350597,172,208
쐼,\Ð쑺,51350598,172,208
쐼,\Ð쑺,51350599,172,208
쐼,\Ð쑺,51350600,168,203
쐼,\Ð쑺,51350601,168,203
쐼,\Ð쑺,51350602,168,203
쐼,\Ð쑺,51350603,168,203
쐼,\Ð쑺,51350604,168,203
쐼,\Ð쑺,51350605,191,231
쐼,\Ð쑺,51350606,191,231
쐼,\Ð쑺,51350607,191,231
쐼,\Ð쑺,51350608,191,231
쐼,\Ð쑺,51350609,191,231
쐼,\Ð쑺,51350610,168,203
쐼,\Ð쑺,51350611,168,203
쐼,\Ð쑺,51350612,168,203
쐼,\Ð쑺,51350613,168,203
쐼,\Ð쑺,51350614,168,203
쐼,\Ð쑺,51350615,191,231
쐼,\Ð쑺,51350616,191,231
쐼,\Ð쑺,51350617,191,231
쐼,\Ð쑺,51350618,191,231
쐼,\Ð쑺,51350619,191,231
쐼,\Ð쑺,51350620,168,203
쐼,\Ð쑺,51350621,168,203
쐼,\Ð쑺,51350622,168,203
쐼,\Ð쑺,51350623,168,203
쐼,\Ð쑺,51350624,168,203
쐼,\Ð쑺,51350625,191,231
쐼,\Ð쑺,51350626,191,231
쐼,\Ð쑺,51350627,191,231
쐼,\Ð쑺,51350628,191,231
쐼,\Ð쑺,51350629,191,231
쐼,\Ð쑺,51350630,168,203
쐼,\Ð쑺,51350631,168,203
쐼,\Ð쑺,51350632,168,203
쐼,\Ð쑺,51350633,168,203
쐼,\Ð쑺,51350634,168,203
쐼,\Ð쑺,51350635,191,231
쐼,\Ð쑺,51350636,191,231
쐼,\Ð쑺,51350637,191,231
쐼,\Ð쑺,51350638,191,231
쐼,\Ð쑺,51350639,191,231
쐼,\Ð쑺,51350640,168,203
쐼,\Ð쑺,51350641,168,203
쐼,\Ð쑺,51350642,168,203
쐼,\Ð쑺,51350643,168,203
쐼,\Ð쑺,51350644,168,203
쐼,\Ð쑺,51350645,191,231
쐼,\Ð쑺,51350646,191,231
쐼,\Ð쑺,51350647,191,231
쐼,\Ð쑺,51350648,191,231
쐼,\Ð쑺,51350649,191,231
쐼,\Ð쑺,51350650,168,203
쐼,\Ð쑺,51350651,168,203
쐼,\Ð쑺,51350652,168,203
쐼,\Ð쑺,51350653,168,203
쐼,\Ð쑺,51350654,168,203
쐼,\Ð쑺,51350655,191,231
쐼,\Ð쑺,51350656,191,231
쐼,\Ð쑺,51350657,191,231
쐼,\Ð쑺,51350658,191,231
쐼,\Ð쑺,51350659,191,231
쐼,\Ð쑺,51350660,174,210
쐼,\Ð쑺,51350661,174,210
쐼,\Ð쑺,51350662,174,210
쐼,\Ð쑺,51350663,174,210
쐼,\Ð쑺,51350664,174,210
쐼,\Ð쑺,51350665,180,218
쐼,\Ð쑺,51350666,180,218
쐼,\Ð쑺,51350667,180,218
쐼,\Ð쑺,51350668,180,218
쐼,\Ð쑺,51350669,180,218
쐼,\Ð쑺,51350670,174,210
쐼,\Ð쑺,51350671,174,210
쐼,\Ð쑺,51350672,174,210
쐼,\Ð쑺,51350673,174,210
쐼,\Ð쑺,51350674,174,210
쐼,\Ð쑺,51350675,180,218
쐼,\Ð쑺,51350676,180,218
쐼,\Ð쑺,51350677,180,218
쐼,\Ð쑺,51350678,180,218
쐼,\Ð쑺,51350679,180,218
쐼,\Ð쑺,51350680,174,210
쐼,\Ð쑺,51350681,174,210
쐼,\Ð쑺,51350682,174,210
쐼,\Ð쑺,51350683,174,210
쐼,\Ð쑺,51350684,174,210
쐼,\Ð쑺,51350685,180,218
쐼,\Ð쑺,51350686,180,218
쐼,\Ð쑺,51350687,180,218
쐼,\Ð쑺,51350688,180,218
쐼,\Ð쑺,51350689,180,218
쐼,\Ð쑺,51350690,174,210
쐼,\Ð쑺,51350691,174,210
쐼,\Ð쑺,51350692,174,210
쐼,\Ð쑺,51350693,174,210
쐼,\Ð쑺,51350694,174,210
쐼,\Ð쑺,51350695,180,218
쐼,\Ð쑺,51350696,180,218
쐼,\Ð쑺,51350697,180,218
쐼,\Ð쑺,51350698,180,218
쐼,\Ð쑺,51350699,180,218
쐼,\Ð쑺,51350700,209,253
쐼,\Ð쑺,51350701,209,253
쐼,\Ð쑺,51350702,209,253
쐼,\Ð쑺,51350710,209,253
쐼,\Ð쑺,51350711,209,253
쐼,\Ð쑺,51350720,209,253
쐼,\Ð쑺,51350721,209,253
쐼,\Ð쑺,51350730,209,253
쐼,\Ð쑺,51350731,209,253
쐼,\Ð쑺,51350732,209,253
쐼,\Ð쑺,51350740,209,253
쐼,\Ð쑺,51350741,209,253
쐼,\Ð쑺,51350750,209,253
쐼,\Ð쑺,51350751,209,253
쐼,\Ð쑺,51350760,235,284
쐼,\Ð쑺,51350761,235,284
쐼,\Ð쑺,51350770,235,284
쐼,\Ð쑺,51350771,235,284
쐼,\Ð쑺,51350780,235,284
쐼,\Ð쑺,51350790,235,284
쐼,\Ð쑺,51350791,235,284
쐼,\Ð쑺,51351506,172,208
쐼,\Ð쑺,51351507,172,208
쐼,\Ð쑺,51351508,172,208
쐼,\Ð쑺,51351509,172,208
쐼,\Ð쑺,51351517,172,208
쐼,\Ð쑺,51351518,172,208
쐼,\Ð쑺,51351519,172,208
쐼,\Ð쑺,51351528,168,203
쐼,\Ð쑺,51351529,168,203
쐼,\Ð쑺,51351538,168,203
쐼,\Ð쑺,51351539,168,203
쐼,\Ð쑺,51351548,168,203
쐼,\Ð쑺,51351549,168,203
쐼,\Ð쑺,51351559,168,203
쐼,\Ð쑺,51351600,174,210
쐼,\Ð쑺,51351601,174,210
쐼,\Ð쑺,51351602,174,210
쐼,\Ð쑺,51351603,174,210
쐼,\Ð쑺,51351604,174,210
쐼,\Ð쑺,51351605,180,218
쐼,\Ð쑺,51351606,180,218
쐼,\Ð쑺,51351607,180,218
쐼,\Ð쑺,51351608,180,218
쐼,\Ð쑺,51351609,180,218
쐼,\Ð쑺,51351610,174,210
쐼,\Ð쑺,51351611,174,210
쐼,\Ð쑺,51351612,174,210
쐼,\Ð쑺,51351613,174,210
쐼,\Ð쑺,51351614,174,210
쐼,\Ð쑺,51351615,180,218
쐼,\Ð쑺,51351616,180,218
쐼,\Ð쑺,51351617,180,218
쐼,\Ð쑺,51351618,180,218
쐼,\Ð쑺,51351619,180,218
쐼,\Ð쑺,51351620,151,182
쐼,\Ð쑺,51351621,151,182
쐼,\Ð쑺,51351622,151,182
쐼,\Ð쑺,51351623,151,182
쐼,\Ð쑺,51351624,151,182
쐼,\Ð쑺,51351625,170,205
쐼,\Ð쑺,51351626,170,205
쐼,\Ð쑺,51351627,170,205
쐼,\Ð쑺,51351628,170,205
쐼,\Ð쑺,51351629,170,205
쐼,\Ð쑺,51351630,151,182
쐼,\Ð쑺,51351631,151,182
쐼,\Ð쑺,51351632,151,182
쐼,\Ð쑺,51351633,151,182
쐼,\Ð쑺,51351634,151,182
쐼,\Ð쑺,51351635,170,205
쐼,\Ð쑺,51351636,170,205
쐼,\Ð쑺,51351637,170,205
쐼,\Ð쑺,51351638,170,205
쐼,\Ð쑺,51351639,170,205
쐼,\Ð쑺,51351640,151,182
쐼,\Ð쑺,51351641,151,182
쐼,\Ð쑺,51351642,151,182
쐼,\Ð쑺,51351643,151,182
쐼,\Ð쑺,51351644,151,182
쐼,\Ð쑺,51351645,170,205
쐼,\Ð쑺,51351646,170,205
쐼,\Ð쑺,51351647,170,205
쐼,\Ð쑺,51351648,170,205
쐼,\Ð쑺,51351649,170,205
쐼,\Ð쑺,51351650,151,182
쐼,\Ð쑺,51351651,151,182
쐼,\Ð쑺,51351652,151,182
쐼,\Ð쑺,51351653,151,182
쐼,\Ð쑺,51351654,151,182
쐼,\Ð쑺,51351655,170,205
쐼,\Ð쑺,51351656,170,205
쐼,\Ð쑺,51351657,170,205
쐼,\Ð쑺,51351658,170,205
쐼,\Ð쑺,51351659,170,205
쐼,\Ð쑺,51351660,151,182
쐼,\Ð쑺,51351661,151,182
쐼,\Ð쑺,51351662,151,182
쐼,\Ð쑺,51351664,151,182
쐼,\Ð쑺,51351665,170,205
쐼,\Ð쑺,51351666,170,205
쐼,\Ð쑺,51351667,170,205
쐼,\Ð쑺,51351668,170,205
쐼,\Ð쑺,51351669,170,205
쐼,\Ð쑺,51351670,151,182
쐼,\Ð쑺,51351671,151,182
쐼,\Ð쑺,51351679,170,205
쐼,\Ð쑺,51351700,235,284
쐼,\Ð쑺,51351701,235,284
쐼,\Ð쑺,51351710,235,284
쐼,\Ð쑺,51351711,235,284
쐼,\Ð쑺,51351720,253,306
쐼,\Ð쑺,51351721,253,306
쐼,\Ð쑺,51351730,253,306
쐼,\Ð쑺,51351731,253,306
쐼,\Ð쑺,51351740,253,306
쐼,\Ð쑺,51351741,253,306
쐼,\Ð쑺,51351742,253,306
쐼,\Ð쑺,51351750,253,306
쐼,\Ð쑺,51351751,253,306
쐼,\Ð쑺,51351752,253,306
쐼,\Ð쑺,51351760,253,306
쐼,\Ð쑺,51351761,253,306
쐼,\Ð쑺,51351762,253,306
쐼,\Ð쑺,51351770,253,306
