（別添）大雨警報・注意報の土壌雨量指数基準値,,,,令和7年5月29日現在,
市町村等をまとめた地域,市町村等,地域メッシュコード（１km格子対応）,土壌雨量指数基準（注意報）,土壌雨量指数基準（警報）,
鳥取地区,鳥取市北部,53330779,126,162,
鳥取地区,鳥取市北部,53331709,112,144,
鳥取地区,鳥取市北部,53331716,109,140,
鳥取地区,鳥取市北部,53331717,109,141,
鳥取地区,鳥取市北部,53331718,110,142,
鳥取地区,鳥取市北部,53331719,110,142,
鳥取地区,鳥取市北部,53331726,113,146,
鳥取地区,鳥取市北部,53331727,113,146,
鳥取地区,鳥取市北部,53331728,113,146,
鳥取地区,鳥取市北部,53331729,109,140,
鳥取地区,鳥取市北部,53331736,114,147,
鳥取地区,鳥取市北部,53331737,113,146,
鳥取地区,鳥取市北部,53331738,113,146,
鳥取地区,鳥取市北部,53331739,113,145,
鳥取地区,鳥取市北部,53331746,113,146,
鳥取地区,鳥取市北部,53331747,113,145,
鳥取地区,鳥取市北部,53331748,112,144,
鳥取地区,鳥取市北部,53331749,112,144,
鳥取地区,鳥取市北部,53331756,108,139,
鳥取地区,鳥取市北部,53331757,113,145,
鳥取地区,鳥取市北部,53331758,112,144,
鳥取地区,鳥取市北部,53331759,111,143,
鳥取地区,鳥取市北部,53331766,107,138,
鳥取地区,鳥取市北部,53331767,107,138,
鳥取地区,鳥取市北部,53331768,106,137,
鳥取地区,鳥取市北部,53331769,106,136,
鳥取地区,鳥取市北部,53331776,112,144,
鳥取地区,鳥取市北部,53331777,112,144,
鳥取地区,鳥取市北部,53331778,112,144,
鳥取地区,鳥取市北部,53331779,110,142,
鳥取地区,鳥取市北部,53331786,112,144,
鳥取地区,鳥取市北部,53331787,112,144,
鳥取地区,鳥取市北部,53331788,110,142,
鳥取地区,鳥取市北部,53331789,109,141,
鳥取地区,鳥取市北部,53331797,112,144,
鳥取地区,鳥取市北部,53331798,109,141,
鳥取地区,鳥取市北部,53331799,109,140,
鳥取地区,鳥取市北部,53332707,110,142,
鳥取地区,鳥取市北部,53332708,109,141,
鳥取地区,鳥取市北部,53332709,108,139,
鳥取地区,鳥取市北部,53332718,109,141,
鳥取地区,鳥取市北部,53332719,109,140,
鳥取地区,鳥取市北部,53332728,109,140,
鳥取地区,鳥取市北部,53332729,109,140,
鳥取地区,鳥取市北部,53332738,109,－,
鳥取地区,鳥取市北部,53332739,109,－,
鳥取地区,鳥取市北部,53340061,127,164,
鳥取地区,鳥取市北部,53340062,145,186,
鳥取地区,鳥取市北部,53340063,161,207,
鳥取地区,鳥取市北部,53340064,131,168,
鳥取地区,鳥取市北部,53340070,121,156,
鳥取地区,鳥取市北部,53340071,128,165,
鳥取地区,鳥取市北部,53340072,130,167,
鳥取地区,鳥取市北部,53340073,140,180,
鳥取地区,鳥取市北部,53340074,128,165,
鳥取地区,鳥取市北部,53340075,126,162,
鳥取地区,鳥取市北部,53340076,120,154,
鳥取地区,鳥取市北部,53340077,116,149,
鳥取地区,鳥取市北部,53340078,116,149,
鳥取地区,鳥取市北部,53340080,116,149,
鳥取地区,鳥取市北部,53340081,127,164,
鳥取地区,鳥取市北部,53340082,127,164,
鳥取地区,鳥取市北部,53340083,129,166,
鳥取地区,鳥取市北部,53340084,127,163,
鳥取地区,鳥取市北部,53340085,124,159,
鳥取地区,鳥取市北部,53340086,119,153,
鳥取地区,鳥取市北部,53340087,116,149,
鳥取地区,鳥取市北部,53340088,117,151,
鳥取地区,鳥取市北部,53340089,109,141,
鳥取地区,鳥取市北部,53340090,117,151,
鳥取地区,鳥取市北部,53340091,122,157,
鳥取地区,鳥取市北部,53340092,120,154,
鳥取地区,鳥取市北部,53340093,124,160,
鳥取地区,鳥取市北部,53340094,120,154,
鳥取地区,鳥取市北部,53340095,109,141,
鳥取地区,鳥取市北部,53340096,118,152,
鳥取地区,鳥取市北部,53340097,114,147,
鳥取地区,鳥取市北部,53340098,109,141,
鳥取地区,鳥取市北部,53340099,117,151,
鳥取地区,鳥取市北部,53340170,117,151,
鳥取地区,鳥取市北部,53340180,102,131,
鳥取地区,鳥取市北部,53340181,99,128,
鳥取地区,鳥取市北部,53340182,99,128,
鳥取地区,鳥取市北部,53340190,115,148,
鳥取地区,鳥取市北部,53340191,98,126,
鳥取地区,鳥取市北部,53340192,98,126,
鳥取地区,鳥取市北部,53340193,98,126,
鳥取地区,鳥取市北部,53340194,99,127,
鳥取地区,鳥取市北部,53341000,115,148,
鳥取地区,鳥取市北部,53341001,117,151,
鳥取地区,鳥取市北部,53341002,117,150,
鳥取地区,鳥取市北部,53341003,122,157,
鳥取地区,鳥取市北部,53341004,110,142,
鳥取地区,鳥取市北部,53341005,109,140,
鳥取地区,鳥取市北部,53341006,103,133,
鳥取地区,鳥取市北部,53341007,103,133,
鳥取地区,鳥取市北部,53341008,102,131,
鳥取地区,鳥取市北部,53341009,100,129,
鳥取地区,鳥取市北部,53341010,111,143,
鳥取地区,鳥取市北部,53341011,112,144,
鳥取地区,鳥取市北部,53341012,112,144,
鳥取地区,鳥取市北部,53341013,111,143,
鳥取地区,鳥取市北部,53341014,105,135,
鳥取地区,鳥取市北部,53341015,103,133,
鳥取地区,鳥取市北部,53341016,102,131,
鳥取地区,鳥取市北部,53341017,101,130,
鳥取地区,鳥取市北部,53341018,100,129,
鳥取地区,鳥取市北部,53341019,100,129,
鳥取地区,鳥取市北部,53341020,104,134,
鳥取地区,鳥取市北部,53341021,109,141,
鳥取地区,鳥取市北部,53341022,109,141,
鳥取地区,鳥取市北部,53341023,109,141,
鳥取地区,鳥取市北部,53341024,103,133,
鳥取地区,鳥取市北部,53341025,102,132,
鳥取地区,鳥取市北部,53341026,102,131,
鳥取地区,鳥取市北部,53341027,102,131,
鳥取地区,鳥取市北部,53341028,102,131,
鳥取地区,鳥取市北部,53341029,101,130,
鳥取地区,鳥取市北部,53341030,107,138,
鳥取地区,鳥取市北部,53341031,108,139,
鳥取地区,鳥取市北部,53341032,107,138,
鳥取地区,鳥取市北部,53341033,107,138,
鳥取地区,鳥取市北部,53341034,102,131,
鳥取地区,鳥取市北部,53341035,101,130,
鳥取地区,鳥取市北部,53341036,101,130,
鳥取地区,鳥取市北部,53341037,102,131,
鳥取地区,鳥取市北部,53341038,102,132,
鳥取地区,鳥取市北部,53341039,103,133,
鳥取地区,鳥取市北部,53341040,107,138,
鳥取地区,鳥取市北部,53341041,102,132,
鳥取地区,鳥取市北部,53341042,102,131,
鳥取地区,鳥取市北部,53341043,102,131,
鳥取地区,鳥取市北部,53341044,102,131,
鳥取地区,鳥取市北部,53341045,95,123,
鳥取地区,鳥取市北部,53341046,95,123,
鳥取地区,鳥取市北部,53341047,102,132,
鳥取地区,鳥取市北部,53341048,103,133,
鳥取地区,鳥取市北部,53341049,102,132,
鳥取地区,鳥取市北部,53341050,106,136,
鳥取地区,鳥取市北部,53341051,101,130,
鳥取地区,鳥取市北部,53341052,102,131,
鳥取地区,鳥取市北部,53341053,100,129,
鳥取地区,鳥取市北部,53341054,99,128,
鳥取地区,鳥取市北部,53341055,99,127,
鳥取地区,鳥取市北部,53341056,99,128,
鳥取地区,鳥取市北部,53341057,101,130,
鳥取地区,鳥取市北部,53341058,102,131,
鳥取地区,鳥取市北部,53341059,99,128,
鳥取地区,鳥取市北部,53341060,106,136,
鳥取地区,鳥取市北部,53341061,100,129,
鳥取地区,鳥取市北部,53341062,100,129,
鳥取地区,鳥取市北部,53341063,99,128,
鳥取地区,鳥取市北部,53341064,99,128,
鳥取地区,鳥取市北部,53341065,99,127,
鳥取地区,鳥取市北部,53341066,99,127,
鳥取地区,鳥取市北部,53341067,98,126,
鳥取地区,鳥取市北部,53341068,99,127,
鳥取地区,鳥取市北部,53341069,98,126,
鳥取地区,鳥取市北部,53341070,103,133,
鳥取地区,鳥取市北部,53341071,104,134,
鳥取地区,鳥取市北部,53341072,99,128,
鳥取地区,鳥取市北部,53341073,99,128,
鳥取地区,鳥取市北部,53341074,99,127,
鳥取地区,鳥取市北部,53341075,98,126,
鳥取地区,鳥取市北部,53341076,98,126,
鳥取地区,鳥取市北部,53341077,97,125,
鳥取地区,鳥取市北部,53341078,96,124,
鳥取地区,鳥取市北部,53341079,95,123,
鳥取地区,鳥取市北部,53341080,103,133,
鳥取地区,鳥取市北部,53341081,102,132,
鳥取地区,鳥取市北部,53341082,103,133,
鳥取地区,鳥取市北部,53341083,102,132,
鳥取地区,鳥取市北部,53341084,98,126,
鳥取地区,鳥取市北部,53341085,97,125,
鳥取地区,鳥取市北部,53341086,97,125,
鳥取地区,鳥取市北部,53341087,102,131,
鳥取地区,鳥取市北部,53341088,101,130,
鳥取地区,鳥取市北部,53341089,100,129,
鳥取地区,鳥取市北部,53341090,103,133,
鳥取地区,鳥取市北部,53341091,102,132,
鳥取地区,鳥取市北部,53341092,102,131,
鳥取地区,鳥取市北部,53341093,102,132,
鳥取地区,鳥取市北部,53341094,98,126,
鳥取地区,鳥取市北部,53341095,95,123,
鳥取地区,鳥取市北部,53341096,95,123,
鳥取地区,鳥取市北部,53341097,101,130,
鳥取地区,鳥取市北部,53341098,101,130,
鳥取地区,鳥取市北部,53341099,100,129,
鳥取地区,鳥取市北部,53341100,109,140,
鳥取地区,鳥取市北部,53341101,108,139,
鳥取地区,鳥取市北部,53341102,99,127,
鳥取地区,鳥取市北部,53341103,98,126,
鳥取地区,鳥取市北部,53341104,98,126,
鳥取地区,鳥取市北部,53341108,102,131,
鳥取地区,鳥取市北部,53341110,99,128,
鳥取地区,鳥取市北部,53341111,99,127,
鳥取地区,鳥取市北部,53341112,98,126,
鳥取地区,鳥取市北部,53341113,98,126,
鳥取地区,鳥取市北部,53341114,97,125,
鳥取地区,鳥取市北部,53341115,97,125,
鳥取地区,鳥取市北部,53341117,101,130,
鳥取地区,鳥取市北部,53341118,101,130,
鳥取地区,鳥取市北部,53341119,102,131,
鳥取地区,鳥取市北部,53341120,100,129,
鳥取地区,鳥取市北部,53341121,99,127,
鳥取地区,鳥取市北部,53341122,98,126,
鳥取地区,鳥取市北部,53341123,96,124,
鳥取地区,鳥取市北部,53341124,96,124,
鳥取地区,鳥取市北部,53341125,96,124,
鳥取地区,鳥取市北部,53341126,95,123,
鳥取地区,鳥取市北部,53341127,95,123,
鳥取地区,鳥取市北部,53341128,95,123,
鳥取地区,鳥取市北部,53341129,95,123,
鳥取地区,鳥取市北部,53341130,102,131,
鳥取地区,鳥取市北部,53341131,99,128,
鳥取地区,鳥取市北部,53341132,98,126,
鳥取地区,鳥取市北部,53341133,96,124,
鳥取地区,鳥取市北部,53341134,96,124,
鳥取地区,鳥取市北部,53341135,95,123,
鳥取地区,鳥取市北部,53341136,95,123,
鳥取地区,鳥取市北部,53341137,95,123,
鳥取地区,鳥取市北部,53341138,95,123,
鳥取地区,鳥取市北部,53341139,95,123,
鳥取地区,鳥取市北部,53341140,101,130,
鳥取地区,鳥取市北部,53341141,98,126,
鳥取地区,鳥取市北部,53341142,97,125,
鳥取地区,鳥取市北部,53341143,96,124,
鳥取地区,鳥取市北部,53341144,95,123,
鳥取地区,鳥取市北部,53341145,95,123,
鳥取地区,鳥取市北部,53341146,100,－,
鳥取地区,鳥取市北部,53341147,95,123,
鳥取地区,鳥取市北部,53341148,95,122,
鳥取地区,鳥取市北部,53341149,95,122,
鳥取地区,鳥取市北部,53341150,99,127,
鳥取地区,鳥取市北部,53341151,97,125,
鳥取地区,鳥取市北部,53341152,95,123,
鳥取地区,鳥取市北部,53341153,95,123,
鳥取地区,鳥取市北部,53341154,95,123,
鳥取地区,鳥取市北部,53341155,95,122,
鳥取地区,鳥取市北部,53341156,100,－,
鳥取地区,鳥取市北部,53341157,100,－,
鳥取地区,鳥取市北部,53341158,100,－,
鳥取地区,鳥取市北部,53341159,94,121,
鳥取地区,鳥取市北部,53341160,97,125,
鳥取地区,鳥取市北部,53341161,95,123,
鳥取地区,鳥取市北部,53341162,95,122,
鳥取地区,鳥取市北部,53341163,95,123,
鳥取地区,鳥取市北部,53341164,92,118,
鳥取地区,鳥取市北部,53341165,91,117,
鳥取地区,鳥取市北部,53341166,100,－,
鳥取地区,鳥取市北部,53341167,100,－,
鳥取地区,鳥取市北部,53341168,93,120,
鳥取地区,鳥取市北部,53341169,94,121,
鳥取地区,鳥取市北部,53341170,95,123,
鳥取地区,鳥取市北部,53341171,95,122,
鳥取地区,鳥取市北部,53341172,95,122,
鳥取地区,鳥取市北部,53341173,94,121,
鳥取地区,鳥取市北部,53341174,91,117,
鳥取地区,鳥取市北部,53341175,92,118,
鳥取地区,鳥取市北部,53341176,100,－,
鳥取地区,鳥取市北部,53341177,100,－,
鳥取地区,鳥取市北部,53341178,100,－,
鳥取地区,鳥取市北部,53341179,91,117,
鳥取地区,鳥取市北部,53341180,99,128,
鳥取地区,鳥取市北部,53341181,95,122,
鳥取地区,鳥取市北部,53341182,93,120,
鳥取地区,鳥取市北部,53341183,93,120,
鳥取地区,鳥取市北部,53341184,90,116,
鳥取地区,鳥取市北部,53341185,91,117,
鳥取地区,鳥取市北部,53341186,89,115,
鳥取地区,鳥取市北部,53341187,100,－,
鳥取地区,鳥取市北部,53341188,100,－,
鳥取地区,鳥取市北部,53341189,96,124,
鳥取地区,鳥取市北部,53341190,99,128,
鳥取地区,鳥取市北部,53341191,94,121,
鳥取地区,鳥取市北部,53341192,93,120,
鳥取地区,鳥取市北部,53341193,93,120,
鳥取地区,鳥取市北部,53341194,88,114,
鳥取地区,鳥取市北部,53341195,93,120,
鳥取地区,鳥取市北部,53341196,94,121,
鳥取地区,鳥取市北部,53341197,100,－,
鳥取地区,鳥取市北部,53341198,100,－,
鳥取地区,鳥取市北部,53341199,100,129,
鳥取地区,鳥取市北部,53341216,92,118,
鳥取地区,鳥取市北部,53341217,92,119,
鳥取地区,鳥取市北部,53341218,93,120,
鳥取地区,鳥取市北部,53341219,98,126,
鳥取地区,鳥取市北部,53341220,95,123,
鳥取地区,鳥取市北部,53341225,91,117,
鳥取地区,鳥取市北部,53341226,92,118,
鳥取地区,鳥取市北部,53341227,92,118,
鳥取地区,鳥取市北部,53341228,93,120,
鳥取地区,鳥取市北部,53341229,93,120,
鳥取地区,鳥取市北部,53341230,95,123,
鳥取地区,鳥取市北部,53341231,95,123,
鳥取地区,鳥取市北部,53341232,96,124,
鳥取地区,鳥取市北部,53341233,96,124,
鳥取地区,鳥取市北部,53341234,96,124,
鳥取地区,鳥取市北部,53341235,92,118,
鳥取地区,鳥取市北部,53341236,92,118,
鳥取地区,鳥取市北部,53341237,92,119,
鳥取地区,鳥取市北部,53341238,93,120,
鳥取地区,鳥取市北部,53341239,93,120,
鳥取地区,鳥取市北部,53341240,95,123,
鳥取地区,鳥取市北部,53341241,95,123,
鳥取地区,鳥取市北部,53341242,96,124,
鳥取地区,鳥取市北部,53341243,95,123,
鳥取地区,鳥取市北部,53341244,95,123,
鳥取地区,鳥取市北部,53341245,92,118,
鳥取地区,鳥取市北部,53341246,92,118,
鳥取地区,鳥取市北部,53341247,92,118,
鳥取地区,鳥取市北部,53341248,92,119,
鳥取地区,鳥取市北部,53341249,93,120,
鳥取地区,鳥取市北部,53341250,95,122,
鳥取地区,鳥取市北部,53341251,95,123,
鳥取地区,鳥取市北部,53341252,95,123,
鳥取地区,鳥取市北部,53341253,95,123,
鳥取地区,鳥取市北部,53341254,95,123,
鳥取地区,鳥取市北部,53341255,91,117,
鳥取地区,鳥取市北部,53341256,92,118,
鳥取地区,鳥取市北部,53341257,93,120,
鳥取地区,鳥取市北部,53341258,93,120,
鳥取地区,鳥取市北部,53341259,93,120,
鳥取地区,鳥取市北部,53341260,95,123,
鳥取地区,鳥取市北部,53341261,95,123,
鳥取地区,鳥取市北部,53341262,95,123,
鳥取地区,鳥取市北部,53341263,95,123,
鳥取地区,鳥取市北部,53341264,91,117,
鳥取地区,鳥取市北部,53341265,95,123,
鳥取地区,鳥取市北部,53341266,92,118,
鳥取地区,鳥取市北部,53341267,106,137,
鳥取地区,鳥取市北部,53341268,93,120,
鳥取地区,鳥取市北部,53341269,94,121,
鳥取地区,鳥取市北部,53341270,95,123,
鳥取地区,鳥取市北部,53341271,95,123,
鳥取地区,鳥取市北部,53341272,95,122,
鳥取地区,鳥取市北部,53341273,95,123,
鳥取地区,鳥取市北部,53341274,91,117,
鳥取地区,鳥取市北部,53341275,91,117,
鳥取地区,鳥取市北部,53341276,92,118,
鳥取地区,鳥取市北部,53341278,93,120,
鳥取地区,鳥取市北部,53341279,93,120,
鳥取地区,鳥取市北部,53341280,95,123,
鳥取地区,鳥取市北部,53341281,95,123,
鳥取地区,鳥取市北部,53341282,94,121,
鳥取地区,鳥取市北部,53341283,95,123,
鳥取地区,鳥取市北部,53341284,90,116,
鳥取地区,鳥取市北部,53341285,91,117,
鳥取地区,鳥取市北部,53341289,102,131,
鳥取地区,鳥取市北部,53341290,100,129,
鳥取地区,鳥取市北部,53341291,104,134,
鳥取地区,鳥取市北部,53341292,108,139,
鳥取地区,鳥取市北部,53341293,109,140,
鳥取地区,鳥取市北部,53341294,109,140,
鳥取地区,鳥取市北部,53341295,109,140,
鳥取地区,鳥取市北部,53341320,112,144,
鳥取地区,鳥取市北部,53341323,108,139,
鳥取地区,鳥取市北部,53341324,103,133,
鳥取地区,鳥取市北部,53341330,112,144,
鳥取地区,鳥取市北部,53341331,115,148,
鳥取地区,鳥取市北部,53341332,116,149,
鳥取地区,鳥取市北部,53341333,104,134,
鳥取地区,鳥取市北部,53341334,105,135,
鳥取地区,鳥取市北部,53341340,109,141,
鳥取地区,鳥取市北部,53341341,112,144,
鳥取地区,鳥取市北部,53341342,113,146,
鳥取地区,鳥取市北部,53341343,105,135,
鳥取地区,鳥取市北部,53341344,105,135,
鳥取地区,鳥取市北部,53341350,94,121,
鳥取地区,鳥取市北部,53341351,95,123,
鳥取地区,鳥取市北部,53341352,98,126,
鳥取地区,鳥取市北部,53341353,100,129,
鳥取地区,鳥取市北部,53341354,101,130,
鳥取地区,鳥取市北部,53341360,93,120,
鳥取地区,鳥取市北部,53341361,95,123,
鳥取地区,鳥取市北部,53341362,102,132,
鳥取地区,鳥取市北部,53341363,104,134,
鳥取地区,鳥取市北部,53341364,104,134,
鳥取地区,鳥取市北部,53341370,93,120,
鳥取地区,鳥取市北部,53341371,99,128,
鳥取地区,鳥取市北部,53341372,102,131,
鳥取地区,鳥取市北部,53341373,107,138,
鳥取地区,鳥取市北部,53341380,102,131,
鳥取地区,鳥取市北部,53341381,99,127,
鳥取地区,鳥取市北部,53341382,105,135,
鳥取地区,鳥取市北部,53341383,101,130,
鳥取地区,鳥取市北部,53341390,102,131,
鳥取地区,鳥取市北部,53341391,99,127,
鳥取地区,鳥取市北部,53342000,107,138,
鳥取地区,鳥取市北部,53342001,102,131,
鳥取地区,鳥取市北部,53342002,106,137,
鳥取地区,鳥取市北部,53342003,106,137,
鳥取地区,鳥取市北部,53342004,106,136,
鳥取地区,鳥取市北部,53342005,101,130,
鳥取地区,鳥取市北部,53342006,99,128,
鳥取地区,鳥取市北部,53342007,99,128,
鳥取地区,鳥取市北部,53342008,100,129,
鳥取地区,鳥取市北部,53342009,99,128,
鳥取地区,鳥取市北部,53342010,108,139,
鳥取地区,鳥取市北部,53342011,102,131,
鳥取地区,鳥取市北部,53342012,106,136,
鳥取地区,鳥取市北部,53342013,106,137,
鳥取地区,鳥取市北部,53342014,106,136,
鳥取地区,鳥取市北部,53342015,101,130,
鳥取地区,鳥取市北部,53342016,99,128,
鳥取地区,鳥取市北部,53342017,94,121,
鳥取地区,鳥取市北部,53342018,94,121,
鳥取地区,鳥取市北部,53342019,94,121,
鳥取地区,鳥取市北部,53342020,107,138,
鳥取地区,鳥取市北部,53342021,106,137,
鳥取地区,鳥取市北部,53342022,106,136,
鳥取地区,鳥取市北部,53342023,106,－,
鳥取地区,鳥取市北部,53342024,106,136,
鳥取地区,鳥取市北部,53342025,100,129,
鳥取地区,鳥取市北部,53342026,99,128,
鳥取地区,鳥取市北部,53342027,94,121,
鳥取地区,鳥取市北部,53342028,93,120,
鳥取地区,鳥取市北部,53342029,93,120,
鳥取地区,鳥取市北部,53342030,106,137,
鳥取地区,鳥取市北部,53342031,106,136,
鳥取地区,鳥取市北部,53342036,140,180,
鳥取地区,鳥取市北部,53342037,127,164,
鳥取地区,鳥取市北部,53342038,93,120,
鳥取地区,鳥取市北部,53342039,93,120,
鳥取地区,鳥取市北部,53342040,100,129,
鳥取地区,鳥取市北部,53342100,99,127,
鳥取地区,鳥取市北部,53342101,99,－,
鳥取地区,鳥取市北部,53342102,99,－,
鳥取地区,鳥取市北部,53342103,88,113,
鳥取地区,鳥取市北部,53342104,88,113,
鳥取地区,鳥取市北部,53342105,93,120,
鳥取地区,鳥取市北部,53342106,95,122,
鳥取地区,鳥取市北部,53342107,100,－,
鳥取地区,鳥取市北部,53342108,95,123,
鳥取地区,鳥取市北部,53342109,100,129,
鳥取地区,鳥取市北部,53342110,93,120,
鳥取地区,鳥取市北部,53342111,93,120,
鳥取地区,鳥取市北部,53342113,88,113,
鳥取地区,鳥取市北部,53342114,88,113,
鳥取地区,鳥取市北部,53342115,93,120,
鳥取地区,鳥取市北部,53342116,100,－,
鳥取地区,鳥取市北部,53342117,100,－,
鳥取地区,鳥取市北部,53342118,99,128,
鳥取地区,鳥取市北部,53342119,100,129,
鳥取地区,鳥取市北部,53342120,93,120,
鳥取地区,鳥取市北部,53342121,93,120,
鳥取地区,鳥取市北部,53342122,100,－,
鳥取地区,鳥取市北部,53342123,89,115,
鳥取地区,鳥取市北部,53342124,100,－,
鳥取地区,鳥取市北部,53342125,100,－,
鳥取地区,鳥取市北部,53342126,100,－,
鳥取地区,鳥取市北部,53342127,95,123,
鳥取地区,鳥取市北部,53342128,99,128,
鳥取地区,鳥取市北部,53342129,100,129,
鳥取地区,鳥取市北部,53342130,93,120,
鳥取地区,鳥取市北部,53342131,100,－,
鳥取地区,鳥取市北部,53342132,100,－,
鳥取地区,鳥取市北部,53342133,100,－,
鳥取地区,鳥取市北部,53342134,100,－,
鳥取地区,鳥取市北部,53342135,89,115,
鳥取地区,鳥取市北部,53342136,95,122,
鳥取地区,鳥取市北部,53342137,94,121,
鳥取地区,鳥取市北部,53342138,99,128,
鳥取地区,鳥取市北部,53342139,99,128,
鳥取地区,鳥取市北部,53342143,100,－,
鳥取地区,鳥取市北部,53342144,89,115,
鳥取地区,鳥取市北部,53342145,89,115,
鳥取地区,鳥取市北部,53342146,89,115,
鳥取地区,鳥取市北部,53342147,100,－,
鳥取地区,鳥取市北部,53342148,100,－,
鳥取地区,鳥取市北部,53342149,99,127,
鳥取地区,鳥取市北部,53342154,100,－,
鳥取地区,鳥取市北部,53342155,100,－,
鳥取地区,鳥取市北部,53342156,100,－,
鳥取地区,鳥取市北部,53342157,100,－,
鳥取地区,鳥取市北部,53342158,100,－,
鳥取地区,鳥取市北部,53342159,93,120,
鳥取地区,鳥取市北部,53342169,100,－,
鳥取地区,鳥取市北部,53342200,99,128,
鳥取地区,鳥取市北部,53342201,109,141,
鳥取地区,鳥取市北部,53342202,113,146,
鳥取地区,鳥取市北部,53342203,113,146,
鳥取地区,鳥取市北部,53342204,113,146,
鳥取地区,鳥取市北部,53342205,113,146,
鳥取地区,鳥取市北部,53342210,101,130,
鳥取地区,鳥取市北部,53342211,109,141,
鳥取地区,鳥取市北部,53342212,113,146,
鳥取地区,鳥取市北部,53342213,113,146,
鳥取地区,鳥取市北部,53342214,113,145,
鳥取地区,鳥取市北部,53342215,113,146,
鳥取地区,鳥取市北部,53342220,99,128,
鳥取地区,鳥取市北部,53342221,109,141,
鳥取地区,鳥取市北部,53342222,113,146,
鳥取地区,鳥取市北部,53342223,113,145,
鳥取地区,鳥取市北部,53342224,113,145,
鳥取地区,鳥取市北部,53342225,108,139,
鳥取地区,鳥取市北部,53342230,99,128,
鳥取地区,鳥取市北部,53342231,109,141,
鳥取地区,鳥取市北部,53342232,113,146,
鳥取地区,鳥取市北部,53342233,113,146,
鳥取地区,鳥取市北部,53342234,112,144,
鳥取地区,鳥取市北部,53342235,113,145,
鳥取地区,鳥取市北部,53342240,99,128,
鳥取地区,鳥取市北部,53342241,109,141,
鳥取地区,鳥取市北部,53342242,109,141,
鳥取地区,鳥取市北部,53342243,109,140,
鳥取地区,鳥取市北部,53342244,108,139,
鳥取地区,鳥取市北部,53342250,95,122,
鳥取地区,鳥取市北部,53342251,109,140,
鳥取地区,鳥取市北部,53342252,109,141,
鳥取地区,鳥取市北部,53342253,109,141,
鳥取地区,鳥取市北部,53342260,93,120,
鳥取地区,鳥取市北部,53342261,99,127,
鳥取地区,鳥取市北部,53342262,100,129,
鳥取地区,鳥取市北部,53342263,101,130,
鳥取地区,鳥取市北部,53342271,94,121,
鳥取地区,鳥取市北部,53342272,95,123,
鳥取地区,鳥取市北部,53342281,95,－,
鳥取地区,岩美町,53341277,93,120,
鳥取地区,岩美町,53341286,96,124,
鳥取地区,岩美町,53341287,97,125,
鳥取地区,岩美町,53341288,102,131,
鳥取地区,岩美町,53341296,95,123,
鳥取地区,岩美町,53341297,96,124,
鳥取地区,岩美町,53341298,101,130,
鳥取地区,岩美町,53341299,102,131,
鳥取地区,岩美町,53341374,103,133,
鳥取地区,岩美町,53341384,102,131,
鳥取地区,岩美町,53341392,99,128,
鳥取地区,岩美町,53341393,99,128,
鳥取地区,岩美町,53342206,99,128,
鳥取地区,岩美町,53342207,101,130,
鳥取地区,岩美町,53342208,101,130,
鳥取地区,岩美町,53342209,102,131,
鳥取地区,岩美町,53342216,104,134,
鳥取地区,岩美町,53342217,100,129,
鳥取地区,岩美町,53342218,100,129,
鳥取地区,岩美町,53342219,97,125,
鳥取地区,岩美町,53342226,103,133,
鳥取地区,岩美町,53342227,99,128,
鳥取地区,岩美町,53342228,100,129,
鳥取地区,岩美町,53342229,96,124,
鳥取地区,岩美町,53342236,103,133,
鳥取地区,岩美町,53342237,99,128,
鳥取地区,岩美町,53342238,99,128,
鳥取地区,岩美町,53342239,95,123,
鳥取地区,岩美町,53342245,107,138,
鳥取地区,岩美町,53342246,99,128,
鳥取地区,岩美町,53342247,99,128,
鳥取地区,岩美町,53342248,99,128,
鳥取地区,岩美町,53342249,91,117,
鳥取地区,岩美町,53342254,109,141,
鳥取地区,岩美町,53342255,99,128,
鳥取地区,岩美町,53342256,100,129,
鳥取地区,岩美町,53342257,100,129,
鳥取地区,岩美町,53342258,101,130,
鳥取地区,岩美町,53342259,95,123,
鳥取地区,岩美町,53342264,99,128,
鳥取地区,岩美町,53342265,99,128,
鳥取地区,岩美町,53342266,100,129,
鳥取地区,岩美町,53342267,102,131,
鳥取地区,岩美町,53342268,102,132,
鳥取地区,岩美町,53342269,102,131,
鳥取地区,岩美町,53342273,95,123,
鳥取地区,岩美町,53342274,92,118,
鳥取地区,岩美町,53342275,99,128,
鳥取地区,岩美町,53342276,100,129,
鳥取地区,岩美町,53342277,102,132,
鳥取地区,岩美町,53342278,103,133,
鳥取地区,岩美町,53342279,102,132,
鳥取地区,岩美町,53342282,91,117,
鳥取地区,岩美町,53342283,92,118,
鳥取地区,岩美町,53342284,92,118,
鳥取地区,岩美町,53342285,96,124,
鳥取地区,岩美町,53342286,102,131,
鳥取地区,岩美町,53342287,102,131,
鳥取地区,岩美町,53342288,102,132,
鳥取地区,岩美町,53342289,102,131,
鳥取地区,岩美町,53342292,95,－,
鳥取地区,岩美町,53342293,85,110,
鳥取地区,岩美町,53342294,91,117,
鳥取地区,岩美町,53342295,92,118,
鳥取地区,岩美町,53342296,102,131,
鳥取地区,岩美町,53342297,102,131,
鳥取地区,岩美町,53342298,102,131,
鳥取地区,岩美町,53342299,96,124,
鳥取地区,岩美町,53342300,102,132,
鳥取地区,岩美町,53342301,99,127,
鳥取地区,岩美町,53342302,99,127,
鳥取地区,岩美町,53342303,98,126,
鳥取地区,岩美町,53342310,98,126,
鳥取地区,岩美町,53342311,94,121,
鳥取地区,岩美町,53342312,95,122,
鳥取地区,岩美町,53342313,94,121,
鳥取地区,岩美町,53342320,93,120,
鳥取地区,岩美町,53342321,94,121,
鳥取地区,岩美町,53342322,94,121,
鳥取地区,岩美町,53342330,92,118,
鳥取地区,岩美町,53342331,93,120,
鳥取地区,岩美町,53342332,94,121,
鳥取地区,岩美町,53342333,94,121,
鳥取地区,岩美町,53342340,91,117,
鳥取地区,岩美町,53342341,92,119,
鳥取地区,岩美町,53342342,93,120,
鳥取地区,岩美町,53342343,89,115,
鳥取地区,岩美町,53342350,92,118,
鳥取地区,岩美町,53342351,92,118,
鳥取地区,岩美町,53342352,93,120,
鳥取地区,岩美町,53342353,89,115,
鳥取地区,岩美町,53342360,92,118,
鳥取地区,岩美町,53342361,92,119,
鳥取地区,岩美町,53342362,93,120,
鳥取地区,岩美町,53342363,94,121,
鳥取地区,岩美町,53342370,96,124,
鳥取地区,岩美町,53342371,92,118,
鳥取地区,岩美町,53342372,98,126,
鳥取地区,岩美町,53342380,97,125,
鳥取地区,岩美町,53342381,96,124,
鳥取地区,岩美町,53342390,96,124,
鳥取地区,岩美町,53342391,98,126,
鳥取地区,岩美町,53342392,102,132,
鳥取地区,岩美町,53343203,85,110,
鳥取地区,岩美町,53343204,90,116,
鳥取地区,岩美町,53343205,92,118,
鳥取地区,岩美町,53343206,101,130,
鳥取地区,岩美町,53343207,101,130,
鳥取地区,岩美町,53343208,100,129,
鳥取地区,岩美町,53343209,96,124,
鳥取地区,岩美町,53343214,89,115,
鳥取地区,岩美町,53343215,89,115,
鳥取地区,岩美町,53343216,101,－,
鳥取地区,岩美町,53343217,95,123,
鳥取地区,岩美町,53343218,95,123,
鳥取地区,岩美町,53343219,92,118,
鳥取地区,岩美町,53343226,101,－,
鳥取地区,岩美町,53343227,95,122,
鳥取地区,岩美町,53343228,95,123,
鳥取地区,岩美町,53343229,92,118,
鳥取地区,岩美町,53343237,101,－,
鳥取地区,岩美町,53343300,92,118,
鳥取地区,岩美町,53343301,98,126,
鳥取地区,岩美町,53343302,103,133,
鳥取地区,岩美町,53343310,96,124,
鳥取地区,岩美町,53343311,98,126,
鳥取地区,岩美町,53343320,96,124,
八頭地区,鳥取市南部,52347049,113,145,
八頭地区,鳥取市南部,52347058,117,151,
八頭地区,鳥取市南部,52347059,113,146,
八頭地区,鳥取市南部,52347063,113,146,
八頭地区,鳥取市南部,52347064,120,154,
八頭地区,鳥取市南部,52347065,109,141,
八頭地区,鳥取市南部,52347066,118,152,
八頭地区,鳥取市南部,52347068,113,145,
八頭地区,鳥取市南部,52347069,107,138,
八頭地区,鳥取市南部,52347070,113,146,
八頭地区,鳥取市南部,52347071,112,144,
八頭地区,鳥取市南部,52347072,109,141,
八頭地区,鳥取市南部,52347073,109,141,
八頭地区,鳥取市南部,52347074,109,140,
八頭地区,鳥取市南部,52347075,109,140,
八頭地区,鳥取市南部,52347076,117,151,
八頭地区,鳥取市南部,52347077,109,140,
八頭地区,鳥取市南部,52347078,109,140,
八頭地区,鳥取市南部,52347079,108,139,
八頭地区,鳥取市南部,52347080,112,144,
八頭地区,鳥取市南部,52347081,113,145,
八頭地区,鳥取市南部,52347082,112,144,
八頭地区,鳥取市南部,52347083,112,144,
八頭地区,鳥取市南部,52347084,109,141,
八頭地区,鳥取市南部,52347085,109,141,
八頭地区,鳥取市南部,52347086,109,141,
八頭地区,鳥取市南部,52347087,110,142,
八頭地区,鳥取市南部,52347088,111,143,
八頭地区,鳥取市南部,52347089,111,143,
八頭地区,鳥取市南部,52347091,113,146,
八頭地区,鳥取市南部,52347092,113,146,
八頭地区,鳥取市南部,52347093,112,144,
八頭地区,鳥取市南部,52347094,110,142,
八頭地区,鳥取市南部,52347095,119,153,
八頭地区,鳥取市南部,52347096,120,154,
八頭地区,鳥取市南部,52347097,120,155,
八頭地区,鳥取市南部,52347098,113,146,
八頭地区,鳥取市南部,52347099,113,145,
八頭地区,鳥取市南部,52347132,108,139,
八頭地区,鳥取市南部,52347133,108,139,
八頭地区,鳥取市南部,52347134,103,133,
八頭地区,鳥取市南部,52347140,113,146,
八頭地区,鳥取市南部,52347141,117,151,
八頭地区,鳥取市南部,52347142,107,138,
八頭地区,鳥取市南部,52347143,102,132,
八頭地区,鳥取市南部,52347144,107,138,
八頭地区,鳥取市南部,52347145,106,136,
八頭地区,鳥取市南部,52347150,112,144,
八頭地区,鳥取市南部,52347151,112,144,
八頭地区,鳥取市南部,52347152,102,132,
八頭地区,鳥取市南部,52347153,102,131,
八頭地区,鳥取市南部,52347154,106,137,
八頭地区,鳥取市南部,52347155,106,136,
八頭地区,鳥取市南部,52347156,106,136,
八頭地区,鳥取市南部,52347160,108,139,
八頭地区,鳥取市南部,52347161,107,138,
八頭地区,鳥取市南部,52347162,111,143,
八頭地区,鳥取市南部,52347163,102,131,
八頭地区,鳥取市南部,52347164,106,137,
八頭地区,鳥取市南部,52347165,106,136,
八頭地区,鳥取市南部,52347166,106,137,
八頭地区,鳥取市南部,52347167,106,136,
八頭地区,鳥取市南部,52347168,106,136,
八頭地区,鳥取市南部,52347169,106,136,
八頭地区,鳥取市南部,52347170,107,138,
八頭地区,鳥取市南部,52347171,106,137,
八頭地区,鳥取市南部,52347172,106,136,
八頭地区,鳥取市南部,52347173,102,131,
八頭地区,鳥取市南部,52347174,103,133,
八頭地区,鳥取市南部,52347175,103,133,
八頭地区,鳥取市南部,52347176,102,131,
八頭地区,鳥取市南部,52347177,106,136,
八頭地区,鳥取市南部,52347178,106,136,
八頭地区,鳥取市南部,52347179,106,136,
八頭地区,鳥取市南部,52347180,109,140,
八頭地区,鳥取市南部,52347181,112,144,
八頭地区,鳥取市南部,52347182,106,136,
八頭地区,鳥取市南部,52347183,102,131,
八頭地区,鳥取市南部,52347184,103,133,
八頭地区,鳥取市南部,52347185,103,133,
八頭地区,鳥取市南部,52347186,103,133,
八頭地区,鳥取市南部,52347187,106,136,
八頭地区,鳥取市南部,52347188,105,135,
八頭地区,鳥取市南部,52347189,105,135,
八頭地区,鳥取市南部,52347190,109,141,
八頭地区,鳥取市南部,52347191,107,138,
八頭地区,鳥取市南部,52347192,106,136,
八頭地区,鳥取市南部,52347193,102,131,
八頭地区,鳥取市南部,52347194,102,132,
八頭地区,鳥取市南部,52347195,103,133,
八頭地区,鳥取市南部,52347196,107,138,
八頭地区,鳥取市南部,52347197,106,137,
八頭地区,鳥取市南部,52347198,105,135,
八頭地区,鳥取市南部,52347199,105,135,
八頭地区,鳥取市南部,52347260,106,136,
八頭地区,鳥取市南部,52347270,109,141,
八頭地区,鳥取市南部,53340001,112,144,
八頭地区,鳥取市南部,53340002,113,145,
八頭地区,鳥取市南部,53340003,112,144,
八頭地区,鳥取市南部,53340004,120,155,
八頭地区,鳥取市南部,53340005,129,166,
八頭地区,鳥取市南部,53340006,130,167,
八頭地区,鳥取市南部,53340007,130,167,
八頭地区,鳥取市南部,53340008,112,144,
八頭地区,鳥取市南部,53340009,111,143,
八頭地区,鳥取市南部,53340011,121,156,
八頭地区,鳥取市南部,53340012,121,156,
八頭地区,鳥取市南部,53340013,121,156,
八頭地区,鳥取市南部,53340014,120,155,
八頭地区,鳥取市南部,53340015,130,167,
八頭地区,鳥取市南部,53340016,130,167,
八頭地区,鳥取市南部,53340017,129,166,
八頭地区,鳥取市南部,53340018,124,159,
八頭地区,鳥取市南部,53340019,108,139,
八頭地区,鳥取市南部,53340021,132,170,
八頭地区,鳥取市南部,53340022,137,176,
八頭地区,鳥取市南部,53340023,107,138,
八頭地区,鳥取市南部,53340024,112,144,
八頭地区,鳥取市南部,53340025,112,144,
八頭地区,鳥取市南部,53340026,130,167,
八頭地区,鳥取市南部,53340027,127,164,
八頭地区,鳥取市南部,53340028,121,156,
八頭地区,鳥取市南部,53340029,107,138,
八頭地区,鳥取市南部,53340032,150,193,
八頭地区,鳥取市南部,53340033,113,146,
八頭地区,鳥取市南部,53340034,108,139,
八頭地区,鳥取市南部,53340035,107,138,
八頭地区,鳥取市南部,53340036,124,159,
八頭地区,鳥取市南部,53340037,122,157,
八頭地区,鳥取市南部,53340038,121,156,
八頭地区,鳥取市南部,53340039,106,137,
八頭地区,鳥取市南部,53340043,112,144,
八頭地区,鳥取市南部,53340044,109,141,
八頭地区,鳥取市南部,53340045,107,138,
八頭地区,鳥取市南部,53340046,124,159,
八頭地区,鳥取市南部,53340047,122,157,
八頭地区,鳥取市南部,53340048,121,156,
八頭地区,鳥取市南部,53340049,106,137,
八頭地区,鳥取市南部,53340053,137,176,
八頭地区,鳥取市南部,53340054,131,169,
八頭地区,鳥取市南部,53340055,127,164,
八頭地区,鳥取市南部,53340056,124,159,
八頭地区,鳥取市南部,53340057,122,157,
八頭地区,鳥取市南部,53340058,116,149,
八頭地区,鳥取市南部,53340059,107,138,
八頭地区,鳥取市南部,53340065,127,164,
八頭地区,鳥取市南部,53340066,124,159,
八頭地区,鳥取市南部,53340067,118,152,
八頭地区,鳥取市南部,53340068,113,146,
八頭地区,鳥取市南部,53340069,122,157,
八頭地区,鳥取市南部,53340079,119,153,
八頭地区,鳥取市南部,53340100,108,139,
八頭地区,鳥取市南部,53340101,106,136,
八頭地区,鳥取市南部,53340102,106,136,
八頭地区,鳥取市南部,53340103,100,129,
八頭地区,鳥取市南部,53340104,102,131,
八頭地区,鳥取市南部,53340105,111,143,
八頭地区,鳥取市南部,53340106,113,145,
八頭地区,鳥取市南部,53340107,112,144,
八頭地区,鳥取市南部,53340108,105,135,
八頭地区,鳥取市南部,53340110,107,138,
八頭地区,鳥取市南部,53340111,106,136,
八頭地区,鳥取市南部,53340112,105,135,
八頭地区,鳥取市南部,53340113,105,135,
八頭地区,鳥取市南部,53340114,101,130,
八頭地区,鳥取市南部,53340115,112,144,
八頭地区,鳥取市南部,53340116,112,144,
八頭地区,鳥取市南部,53340117,111,143,
八頭地区,鳥取市南部,53340118,104,134,
八頭地区,鳥取市南部,53340120,106,136,
八頭地区,鳥取市南部,53340121,106,136,
八頭地区,鳥取市南部,53340122,105,135,
八頭地区,鳥取市南部,53340123,103,133,
八頭地区,鳥取市南部,53340124,100,129,
八頭地区,鳥取市南部,53340125,109,141,
八頭地区,鳥取市南部,53340126,110,142,
八頭地区,鳥取市南部,53340127,109,141,
八頭地区,鳥取市南部,53340128,103,133,
八頭地区,鳥取市南部,53340130,102,131,
八頭地区,鳥取市南部,53340131,105,135,
八頭地区,鳥取市南部,53340132,104,134,
八頭地区,鳥取市南部,53340133,103,133,
八頭地区,鳥取市南部,53340134,99,128,
八頭地区,鳥取市南部,53340135,99,128,
八頭地区,鳥取市南部,53340136,104,134,
八頭地区,鳥取市南部,53340137,103,133,
八頭地区,鳥取市南部,53340138,102,132,
八頭地区,鳥取市南部,53340140,102,131,
八頭地区,鳥取市南部,53340141,101,130,
八頭地区,鳥取市南部,53340142,99,128,
八頭地区,鳥取市南部,53340143,99,128,
八頭地区,鳥取市南部,53340144,99,128,
八頭地区,鳥取市南部,53340145,99,127,
八頭地区,鳥取市南部,53340146,98,126,
八頭地区,鳥取市南部,53340147,99,127,
八頭地区,鳥取市南部,53340148,99,127,
八頭地区,鳥取市南部,53340150,102,132,
八頭地区,鳥取市南部,53340151,102,132,
八頭地区,鳥取市南部,53340152,102,131,
八頭地区,鳥取市南部,53340153,99,128,
八頭地区,鳥取市南部,53340154,103,133,
八頭地区,鳥取市南部,53340155,103,133,
八頭地区,鳥取市南部,53340156,103,133,
八頭地区,鳥取市南部,53340157,103,133,
八頭地区,鳥取市南部,53340158,102,132,
八頭地区,鳥取市南部,53340160,103,133,
八頭地区,鳥取市南部,53340161,102,132,
八頭地区,鳥取市南部,53340162,102,131,
八頭地区,鳥取市南部,53340163,99,128,
八頭地区,鳥取市南部,53340164,103,133,
八頭地区,鳥取市南部,53340165,109,140,
八頭地区,鳥取市南部,53340166,109,141,
八頭地区,鳥取市南部,53340167,109,140,
八頭地区,鳥取市南部,53340168,103,133,
八頭地区,鳥取市南部,53340171,102,131,
八頭地区,鳥取市南部,53340172,100,129,
八頭地区,鳥取市南部,53340173,99,127,
八頭地区,鳥取市南部,53340174,103,133,
八頭地区,鳥取市南部,53340175,109,140,
八頭地区,鳥取市南部,53340176,110,142,
八頭地区,鳥取市南部,53340177,109,140,
八頭地区,鳥取市南部,53340183,98,126,
八頭地区,鳥取市南部,53340184,99,128,
八頭地区,鳥取市南部,53340185,109,141,
八頭地区,鳥取市南部,53340186,110,142,
八頭地区,鳥取市南部,53340195,99,128,
八頭地区,鳥取市南部,53340196,104,134,
八頭地区,鳥取市南部,53340197,103,133,
八頭地区,鳥取市南部,53341105,98,126,
八頭地区,鳥取市南部,53341106,103,133,
八頭地区,鳥取市南部,53341107,102,131,
八頭地区,鳥取市南部,53341116,97,125,
八頭地区,若桜町,52346384,109,141,
八頭地区,若桜町,52346385,131,168,
八頭地区,若桜町,52346392,109,141,
八頭地区,若桜町,52346393,109,141,
八頭地区,若桜町,52346394,109,141,
八頭地区,若桜町,52346395,130,167,
八頭地区,若桜町,52346396,131,168,
八頭地区,若桜町,52347269,100,129,
八頭地区,若桜町,52347278,100,129,
八頭地区,若桜町,52347279,100,129,
八頭地区,若桜町,52347289,101,130,
八頭地区,若桜町,52347299,104,134,
八頭地区,若桜町,52347301,113,146,
八頭地区,若桜町,52347302,109,141,
八頭地区,若桜町,52347303,109,141,
八頭地区,若桜町,52347304,109,141,
八頭地区,若桜町,52347305,130,167,
八頭地区,若桜町,52347306,131,168,
八頭地区,若桜町,52347307,130,167,
八頭地区,若桜町,52347311,109,141,
八頭地区,若桜町,52347312,109,141,
八頭地区,若桜町,52347313,110,142,
八頭地区,若桜町,52347314,110,142,
八頭地区,若桜町,52347315,129,166,
八頭地区,若桜町,52347316,129,166,
八頭地区,若桜町,52347317,130,167,
八頭地区,若桜町,52347318,130,167,
八頭地区,若桜町,52347321,109,140,
八頭地区,若桜町,52347322,110,142,
八頭地区,若桜町,52347323,111,143,
八頭地区,若桜町,52347324,135,174,
八頭地区,若桜町,52347325,109,141,
八頭地区,若桜町,52347326,129,166,
八頭地区,若桜町,52347327,124,160,
八頭地区,若桜町,52347328,130,167,
八頭地区,若桜町,52347329,125,161,
八頭地区,若桜町,52347331,103,133,
八頭地区,若桜町,52347332,104,134,
八頭地区,若桜町,52347333,106,136,
八頭地区,若桜町,52347334,95,123,
八頭地区,若桜町,52347335,95,122,
八頭地区,若桜町,52347336,95,122,
八頭地区,若桜町,52347337,129,166,
八頭地区,若桜町,52347338,124,160,
八頭地区,若桜町,52347339,125,161,
八頭地区,若桜町,52347341,127,163,
八頭地区,若桜町,52347342,127,164,
八頭地区,若桜町,52347343,103,133,
八頭地区,若桜町,52347344,93,120,
八頭地区,若桜町,52347345,93,120,
八頭地区,若桜町,52347346,89,115,
八頭地区,若桜町,52347347,90,116,
八頭地区,若桜町,52347348,131,168,
八頭地区,若桜町,52347349,111,143,
八頭地区,若桜町,52347350,106,136,
八頭地区,若桜町,52347351,96,124,
八頭地区,若桜町,52347352,101,130,
八頭地区,若桜町,52347353,92,118,
八頭地区,若桜町,52347354,92,119,
八頭地区,若桜町,52347355,92,118,
八頭地区,若桜町,52347356,88,114,
八頭地区,若桜町,52347357,90,116,
八頭地区,若桜町,52347358,110,142,
八頭地区,若桜町,52347359,110,142,
八頭地区,若桜町,52347360,95,123,
八頭地区,若桜町,52347361,95,123,
八頭地区,若桜町,52347362,95,123,
八頭地区,若桜町,52347363,95,123,
八頭地区,若桜町,52347364,92,118,
八頭地区,若桜町,52347365,92,118,
八頭地区,若桜町,52347366,92,119,
八頭地区,若桜町,52347367,93,120,
八頭地区,若桜町,52347368,109,141,
八頭地区,若桜町,52347369,109,141,
八頭地区,若桜町,52347370,95,123,
八頭地区,若桜町,52347371,95,122,
八頭地区,若桜町,52347372,95,122,
八頭地区,若桜町,52347373,90,116,
八頭地区,若桜町,52347374,91,117,
八頭地区,若桜町,52347375,92,118,
八頭地区,若桜町,52347376,102,131,
八頭地区,若桜町,52347377,107,138,
八頭地区,若桜町,52347378,108,139,
八頭地区,若桜町,52347379,113,146,
八頭地区,若桜町,52347380,95,123,
八頭地区,若桜町,52347381,95,123,
八頭地区,若桜町,52347382,95,123,
八頭地区,若桜町,52347383,95,123,
八頭地区,若桜町,52347384,95,123,
八頭地区,若桜町,52347385,101,130,
八頭地区,若桜町,52347386,101,130,
八頭地区,若桜町,52347387,102,131,
八頭地区,若桜町,52347388,108,139,
八頭地区,若桜町,52347389,113,146,
八頭地区,若桜町,52347390,106,136,
八頭地区,若桜町,52347391,106,136,
八頭地区,若桜町,52347392,102,131,
八頭地区,若桜町,52347393,102,131,
八頭地区,若桜町,52347394,113,146,
八頭地区,若桜町,52347395,113,146,
八頭地区,若桜町,52347396,114,147,
八頭地区,若桜町,52347397,106,137,
八頭地区,若桜町,52347398,108,139,
八頭地区,若桜町,52347399,114,147,
八頭地区,若桜町,52347430,124,159,
八頭地区,若桜町,52347440,110,142,
八頭地区,若桜町,52347450,116,149,
八頭地区,若桜町,52347460,114,147,
八頭地区,若桜町,52347470,114,147,
八頭地区,若桜町,53340209,109,141,
八頭地区,若桜町,53340300,111,143,
八頭地区,若桜町,53340301,103,133,
八頭地区,若桜町,53340302,99,127,
八頭地区,若桜町,53340303,92,119,
八頭地区,若桜町,53340304,114,147,
八頭地区,若桜町,53340305,113,146,
八頭地区,若桜町,53340306,113,146,
八頭地区,若桜町,53340307,116,149,
八頭地区,若桜町,53340308,119,153,
八頭地区,若桜町,53340309,120,155,
八頭地区,若桜町,53340310,102,131,
八頭地区,若桜町,53340311,112,144,
八頭地区,若桜町,53340312,102,132,
八頭地区,若桜町,53340313,97,125,
八頭地区,若桜町,53340314,114,147,
八頭地区,若桜町,53340315,113,146,
八頭地区,若桜町,53340316,113,146,
八頭地区,若桜町,53340317,112,144,
八頭地区,若桜町,53340318,120,155,
八頭地区,若桜町,53340319,124,159,
八頭地区,若桜町,53340320,105,135,
八頭地区,若桜町,53340321,110,142,
八頭地区,若桜町,53340322,106,136,
八頭地区,若桜町,53340323,100,129,
八頭地区,若桜町,53340324,109,141,
八頭地区,若桜町,53340325,109,141,
八頭地区,若桜町,53340326,109,141,
八頭地区,若桜町,53340327,113,145,
八頭地区,若桜町,53340328,121,156,
八頭地区,若桜町,53340329,126,162,
八頭地区,若桜町,53340331,105,135,
八頭地区,若桜町,53340332,104,134,
八頭地区,若桜町,53340333,113,146,
八頭地区,若桜町,53340334,113,146,
八頭地区,若桜町,53340335,114,147,
八頭地区,若桜町,53340336,113,146,
八頭地区,若桜町,53340337,117,150,
八頭地区,若桜町,53340338,116,149,
八頭地区,若桜町,53340339,118,152,
八頭地区,若桜町,53340341,104,134,
八頭地区,若桜町,53340342,113,146,
八頭地区,若桜町,53340343,113,146,
八頭地区,若桜町,53340344,114,147,
八頭地区,若桜町,53340345,110,142,
八頭地区,若桜町,53340346,109,141,
八頭地区,若桜町,53340347,116,149,
八頭地区,若桜町,53340348,114,147,
八頭地区,若桜町,53340352,113,146,
八頭地区,若桜町,53340353,115,148,
八頭地区,若桜町,53340354,116,149,
八頭地区,若桜町,53340355,110,142,
八頭地区,若桜町,53340356,109,141,
八頭地区,若桜町,53340357,116,149,
八頭地区,若桜町,53340363,109,141,
八頭地区,若桜町,53340364,111,143,
八頭地区,若桜町,53340365,111,143,
八頭地区,若桜町,53340366,110,142,
八頭地区,若桜町,53340367,110,142,
八頭地区,若桜町,53340375,106,137,
八頭地区,若桜町,53340376,106,136,
八頭地区,若桜町,53340377,112,144,
八頭地区,若桜町,53340385,106,136,
八頭地区,若桜町,53340386,106,136,
八頭地区,若桜町,53340387,106,137,
八頭地区,若桜町,53340395,106,136,
八頭地区,若桜町,53340396,101,130,
八頭地区,若桜町,53340397,106,136,
八頭地区,若桜町,53340410,124,159,
八頭地区,若桜町,53340420,129,166,
八頭地区,若桜町,53341306,106,136,
八頭地区,若桜町,53341307,102,131,
八頭地区,若桜町,53341316,106,137,
八頭地区,若桜町,53341317,102,132,
八頭地区,若桜町,53341325,108,139,
八頭地区,智頭町,52346113,116,149,
八頭地区,智頭町,52346114,107,138,
八頭地区,智頭町,52346123,117,150,
八頭地区,智頭町,52346124,109,140,
八頭地区,智頭町,52346125,112,144,
八頭地区,智頭町,52346132,117,150,
八頭地区,智頭町,52346133,113,145,
八頭地区,智頭町,52346134,109,141,
八頭地区,智頭町,52346135,112,144,
八頭地区,智頭町,52346136,113,146,
八頭地区,智頭町,52346137,112,144,
八頭地区,智頭町,52346142,117,151,
八頭地区,智頭町,52346143,108,139,
八頭地区,智頭町,52346144,109,141,
八頭地区,智頭町,52346145,113,145,
八頭地区,智頭町,52346146,109,141,
八頭地区,智頭町,52346147,112,144,
八頭地区,智頭町,52346148,109,141,
八頭地区,智頭町,52346149,107,138,
八頭地区,智頭町,52346153,113,145,
八頭地区,智頭町,52346154,109,141,
八頭地区,智頭町,52346155,112,144,
八頭地区,智頭町,52346156,107,138,
八頭地区,智頭町,52346157,112,144,
八頭地区,智頭町,52346158,108,139,
八頭地区,智頭町,52346159,106,137,
八頭地区,智頭町,52346163,113,145,
八頭地区,智頭町,52346164,104,134,
八頭地区,智頭町,52346165,106,136,
八頭地区,智頭町,52346166,106,136,
八頭地区,智頭町,52346167,109,140,
八頭地区,智頭町,52346168,106,136,
八頭地区,智頭町,52346169,106,136,
八頭地区,智頭町,52346173,113,145,
八頭地区,智頭町,52346174,103,133,
八頭地区,智頭町,52346175,103,133,
八頭地区,智頭町,52346176,103,133,
八頭地区,智頭町,52346177,107,138,
八頭地区,智頭町,52346178,106,136,
八頭地区,智頭町,52346179,106,136,
八頭地区,智頭町,52346181,112,144,
八頭地区,智頭町,52346182,112,144,
八頭地区,智頭町,52346183,112,144,
八頭地区,智頭町,52346184,102,132,
八頭地区,智頭町,52346185,103,133,
八頭地区,智頭町,52346186,102,132,
八頭地区,智頭町,52346187,107,138,
八頭地区,智頭町,52346188,106,137,
八頭地区,智頭町,52346189,106,136,
八頭地区,智頭町,52346192,112,144,
八頭地区,智頭町,52346193,113,145,
八頭地区,智頭町,52346194,113,146,
八頭地区,智頭町,52346195,103,133,
八頭地区,智頭町,52346196,103,133,
八頭地区,智頭町,52346197,108,139,
八頭地区,智頭町,52346198,108,139,
八頭地区,智頭町,52346199,107,138,
八頭地区,智頭町,52346242,107,138,
八頭地区,智頭町,52346243,103,133,
八頭地区,智頭町,52346244,103,133,
八頭地区,智頭町,52346245,141,181,
八頭地区,智頭町,52346250,106,136,
八頭地区,智頭町,52346251,106,136,
八頭地区,智頭町,52346252,106,137,
八頭地区,智頭町,52346253,102,131,
八頭地区,智頭町,52346254,103,133,
八頭地区,智頭町,52346255,109,141,
八頭地区,智頭町,52346256,112,144,
八頭地区,智頭町,52346260,106,136,
八頭地区,智頭町,52346261,106,136,
八頭地区,智頭町,52346262,106,136,
八頭地区,智頭町,52346263,101,130,
八頭地区,智頭町,52346264,102,132,
八頭地区,智頭町,52346265,109,140,
八頭地区,智頭町,52346266,112,144,
八頭地区,智頭町,52346270,106,136,
八頭地区,智頭町,52346271,104,134,
八頭地区,智頭町,52346272,105,135,
八頭地区,智頭町,52346273,100,129,
八頭地区,智頭町,52346274,102,131,
八頭地区,智頭町,52346275,103,133,
八頭地区,智頭町,52346276,106,136,
八頭地区,智頭町,52346277,109,141,
八頭地区,智頭町,52346278,114,147,
八頭地区,智頭町,52346280,106,136,
八頭地区,智頭町,52346281,105,135,
八頭地区,智頭町,52346282,106,136,
八頭地区,智頭町,52346283,100,129,
八頭地区,智頭町,52346284,96,124,
八頭地区,智頭町,52346285,98,126,
八頭地区,智頭町,52346286,104,134,
八頭地区,智頭町,52346287,134,172,
八頭地区,智頭町,52346288,114,147,
八頭地区,智頭町,52346289,114,147,
八頭地区,智頭町,52346290,106,136,
八頭地区,智頭町,52346291,106,136,
八頭地区,智頭町,52346292,99,128,
八頭地区,智頭町,52346293,99,128,
八頭地区,智頭町,52346294,96,124,
八頭地区,智頭町,52346295,102,132,
八頭地区,智頭町,52346296,102,132,
八頭地区,智頭町,52346297,109,140,
八頭地区,智頭町,52346298,113,146,
八頭地区,智頭町,52346299,114,147,
八頭地区,智頭町,52347102,113,145,
八頭地区,智頭町,52347103,113,146,
八頭地区,智頭町,52347104,115,148,
八頭地区,智頭町,52347105,105,135,
八頭地区,智頭町,52347106,103,133,
八頭地区,智頭町,52347107,108,139,
八頭地区,智頭町,52347108,109,141,
八頭地区,智頭町,52347109,109,141,
八頭地区,智頭町,52347112,113,145,
八頭地区,智頭町,52347113,115,148,
八頭地区,智頭町,52347114,116,149,
八頭地区,智頭町,52347115,106,136,
八頭地区,智頭町,52347116,104,134,
八頭地区,智頭町,52347117,109,141,
八頭地区,智頭町,52347118,112,144,
八頭地区,智頭町,52347119,110,142,
八頭地区,智頭町,52347121,108,139,
八頭地区,智頭町,52347122,109,140,
八頭地区,智頭町,52347123,109,141,
八頭地区,智頭町,52347124,106,136,
八頭地区,智頭町,52347125,104,134,
八頭地区,智頭町,52347126,109,140,
八頭地区,智頭町,52347127,109,141,
八頭地区,智頭町,52347128,112,144,
八頭地区,智頭町,52347129,111,143,
八頭地区,智頭町,52347131,108,139,
八頭地区,智頭町,52347135,102,131,
八頭地区,智頭町,52347136,107,138,
八頭地区,智頭町,52347137,107,138,
八頭地区,智頭町,52347138,109,140,
八頭地区,智頭町,52347139,108,139,
八頭地区,智頭町,52347146,106,136,
八頭地区,智頭町,52347147,106,137,
八頭地区,智頭町,52347148,106,137,
八頭地区,智頭町,52347149,107,138,
八頭地区,智頭町,52347157,105,135,
八頭地区,智頭町,52347158,106,136,
八頭地区,智頭町,52347159,106,137,
八頭地区,智頭町,52347200,107,138,
八頭地区,智頭町,52347201,106,136,
八頭地区,智頭町,52347202,101,130,
八頭地区,智頭町,52347203,100,129,
八頭地区,智頭町,52347204,98,126,
八頭地区,智頭町,52347205,102,132,
八頭地区,智頭町,52347206,132,170,
八頭地区,智頭町,52347207,133,171,
八頭地区,智頭町,52347208,113,146,
八頭地区,智頭町,52347209,113,146,
八頭地区,智頭町,52347210,109,140,
八頭地区,智頭町,52347211,106,136,
八頭地区,智頭町,52347212,100,129,
八頭地区,智頭町,52347213,101,130,
八頭地区,智頭町,52347214,98,126,
八頭地区,智頭町,52347215,102,132,
八頭地区,智頭町,52347216,103,133,
八頭地区,智頭町,52347217,108,139,
八頭地区,智頭町,52347218,113,146,
八頭地区,智頭町,52347219,113,146,
八頭地区,智頭町,52347220,108,139,
八頭地区,智頭町,52347221,106,137,
八頭地区,智頭町,52347222,102,131,
八頭地区,智頭町,52347223,101,130,
八頭地区,智頭町,52347224,97,125,
八頭地区,智頭町,52347225,98,126,
八頭地区,智頭町,52347226,102,132,
八頭地区,智頭町,52347227,103,133,
八頭地区,智頭町,52347228,112,144,
八頭地区,智頭町,52347229,113,146,
八頭地区,智頭町,52347230,106,137,
八頭地区,智頭町,52347231,106,137,
八頭地区,智頭町,52347232,102,131,
八頭地区,智頭町,52347233,98,126,
八頭地区,智頭町,52347234,98,126,
八頭地区,智頭町,52347235,99,127,
八頭地区,智頭町,52347236,99,128,
八頭地区,智頭町,52347237,99,127,
八頭地区,智頭町,52347238,113,145,
八頭地区,智頭町,52347239,112,144,
八頭地区,智頭町,52347240,106,137,
八頭地区,智頭町,52347241,106,137,
八頭地区,智頭町,52347242,106,137,
八頭地区,智頭町,52347243,99,127,
八頭地区,智頭町,52347244,99,127,
八頭地区,智頭町,52347245,99,128,
八頭地区,智頭町,52347246,99,127,
八頭地区,智頭町,52347247,98,126,
八頭地区,智頭町,52347248,126,162,
八頭地区,智頭町,52347249,112,144,
八頭地区,智頭町,52347250,106,136,
八頭地区,智頭町,52347251,106,137,
八頭地区,智頭町,52347252,107,138,
八頭地区,智頭町,52347253,99,127,
八頭地区,智頭町,52347254,99,128,
八頭地区,智頭町,52347255,104,134,
八頭地区,智頭町,52347256,103,133,
八頭地区,智頭町,52347257,102,132,
八頭地区,智頭町,52347258,120,154,
八頭地区,智頭町,52347259,106,136,
八頭地区,智頭町,52347261,106,136,
八頭地区,智頭町,52347263,107,138,
八頭地区,智頭町,52347264,103,133,
八頭地区,智頭町,52347265,103,133,
八頭地区,智頭町,52347266,102,131,
八頭地区,智頭町,52347267,102,131,
八頭地区,智頭町,52347268,101,130,
八頭地区,智頭町,52347275,110,142,
八頭地区,智頭町,52347300,114,147,
八頭地区,智頭町,52347310,113,146,
八頭地区,智頭町,52347320,113,146,
八頭地区,智頭町,52347330,112,144,
八頭地区,智頭町,52347340,121,156,
八頭地区,八頭町,52347262,106,136,
八頭地区,八頭町,52347271,110,142,
八頭地区,八頭町,52347272,110,142,
八頭地区,八頭町,52347273,111,143,
八頭地区,八頭町,52347274,112,144,
八頭地区,八頭町,52347276,105,135,
八頭地区,八頭町,52347277,104,134,
八頭地区,八頭町,52347280,110,142,
八頭地区,八頭町,52347281,111,143,
八頭地区,八頭町,52347282,112,144,
八頭地区,八頭町,52347283,120,154,
八頭地区,八頭町,52347284,120,154,
八頭地区,八頭町,52347285,118,152,
八頭地区,八頭町,52347286,109,140,
八頭地区,八頭町,52347287,105,135,
八頭地区,八頭町,52347288,99,128,
八頭地区,八頭町,52347290,109,141,
八頭地区,八頭町,52347291,111,143,
八頭地区,八頭町,52347292,112,144,
八頭地区,八頭町,52347293,120,155,
八頭地区,八頭町,52347294,119,153,
八頭地区,八頭町,52347295,118,152,
八頭地区,八頭町,52347296,113,146,
八頭地区,八頭町,52347297,113,146,
八頭地区,八頭町,52347298,113,146,
八頭地区,八頭町,53340109,103,133,
八頭地区,八頭町,53340119,103,133,
八頭地区,八頭町,53340129,103,133,
八頭地区,八頭町,53340139,98,126,
八頭地区,八頭町,53340149,99,127,
八頭地区,八頭町,53340159,103,133,
八頭地区,八頭町,53340169,107,138,
八頭地区,八頭町,53340178,103,133,
八頭地区,八頭町,53340179,107,138,
八頭地区,八頭町,53340187,109,140,
八頭地区,八頭町,53340188,103,133,
八頭地区,八頭町,53340189,108,139,
八頭地区,八頭町,53340198,103,133,
八頭地区,八頭町,53340199,108,139,
八頭地区,八頭町,53340200,104,134,
八頭地区,八頭町,53340201,109,141,
八頭地区,八頭町,53340202,110,142,
八頭地区,八頭町,53340203,120,154,
八頭地区,八頭町,53340204,118,152,
八頭地区,八頭町,53340205,127,164,
八頭地区,八頭町,53340206,113,145,
八頭地区,八頭町,53340207,113,145,
八頭地区,八頭町,53340208,113,146,
八頭地区,八頭町,53340210,103,133,
八頭地区,八頭町,53340211,103,133,
八頭地区,八頭町,53340212,104,134,
八頭地区,八頭町,53340213,108,139,
八頭地区,八頭町,53340214,108,139,
八頭地区,八頭町,53340215,113,145,
八頭地区,八頭町,53340216,113,145,
八頭地区,八頭町,53340217,113,145,
八頭地区,八頭町,53340218,113,145,
八頭地区,八頭町,53340219,109,141,
八頭地区,八頭町,53340220,99,127,
八頭地区,八頭町,53340221,98,126,
八頭地区,八頭町,53340222,102,132,
八頭地区,八頭町,53340223,107,138,
八頭地区,八頭町,53340224,108,139,
八頭地区,八頭町,53340225,108,139,
八頭地区,八頭町,53340226,108,139,
八頭地区,八頭町,53340227,107,138,
八頭地区,八頭町,53340228,107,138,
八頭地区,八頭町,53340229,109,141,
八頭地区,八頭町,53340230,98,126,
八頭地区,八頭町,53340231,98,126,
八頭地区,八頭町,53340232,102,132,
八頭地区,八頭町,53340233,102,132,
八頭地区,八頭町,53340234,108,139,
八頭地区,八頭町,53340235,109,140,
八頭地区,八頭町,53340236,109,140,
八頭地区,八頭町,53340237,108,139,
八頭地区,八頭町,53340238,108,139,
八頭地区,八頭町,53340239,108,139,
八頭地区,八頭町,53340240,99,127,
八頭地区,八頭町,53340241,99,127,
八頭地区,八頭町,53340242,102,132,
八頭地区,八頭町,53340243,102,132,
八頭地区,八頭町,53340244,108,139,
八頭地区,八頭町,53340245,109,141,
八頭地区,八頭町,53340246,109,141,
八頭地区,八頭町,53340247,109,141,
八頭地区,八頭町,53340248,107,138,
八頭地区,八頭町,53340249,103,133,
八頭地区,八頭町,53340250,98,126,
八頭地区,八頭町,53340251,103,133,
八頭地区,八頭町,53340252,102,132,
八頭地区,八頭町,53340253,102,131,
八頭地区,八頭町,53340254,107,138,
八頭地区,八頭町,53340255,109,140,
八頭地区,八頭町,53340256,109,141,
八頭地区,八頭町,53340257,109,141,
八頭地区,八頭町,53340258,107,138,
八頭地区,八頭町,53340259,103,133,
八頭地区,八頭町,53340260,107,138,
八頭地区,八頭町,53340261,107,138,
八頭地区,八頭町,53340262,102,131,
八頭地区,八頭町,53340263,102,131,
八頭地区,八頭町,53340264,106,136,
八頭地区,八頭町,53340265,107,138,
八頭地区,八頭町,53340266,108,139,
八頭地区,八頭町,53340267,108,139,
八頭地区,八頭町,53340268,108,139,
八頭地区,八頭町,53340269,99,127,
八頭地区,八頭町,53340270,108,139,
八頭地区,八頭町,53340271,107,138,
八頭地区,八頭町,53340272,102,132,
八頭地区,八頭町,53340273,102,131,
八頭地区,八頭町,53340274,102,131,
八頭地区,八頭町,53340275,102,131,
八頭地区,八頭町,53340276,103,133,
八頭地区,八頭町,53340277,105,135,
八頭地区,八頭町,53340278,104,134,
八頭地区,八頭町,53340279,103,133,
八頭地区,八頭町,53340280,109,141,
八頭地区,八頭町,53340281,109,140,
八頭地区,八頭町,53340282,102,132,
八頭地区,八頭町,53340283,102,131,
八頭地区,八頭町,53340284,97,125,
八頭地区,八頭町,53340285,98,126,
八頭地区,八頭町,53340286,103,133,
八頭地区,八頭町,53340287,105,135,
八頭地区,八頭町,53340288,105,135,
八頭地区,八頭町,53340289,104,134,
八頭地区,八頭町,53340290,109,140,
八頭地区,八頭町,53340291,107,138,
八頭地区,八頭町,53340292,102,131,
八頭地区,八頭町,53340293,102,131,
八頭地区,八頭町,53340294,96,124,
八頭地区,八頭町,53340295,97,125,
八頭地区,八頭町,53340296,102,132,
八頭地区,八頭町,53340297,103,133,
八頭地区,八頭町,53340298,104,134,
八頭地区,八頭町,53340299,103,133,
八頭地区,八頭町,53340330,105,135,
八頭地区,八頭町,53340340,104,134,
八頭地区,八頭町,53340350,104,134,
八頭地区,八頭町,53340351,103,133,
八頭地区,八頭町,53340360,103,133,
八頭地区,八頭町,53340361,103,133,
八頭地区,八頭町,53340362,109,141,
八頭地区,八頭町,53340370,103,133,
八頭地区,八頭町,53340371,103,133,
八頭地区,八頭町,53340372,105,135,
八頭地区,八頭町,53340373,110,142,
八頭地区,八頭町,53340374,111,143,
八頭地区,八頭町,53340380,99,127,
八頭地区,八頭町,53340381,104,134,
八頭地区,八頭町,53340382,105,135,
八頭地区,八頭町,53340383,115,148,
八頭地区,八頭町,53340384,106,136,
八頭地区,八頭町,53340390,104,134,
八頭地区,八頭町,53340391,106,136,
八頭地区,八頭町,53340392,106,136,
八頭地区,八頭町,53340393,106,136,
八頭地区,八頭町,53340394,106,136,
八頭地区,八頭町,53341109,107,138,
八頭地区,八頭町,53341200,107,138,
八頭地区,八頭町,53341201,106,136,
八頭地区,八頭町,53341202,102,131,
八頭地区,八頭町,53341203,97,125,
八頭地区,八頭町,53341204,95,123,
八頭地区,八頭町,53341205,96,124,
八頭地区,八頭町,53341206,97,125,
八頭地区,八頭町,53341207,98,126,
八頭地区,八頭町,53341208,98,126,
八頭地区,八頭町,53341209,99,127,
八頭地区,八頭町,53341210,96,124,
八頭地区,八頭町,53341211,96,124,
八頭地区,八頭町,53341212,97,125,
八頭地区,八頭町,53341213,92,118,
八頭地区,八頭町,53341214,92,118,
八頭地区,八頭町,53341215,92,118,
八頭地区,八頭町,53341221,95,123,
八頭地区,八頭町,53341222,96,124,
八頭地区,八頭町,53341223,96,124,
八頭地区,八頭町,53341224,92,118,
八頭地区,八頭町,53341300,99,128,
八頭地区,八頭町,53341301,102,131,
八頭地区,八頭町,53341302,106,137,
八頭地区,八頭町,53341303,106,137,
八頭地区,八頭町,53341304,106,136,
八頭地区,八頭町,53341305,106,137,
八頭地区,八頭町,53341310,110,142,
八頭地区,八頭町,53341311,113,146,
八頭地区,八頭町,53341312,109,140,
八頭地区,八頭町,53341313,107,138,
八頭地区,八頭町,53341314,106,137,
八頭地区,八頭町,53341315,107,138,
八頭地区,八頭町,53341321,116,149,
八頭地区,八頭町,53341322,116,149,
倉吉地区,倉吉市,52337584,98,141,
倉吉地区,倉吉市,52337587,93,134,
倉吉地区,倉吉市,52337588,94,135,
倉吉地区,倉吉市,52337589,88,127,
倉吉地区,倉吉市,52337593,109,156,
倉吉地区,倉吉市,52337594,103,148,
倉吉地区,倉吉市,52337595,102,147,
倉吉地区,倉吉市,52337596,102,147,
倉吉地区,倉吉市,52337597,98,140,
倉吉地区,倉吉市,52337598,94,135,
倉吉地区,倉吉市,52337599,94,135,
倉吉地区,倉吉市,52337670,92,132,
倉吉地区,倉吉市,52337680,88,127,
倉吉地区,倉吉市,52337681,89,128,
倉吉地区,倉吉市,52337690,94,135,
倉吉地区,倉吉市,52337691,93,134,
倉吉地区,倉吉市,52337692,89,128,
倉吉地区,倉吉市,53330418,149,213,
倉吉地区,倉吉市,53330419,109,156,
倉吉地区,倉吉市,53330427,151,216,
倉吉地区,倉吉市,53330428,151,217,
倉吉地区,倉吉市,53330429,107,154,
倉吉地区,倉吉市,53330436,112,161,
倉吉地区,倉吉市,53330437,113,162,
倉吉地区,倉吉市,53330438,115,165,
倉吉地区,倉吉市,53330439,157,225,
倉吉地区,倉吉市,53330448,119,170,
倉吉地区,倉吉市,53330449,121,174,
倉吉地区,倉吉市,53330501,130,187,
倉吉地区,倉吉市,53330502,122,175,
倉吉地区,倉吉市,53330503,110,158,
倉吉地区,倉吉市,53330504,109,156,
倉吉地区,倉吉市,53330505,103,148,
倉吉地区,倉吉市,53330506,104,149,
倉吉地区,倉吉市,53330507,98,141,
倉吉地区,倉吉市,53330508,94,135,
倉吉地区,倉吉市,53330509,95,137,
倉吉地区,倉吉市,53330510,104,149,
倉吉地区,倉吉市,53330511,107,154,
倉吉地区,倉吉市,53330512,123,177,
倉吉地区,倉吉市,53330513,112,160,
倉吉地区,倉吉市,53330514,106,152,
倉吉地区,倉吉市,53330515,107,154,
倉吉地区,倉吉市,53330516,107,154,
倉吉地区,倉吉市,53330517,101,145,
倉吉地区,倉吉市,53330518,100,143,
倉吉地区,倉吉市,53330519,95,136,
倉吉地区,倉吉市,53330520,106,152,
倉吉地区,倉吉市,53330521,109,156,
倉吉地区,倉吉市,53330522,119,170,
倉吉地区,倉吉市,53330523,117,168,
倉吉地区,倉吉市,53330524,117,168,
倉吉地区,倉吉市,53330525,110,158,
倉吉地区,倉吉市,53330526,109,156,
倉吉地区,倉吉市,53330527,107,154,
倉吉地区,倉吉市,53330528,101,145,
倉吉地区,倉吉市,53330529,95,137,
倉吉地区,倉吉市,53330530,115,165,
倉吉地区,倉吉市,53330531,106,152,
倉吉地区,倉吉市,53330532,121,173,
倉吉地区,倉吉市,53330533,117,168,
倉吉地区,倉吉市,53330534,119,170,
倉吉地区,倉吉市,53330535,111,159,
倉吉地区,倉吉市,53330536,109,157,
倉吉地区,倉吉市,53330537,107,154,
倉吉地区,倉吉市,53330538,102,146,
倉吉地区,倉吉市,53330539,96,138,
倉吉地区,倉吉市,53330540,119,170,
倉吉地区,倉吉市,53330541,114,163,
倉吉地区,倉吉市,53330542,109,156,
倉吉地区,倉吉市,53330543,110,158,
倉吉地区,倉吉市,53330544,109,156,
倉吉地区,倉吉市,53330545,109,156,
倉吉地区,倉吉市,53330546,108,155,
倉吉地区,倉吉市,53330547,105,151,
倉吉地区,倉吉市,53330548,101,145,
倉吉地区,倉吉市,53330549,98,140,
倉吉地区,倉吉市,53330550,118,169,
倉吉地区,倉吉市,53330551,114,164,
倉吉地区,倉吉市,53330552,110,158,
倉吉地区,倉吉市,53330553,106,152,
倉吉地区,倉吉市,53330554,103,148,
倉吉地区,倉吉市,53330555,102,147,
倉吉地区,倉吉市,53330556,102,146,
倉吉地区,倉吉市,53330557,100,143,
倉吉地区,倉吉市,53330558,100,143,
倉吉地区,倉吉市,53330559,97,139,
倉吉地区,倉吉市,53330561,116,167,
倉吉地区,倉吉市,53330562,113,162,
倉吉地区,倉吉市,53330563,109,157,
倉吉地区,倉吉市,53330564,107,153,
倉吉地区,倉吉市,53330565,106,152,
倉吉地区,倉吉市,53330566,105,151,
倉吉地区,倉吉市,53330567,100,143,
倉吉地区,倉吉市,53330568,100,143,
倉吉地区,倉吉市,53330569,97,139,
倉吉地区,倉吉市,53330571,119,170,
倉吉地区,倉吉市,53330572,116,167,
倉吉地区,倉吉市,53330573,113,162,
倉吉地区,倉吉市,53330574,107,154,
倉吉地区,倉吉市,53330575,106,152,
倉吉地区,倉吉市,53330576,105,151,
倉吉地区,倉吉市,53330577,100,144,
倉吉地区,倉吉市,53330578,101,145,
倉吉地区,倉吉市,53330579,98,140,
倉吉地区,倉吉市,53330582,116,167,
倉吉地区,倉吉市,53330583,114,163,
倉吉地区,倉吉市,53330584,107,154,
倉吉地区,倉吉市,53330585,107,153,
倉吉地区,倉吉市,53330586,105,151,
倉吉地区,倉吉市,53330587,101,145,
倉吉地区,倉吉市,53330588,97,139,
倉吉地区,倉吉市,53330589,98,140,
倉吉地区,倉吉市,53330593,114,164,
倉吉地区,倉吉市,53330594,108,155,
倉吉地区,倉吉市,53330595,107,154,
倉吉地区,倉吉市,53330596,102,146,
倉吉地区,倉吉市,53330597,102,146,
倉吉地区,倉吉市,53330598,98,141,
倉吉地区,倉吉市,53330599,98,141,
倉吉地区,倉吉市,53330600,96,138,
倉吉地区,倉吉市,53330601,94,135,
倉吉地区,倉吉市,53330602,88,127,
倉吉地区,倉吉市,53330603,90,129,
倉吉地区,倉吉市,53330610,95,137,
倉吉地区,倉吉市,53330611,94,135,
倉吉地区,倉吉市,53330612,89,128,
倉吉地区,倉吉市,53330613,91,130,
倉吉地区,倉吉市,53330614,92,132,
倉吉地区,倉吉市,53330620,91,130,
倉吉地区,倉吉市,53330621,89,128,
倉吉地区,倉吉市,53330622,90,129,
倉吉地区,倉吉市,53330623,92,132,
倉吉地区,倉吉市,53330624,92,132,
倉吉地区,倉吉市,53330625,90,129,
倉吉地区,倉吉市,53330630,95,137,
倉吉地区,倉吉市,53330631,95,136,
倉吉地区,倉吉市,53330632,92,132,
倉吉地区,倉吉市,53330633,98,140,
倉吉地区,倉吉市,53330634,92,132,
倉吉地区,倉吉市,53330635,91,130,
倉吉地区,倉吉市,53330640,97,139,
倉吉地区,倉吉市,53330641,98,140,
倉吉地区,倉吉市,53330642,97,139,
倉吉地区,倉吉市,53330643,98,140,
倉吉地区,倉吉市,53330644,92,132,
倉吉地区,倉吉市,53330645,91,131,
倉吉地区,倉吉市,53330646,91,131,
倉吉地区,倉吉市,53330650,98,140,
倉吉地区,倉吉市,53330651,98,140,
倉吉地区,倉吉市,53330652,98,140,
倉吉地区,倉吉市,53330653,96,138,
倉吉地区,倉吉市,53330654,92,132,
倉吉地区,倉吉市,53330655,91,130,
倉吉地区,倉吉市,53330656,92,132,
倉吉地区,倉吉市,53330660,98,140,
倉吉地区,倉吉市,53330661,94,135,
倉吉地区,倉吉市,53330662,93,133,
倉吉地区,倉吉市,53330663,92,132,
倉吉地区,倉吉市,53330664,95,137,
倉吉地区,倉吉市,53330665,95,136,
倉吉地区,倉吉市,53330666,95,137,
倉吉地区,倉吉市,53330670,98,141,
倉吉地区,倉吉市,53330671,94,135,
倉吉地区,倉吉市,53330672,92,132,
倉吉地区,倉吉市,53330673,91,131,
倉吉地区,倉吉市,53330674,95,137,
倉吉地区,倉吉市,53330675,95,137,
倉吉地区,倉吉市,53330676,95,137,
倉吉地区,倉吉市,53330680,94,135,
倉吉地区,倉吉市,53330681,93,133,
倉吉地区,倉吉市,53330682,92,132,
倉吉地区,倉吉市,53330683,90,129,
倉吉地区,倉吉市,53330684,95,136,
倉吉地区,倉吉市,53330685,95,137,
倉吉地区,倉吉市,53330686,95,137,
倉吉地区,倉吉市,53330687,92,132,
倉吉地区,倉吉市,53330690,98,141,
倉吉地区,倉吉市,53330691,98,140,
倉吉地区,倉吉市,53330692,95,137,
倉吉地区,倉吉市,53330693,94,135,
倉吉地区,倉吉市,53330694,95,136,
倉吉地区,倉吉市,53330695,95,137,
倉吉地区,倉吉市,53330696,95,137,
倉吉地区,倉吉市,53330697,92,132,
倉吉地区,倉吉市,53330698,88,127,
倉吉地区,倉吉市,53331504,108,155,
倉吉地区,倉吉市,53331505,102,147,
倉吉地区,倉吉市,53331506,102,146,
倉吉地区,倉吉市,53331507,102,146,
倉吉地区,倉吉市,53331508,98,140,
倉吉地区,倉吉市,53331509,98,140,
倉吉地区,倉吉市,53331516,102,146,
倉吉地区,倉吉市,53331517,102,146,
倉吉地区,倉吉市,53331518,102,147,
倉吉地区,倉吉市,53331519,103,148,
倉吉地区,倉吉市,53331528,102,146,
倉吉地区,倉吉市,53331529,102,146,
倉吉地区,倉吉市,53331539,101,145,
倉吉地区,倉吉市,53331600,98,140,
倉吉地区,倉吉市,53331601,95,137,
倉吉地区,倉吉市,53331602,95,136,
倉吉地区,倉吉市,53331603,94,135,
倉吉地区,倉吉市,53331604,95,136,
倉吉地区,倉吉市,53331605,95,137,
倉吉地区,倉吉市,53331606,95,137,
倉吉地区,倉吉市,53331607,93,133,
倉吉地区,倉吉市,53331608,93,133,
倉吉地区,倉吉市,53331609,92,132,
倉吉地区,倉吉市,53331610,98,140,
倉吉地区,倉吉市,53331611,95,137,
倉吉地区,倉吉市,53331612,95,136,
倉吉地区,倉吉市,53331613,95,136,
倉吉地区,倉吉市,53331614,95,136,
倉吉地区,倉吉市,53331615,95,137,
倉吉地区,倉吉市,53331616,98,140,
倉吉地区,倉吉市,53331617,94,135,
倉吉地区,倉吉市,53331618,94,135,
倉吉地区,倉吉市,53331619,92,132,
倉吉地区,倉吉市,53331620,96,138,
倉吉地区,倉吉市,53331621,95,137,
倉吉地区,倉吉市,53331622,95,137,
倉吉地区,倉吉市,53331623,95,136,
倉吉地区,倉吉市,53331624,94,135,
倉吉地区,倉吉市,53331625,95,137,
倉吉地区,倉吉市,53331626,98,140,
倉吉地区,倉吉市,53331627,94,135,
倉吉地区,倉吉市,53331628,94,135,
倉吉地区,倉吉市,53331629,93,134,
倉吉地区,倉吉市,53331630,100,144,
倉吉地区,倉吉市,53331631,100,143,
倉吉地区,倉吉市,53331632,95,137,
倉吉地区,倉吉市,53331633,95,136,
倉吉地区,倉吉市,53331634,94,135,
倉吉地区,倉吉市,53331635,95,136,
倉吉地区,倉吉市,53331636,97,139,
倉吉地区,倉吉市,53331637,98,140,
倉吉地区,倉吉市,53331638,98,140,
倉吉地区,倉吉市,53331640,100,143,
倉吉地区,倉吉市,53331641,99,142,
倉吉地区,倉吉市,53331642,94,135,
倉吉地区,倉吉市,53331643,94,135,
倉吉地区,倉吉市,53331644,95,136,
倉吉地区,倉吉市,53331645,95,136,
倉吉地区,倉吉市,53331646,96,138,
倉吉地区,倉吉市,53331647,98,140,
倉吉地区,倉吉市,53331648,97,139,
倉吉地区,倉吉市,53331650,100,143,
倉吉地区,倉吉市,53331651,100,143,
倉吉地区,倉吉市,53331652,99,142,
倉吉地区,倉吉市,53331653,98,141,
倉吉地区,倉吉市,53331656,101,145,
倉吉地区,倉吉市,53331657,102,146,
倉吉地区,倉吉市,53331658,98,140,
倉吉地区,倉吉市,53331666,102,146,
倉吉地区,倉吉市,53331667,102,146,
倉吉地区,倉吉市,53331668,98,140,
倉吉地区,倉吉市,53331676,100,143,
倉吉地区,倉吉市,53331710,92,132,
倉吉地区,三朝町,52337606,91,130,
倉吉地区,三朝町,52337607,95,136,
倉吉地区,三朝町,52337615,95,137,
倉吉地区,三朝町,52337616,96,138,
倉吉地区,三朝町,52337617,95,137,
倉吉地区,三朝町,52337625,98,140,
倉吉地区,三朝町,52337626,98,140,
倉吉地区,三朝町,52337627,96,138,
倉吉地区,三朝町,52337628,96,138,
倉吉地区,三朝町,52337635,98,140,
倉吉地区,三朝町,52337636,98,140,
倉吉地区,三朝町,52337637,96,138,
倉吉地区,三朝町,52337638,95,137,
倉吉地区,三朝町,52337644,95,137,
倉吉地区,三朝町,52337645,97,139,
倉吉地区,三朝町,52337646,97,139,
倉吉地区,三朝町,52337647,95,137,
倉吉地区,三朝町,52337648,95,137,
倉吉地区,三朝町,52337653,88,127,
倉吉地区,三朝町,52337654,94,135,
倉吉地区,三朝町,52337655,95,136,
倉吉地区,三朝町,52337656,95,136,
倉吉地区,三朝町,52337657,95,136,
倉吉地区,三朝町,52337658,95,137,
倉吉地区,三朝町,52337659,96,138,
倉吉地区,三朝町,52337662,88,127,
倉吉地区,三朝町,52337663,88,127,
倉吉地区,三朝町,52337664,88,127,
倉吉地区,三朝町,52337665,90,129,
倉吉地区,三朝町,52337666,94,135,
倉吉地区,三朝町,52337667,95,136,
倉吉地区,三朝町,52337668,95,137,
倉吉地区,三朝町,52337669,95,137,
倉吉地区,三朝町,52337671,88,127,
倉吉地区,三朝町,52337672,93,133,
倉吉地区,三朝町,52337673,84,121,
倉吉地区,三朝町,52337674,90,129,
倉吉地区,三朝町,52337675,90,129,
倉吉地区,三朝町,52337676,91,130,
倉吉地区,三朝町,52337677,92,132,
倉吉地区,三朝町,52337678,96,138,
倉吉地区,三朝町,52337679,95,137,
倉吉地区,三朝町,52337682,89,128,
倉吉地区,三朝町,52337683,90,129,
倉吉地区,三朝町,52337684,91,131,
倉吉地区,三朝町,52337685,92,132,
倉吉地区,三朝町,52337686,92,132,
倉吉地区,三朝町,52337687,92,132,
倉吉地区,三朝町,52337688,93,133,
倉吉地区,三朝町,52337689,92,132,
倉吉地区,三朝町,52337693,91,130,
倉吉地区,三朝町,52337694,92,132,
倉吉地区,三朝町,52337695,93,133,
倉吉地区,三朝町,52337696,93,133,
倉吉地区,三朝町,52337697,92,132,
倉吉地区,三朝町,52337698,92,132,
倉吉地区,三朝町,52337699,91,131,
倉吉地区,三朝町,52337750,95,137,
倉吉地区,三朝町,52337760,95,137,
倉吉地区,三朝町,52337761,96,138,
倉吉地区,三朝町,52337770,95,137,
倉吉地区,三朝町,52337771,92,132,
倉吉地区,三朝町,52337772,94,135,
倉吉地区,三朝町,52337773,95,137,
倉吉地区,三朝町,52337780,91,130,
倉吉地区,三朝町,52337781,92,132,
倉吉地区,三朝町,52337782,94,135,
倉吉地区,三朝町,52337783,94,135,
倉吉地区,三朝町,52337790,90,129,
倉吉地区,三朝町,52337791,95,136,
倉吉地区,三朝町,52337792,92,132,
倉吉地区,三朝町,52337793,93,134,
倉吉地区,三朝町,53330604,92,132,
倉吉地区,三朝町,53330605,92,132,
倉吉地区,三朝町,53330606,91,131,
倉吉地区,三朝町,53330607,91,130,
倉吉地区,三朝町,53330608,90,129,
倉吉地区,三朝町,53330609,90,129,
倉吉地区,三朝町,53330615,91,131,
倉吉地区,三朝町,53330616,90,129,
倉吉地区,三朝町,53330617,90,129,
倉吉地区,三朝町,53330618,90,129,
倉吉地区,三朝町,53330619,90,129,
倉吉地区,三朝町,53330626,90,129,
倉吉地区,三朝町,53330627,90,129,
倉吉地区,三朝町,53330628,90,129,
倉吉地区,三朝町,53330629,91,130,
倉吉地区,三朝町,53330636,90,129,
倉吉地区,三朝町,53330637,91,130,
倉吉地区,三朝町,53330638,91,131,
倉吉地区,三朝町,53330639,91,131,
倉吉地区,三朝町,53330647,92,132,
倉吉地区,三朝町,53330648,92,132,
倉吉地区,三朝町,53330649,92,132,
倉吉地区,三朝町,53330657,92,132,
倉吉地区,三朝町,53330658,93,133,
倉吉地区,三朝町,53330659,93,133,
倉吉地区,三朝町,53330667,96,138,
倉吉地区,三朝町,53330668,93,133,
倉吉地区,三朝町,53330669,92,132,
倉吉地区,三朝町,53330677,97,139,
倉吉地区,三朝町,53330678,93,133,
倉吉地区,三朝町,53330679,91,131,
倉吉地区,三朝町,53330688,92,132,
倉吉地区,三朝町,53330689,88,126,
倉吉地区,三朝町,53330699,88,126,
倉吉地区,三朝町,53330700,91,130,
倉吉地区,三朝町,53330701,95,136,
倉吉地区,三朝町,53330702,95,137,
倉吉地区,三朝町,53330703,98,140,
倉吉地区,三朝町,53330704,98,141,
倉吉地区,三朝町,53330705,100,143,
倉吉地区,三朝町,53330710,91,130,
倉吉地区,三朝町,53330711,92,132,
倉吉地区,三朝町,53330712,97,139,
倉吉地区,三朝町,53330713,99,142,
倉吉地区,三朝町,53330714,100,143,
倉吉地区,三朝町,53330715,100,144,
倉吉地区,三朝町,53330716,100,143,
倉吉地区,三朝町,53330718,105,151,
倉吉地区,三朝町,53330720,92,132,
倉吉地区,三朝町,53330721,93,133,
倉吉地区,三朝町,53330722,98,140,
倉吉地区,三朝町,53330723,100,143,
倉吉地区,三朝町,53330724,100,144,
倉吉地区,三朝町,53330725,102,146,
倉吉地区,三朝町,53330726,100,144,
倉吉地区,三朝町,53330727,100,144,
倉吉地区,三朝町,53330728,106,152,
倉吉地区,三朝町,53330729,112,160,
倉吉地区,三朝町,53330730,93,133,
倉吉地区,三朝町,53330731,94,135,
倉吉地区,三朝町,53330732,98,141,
倉吉地区,三朝町,53330733,100,143,
倉吉地区,三朝町,53330734,100,144,
倉吉地区,三朝町,53330735,102,146,
倉吉地区,三朝町,53330736,93,133,
倉吉地区,三朝町,53330737,93,133,
倉吉地区,三朝町,53330738,94,135,
倉吉地区,三朝町,53330739,114,163,
倉吉地区,三朝町,53330740,93,133,
倉吉地区,三朝町,53330741,93,133,
倉吉地区,三朝町,53330742,109,157,
倉吉地区,三朝町,53330743,98,140,
倉吉地区,三朝町,53330744,100,144,
倉吉地区,三朝町,53330745,102,146,
倉吉地区,三朝町,53330746,92,132,
倉吉地区,三朝町,53330747,93,133,
倉吉地区,三朝町,53330748,99,142,
倉吉地区,三朝町,53330749,110,158,
倉吉地区,三朝町,53330750,92,132,
倉吉地区,三朝町,53330751,92,132,
倉吉地区,三朝町,53330752,92,132,
倉吉地区,三朝町,53330753,98,140,
倉吉地区,三朝町,53330754,99,142,
倉吉地区,三朝町,53330755,100,144,
倉吉地区,三朝町,53330756,92,132,
倉吉地区,三朝町,53330757,93,133,
倉吉地区,三朝町,53330758,99,142,
倉吉地区,三朝町,53330759,108,155,
倉吉地区,三朝町,53330760,91,131,
倉吉地区,三朝町,53330761,91,131,
倉吉地区,三朝町,53330762,87,125,
倉吉地区,三朝町,53330763,92,132,
倉吉地区,三朝町,53330764,93,133,
倉吉地区,三朝町,53330765,95,136,
倉吉地区,三朝町,53330766,96,138,
倉吉地区,三朝町,53330767,97,139,
倉吉地区,三朝町,53330768,97,139,
倉吉地区,三朝町,53330769,106,152,
倉吉地区,三朝町,53330770,91,131,
倉吉地区,三朝町,53330771,91,131,
倉吉地区,三朝町,53330772,88,126,
倉吉地区,三朝町,53330773,95,137,
倉吉地区,三朝町,53330774,97,139,
倉吉地区,三朝町,53330775,100,143,
倉吉地区,三朝町,53330776,93,134,
倉吉地区,三朝町,53330777,94,135,
倉吉地区,三朝町,53330778,97,139,
倉吉地区,三朝町,53330780,87,125,
倉吉地区,三朝町,53330781,88,127,
倉吉地区,三朝町,53330782,89,128,
倉吉地区,三朝町,53330783,98,140,
倉吉地区,三朝町,53330784,98,140,
倉吉地区,三朝町,53330785,100,143,
倉吉地区,三朝町,53330786,94,135,
倉吉地区,三朝町,53330787,94,135,
倉吉地区,三朝町,53330788,92,132,
倉吉地区,三朝町,53330789,102,146,
倉吉地区,三朝町,53330790,88,126,
倉吉地区,三朝町,53330791,89,128,
倉吉地区,三朝町,53330792,91,130,
倉吉地区,三朝町,53330793,98,140,
倉吉地区,三朝町,53330794,98,140,
倉吉地区,三朝町,53330795,99,142,
倉吉地区,三朝町,53330796,93,134,
倉吉地区,三朝町,53330797,93,133,
倉吉地区,三朝町,53330798,92,132,
倉吉地区,三朝町,53330799,102,147,
倉吉地区,三朝町,53331700,87,125,
倉吉地区,三朝町,53331701,89,128,
倉吉地区,三朝町,53331702,90,129,
倉吉地区,三朝町,53331703,93,133,
倉吉地区,三朝町,53331704,93,133,
倉吉地区,三朝町,53331705,93,134,
倉吉地区,三朝町,53331706,100,143,
倉吉地区,三朝町,53331707,101,145,
倉吉地区,三朝町,53331708,100,143,
倉吉地区,三朝町,53331714,92,132,
倉吉地区,三朝町,53331715,93,134,
倉吉地区,三朝町,53340020,116,167,
倉吉地区,三朝町,53340030,123,176,
倉吉地区,三朝町,53340031,127,182,
倉吉地区,三朝町,53340040,119,170,
倉吉地区,三朝町,53340041,133,191,
倉吉地区,三朝町,53340042,127,182,
倉吉地区,三朝町,53340050,122,175,
倉吉地区,三朝町,53340051,122,175,
倉吉地区,三朝町,53340052,122,175,
倉吉地区,三朝町,53340060,120,172,
倉吉地区,湯梨浜町,53331639,97,139,
倉吉地区,湯梨浜町,53331649,98,140,
倉吉地区,湯梨浜町,53331659,98,140,
倉吉地区,湯梨浜町,53331669,97,139,
倉吉地区,湯梨浜町,53331678,96,138,
倉吉地区,湯梨浜町,53331679,95,137,
倉吉地区,湯梨浜町,53331688,109,－,
倉吉地区,湯梨浜町,53331689,109,－,
倉吉地区,湯梨浜町,53331698,109,－,
倉吉地区,湯梨浜町,53331699,109,－,
倉吉地区,湯梨浜町,53331711,92,132,
倉吉地区,湯梨浜町,53331712,92,132,
倉吉地区,湯梨浜町,53331713,93,133,
倉吉地区,湯梨浜町,53331720,92,132,
倉吉地区,湯梨浜町,53331721,92,132,
倉吉地区,湯梨浜町,53331722,92,132,
倉吉地区,湯梨浜町,53331723,92,132,
倉吉地区,湯梨浜町,53331724,97,139,
倉吉地区,湯梨浜町,53331725,98,140,
倉吉地区,湯梨浜町,53331730,91,131,
倉吉地区,湯梨浜町,53331731,92,132,
倉吉地区,湯梨浜町,53331732,91,131,
倉吉地区,湯梨浜町,53331733,92,132,
倉吉地区,湯梨浜町,53331734,97,139,
倉吉地区,湯梨浜町,53331735,98,141,
倉吉地区,湯梨浜町,53331740,93,134,
倉吉地区,湯梨浜町,53331741,93,133,
倉吉地区,湯梨浜町,53331742,91,131,
倉吉地区,湯梨浜町,53331743,92,132,
倉吉地区,湯梨浜町,53331744,98,140,
倉吉地区,湯梨浜町,53331745,98,140,
倉吉地区,湯梨浜町,53331750,93,133,
倉吉地区,湯梨浜町,53331751,93,133,
倉吉地区,湯梨浜町,53331752,91,131,
倉吉地区,湯梨浜町,53331753,92,132,
倉吉地区,湯梨浜町,53331754,92,132,
倉吉地区,湯梨浜町,53331755,98,140,
倉吉地区,湯梨浜町,53331760,109,－,
倉吉地区,湯梨浜町,53331761,109,－,
倉吉地区,湯梨浜町,53331762,91,131,
倉吉地区,湯梨浜町,53331763,91,130,
倉吉地区,湯梨浜町,53331764,92,132,
倉吉地区,湯梨浜町,53331765,98,140,
倉吉地区,湯梨浜町,53331770,109,－,
倉吉地区,湯梨浜町,53331771,95,136,
倉吉地区,湯梨浜町,53331772,95,136,
倉吉地区,湯梨浜町,53331773,94,135,
倉吉地区,湯梨浜町,53331774,91,131,
倉吉地区,湯梨浜町,53331775,97,139,
倉吉地区,湯梨浜町,53331780,109,－,
倉吉地区,湯梨浜町,53331781,95,136,
倉吉地区,湯梨浜町,53331782,94,135,
倉吉地区,湯梨浜町,53331783,95,136,
倉吉地区,湯梨浜町,53331784,95,137,
倉吉地区,湯梨浜町,53331785,96,138,
倉吉地区,湯梨浜町,53331790,94,135,
倉吉地区,湯梨浜町,53331791,94,135,
倉吉地区,湯梨浜町,53331792,95,136,
倉吉地区,湯梨浜町,53331793,95,136,
倉吉地区,湯梨浜町,53331794,95,136,
倉吉地区,湯梨浜町,53331795,100,143,
倉吉地区,湯梨浜町,53331796,102,146,
倉吉地区,湯梨浜町,53332608,109,－,
倉吉地区,湯梨浜町,53332609,109,－,
倉吉地区,湯梨浜町,53332700,95,136,
倉吉地区,湯梨浜町,53332701,95,136,
倉吉地区,湯梨浜町,53332702,94,135,
倉吉地区,湯梨浜町,53332703,94,135,
倉吉地区,湯梨浜町,53332704,99,142,
倉吉地区,湯梨浜町,53332705,100,143,
倉吉地区,湯梨浜町,53332706,100,144,
倉吉地区,湯梨浜町,53332710,109,－,
倉吉地区,湯梨浜町,53332711,94,135,
倉吉地区,湯梨浜町,53332712,94,135,
倉吉地区,湯梨浜町,53332713,99,－,
倉吉地区,湯梨浜町,53332714,98,141,
倉吉地区,湯梨浜町,53332715,100,143,
倉吉地区,湯梨浜町,53332716,100,143,
倉吉地区,湯梨浜町,53332717,100,143,
倉吉地区,湯梨浜町,53332725,98,141,
倉吉地区,湯梨浜町,53332726,99,142,
倉吉地区,湯梨浜町,53332727,98,141,
倉吉地区,湯梨浜町,53332736,99,－,
倉吉地区,琴浦町,53330435,111,159,
倉吉地区,琴浦町,53330445,116,166,
倉吉地区,琴浦町,53330446,114,164,
倉吉地区,琴浦町,53330447,111,159,
倉吉地区,琴浦町,53330455,123,177,
倉吉地区,琴浦町,53330456,117,168,
倉吉地区,琴浦町,53330457,116,167,
倉吉地区,琴浦町,53330458,118,169,
倉吉地区,琴浦町,53330459,119,170,
倉吉地区,琴浦町,53330466,129,185,
倉吉地区,琴浦町,53330467,126,181,
倉吉地区,琴浦町,53330468,124,178,
倉吉地区,琴浦町,53330469,123,177,
倉吉地区,琴浦町,53330477,142,204,
倉吉地区,琴浦町,53330478,139,199,
倉吉地区,琴浦町,53330479,137,197,
倉吉地区,琴浦町,53330487,143,205,
倉吉地区,琴浦町,53330488,140,200,
倉吉地区,琴浦町,53330489,137,196,
倉吉地区,琴浦町,53330497,141,202,
倉吉地区,琴浦町,53330498,139,199,
倉吉地区,琴浦町,53330499,136,195,
倉吉地区,琴浦町,53330560,123,176,
倉吉地区,琴浦町,53330570,136,195,
倉吉地区,琴浦町,53330580,136,195,
倉吉地区,琴浦町,53330581,123,177,
倉吉地区,琴浦町,53330590,136,195,
倉吉地区,琴浦町,53330591,126,180,
倉吉地区,琴浦町,53330592,116,167,
倉吉地区,琴浦町,53331406,143,205,
倉吉地区,琴浦町,53331407,140,200,
倉吉地区,琴浦町,53331408,137,197,
倉吉地区,琴浦町,53331409,135,194,
倉吉地区,琴浦町,53331417,117,168,
倉吉地区,琴浦町,53331418,121,174,
倉吉地区,琴浦町,53331419,124,178,
倉吉地区,琴浦町,53331427,121,173,
倉吉地区,琴浦町,53331428,117,168,
倉吉地区,琴浦町,53331429,113,162,
倉吉地区,琴浦町,53331438,123,176,
倉吉地区,琴浦町,53331439,118,169,
倉吉地区,琴浦町,53331448,119,170,
倉吉地区,琴浦町,53331449,116,167,
倉吉地区,琴浦町,53331458,111,159,
倉吉地区,琴浦町,53331459,109,157,
倉吉地区,琴浦町,53331468,102,147,
倉吉地区,琴浦町,53331469,107,154,
倉吉地区,琴浦町,53331478,98,140,
倉吉地区,琴浦町,53331479,102,146,
倉吉地区,琴浦町,53331488,95,137,
倉吉地区,琴浦町,53331489,95,137,
倉吉地区,琴浦町,53331498,98,141,
倉吉地区,琴浦町,53331499,100,143,
倉吉地区,琴浦町,53331500,129,185,
倉吉地区,琴浦町,53331501,123,176,
倉吉地区,琴浦町,53331502,116,167,
倉吉地区,琴浦町,53331503,109,156,
倉吉地区,琴浦町,53331510,122,175,
倉吉地区,琴浦町,53331511,121,174,
倉吉地区,琴浦町,53331512,114,164,
倉吉地区,琴浦町,53331513,108,155,
倉吉地区,琴浦町,53331514,108,155,
倉吉地区,琴浦町,53331520,110,158,
倉吉地区,琴浦町,53331521,109,157,
倉吉地区,琴浦町,53331522,109,156,
倉吉地区,琴浦町,53331523,107,154,
倉吉地区,琴浦町,53331524,107,153,
倉吉地区,琴浦町,53331530,114,164,
倉吉地区,琴浦町,53331531,114,163,
倉吉地区,琴浦町,53331532,107,154,
倉吉地区,琴浦町,53331533,107,154,
倉吉地区,琴浦町,53331534,107,154,
倉吉地区,琴浦町,53331535,101,145,
倉吉地区,琴浦町,53331540,114,164,
倉吉地区,琴浦町,53331541,113,162,
倉吉地区,琴浦町,53331542,113,162,
倉吉地区,琴浦町,53331543,112,160,
倉吉地区,琴浦町,53331544,111,159,
倉吉地区,琴浦町,53331545,107,153,
倉吉地区,琴浦町,53331546,105,151,
倉吉地区,琴浦町,53331550,109,156,
倉吉地区,琴浦町,53331551,113,162,
倉吉地区,琴浦町,53331552,112,160,
倉吉地区,琴浦町,53331553,111,159,
倉吉地区,琴浦町,53331554,111,159,
倉吉地区,琴浦町,53331555,106,152,
倉吉地区,琴浦町,53331556,105,151,
倉吉地区,琴浦町,53331557,109,－,
倉吉地区,琴浦町,53331560,107,153,
倉吉地区,琴浦町,53331561,107,154,
倉吉地区,琴浦町,53331562,110,158,
倉吉地区,琴浦町,53331563,110,158,
倉吉地区,琴浦町,53331564,109,157,
倉吉地区,琴浦町,53331565,105,151,
倉吉地区,琴浦町,53331566,109,－,
倉吉地区,琴浦町,53331567,109,－,
倉吉地区,琴浦町,53331570,102,146,
倉吉地区,琴浦町,53331571,105,151,
倉吉地区,琴浦町,53331572,105,151,
倉吉地区,琴浦町,53331573,105,151,
倉吉地区,琴浦町,53331574,105,151,
倉吉地区,琴浦町,53331575,109,－,
倉吉地区,琴浦町,53331576,109,－,
倉吉地区,琴浦町,53331577,109,－,
倉吉地区,琴浦町,53331580,96,138,
倉吉地区,琴浦町,53331581,109,156,
倉吉地区,琴浦町,53331582,109,156,
倉吉地区,琴浦町,53331583,109,156,
倉吉地区,琴浦町,53331584,105,150,
倉吉地区,琴浦町,53331585,109,－,
倉吉地区,琴浦町,53331586,109,－,
倉吉地区,琴浦町,53331587,109,－,
倉吉地区,琴浦町,53331590,100,144,
倉吉地区,琴浦町,53331591,109,157,
倉吉地区,琴浦町,53331592,110,158,
倉吉地区,琴浦町,53331593,109,156,
倉吉地区,琴浦町,53331594,105,150,
倉吉地区,琴浦町,53331595,109,－,
倉吉地区,琴浦町,53331596,109,－,
倉吉地区,琴浦町,53331597,109,－,
倉吉地区,琴浦町,53332408,99,142,
倉吉地区,琴浦町,53332409,100,144,
倉吉地区,琴浦町,53332418,100,143,
倉吉地区,琴浦町,53332419,109,－,
倉吉地区,琴浦町,53332429,109,－,
倉吉地区,琴浦町,53332500,109,－,
倉吉地区,琴浦町,53332501,109,157,
倉吉地区,琴浦町,53332502,109,157,
倉吉地区,琴浦町,53332503,109,156,
倉吉地区,琴浦町,53332504,104,149,
倉吉地区,琴浦町,53332505,109,－,
倉吉地区,琴浦町,53332506,109,－,
倉吉地区,琴浦町,53332507,109,－,
倉吉地区,琴浦町,53332510,109,－,
倉吉地区,琴浦町,53332511,104,149,
倉吉地区,琴浦町,53332512,104,149,
倉吉地区,琴浦町,53332520,103,148,
倉吉地区,琴浦町,53332521,103,148,
倉吉地区,北栄町,53331515,102,147,
倉吉地区,北栄町,53331525,102,146,
倉吉地区,北栄町,53331526,102,146,
倉吉地区,北栄町,53331527,102,146,
倉吉地区,北栄町,53331536,101,145,
倉吉地区,北栄町,53331537,101,145,
倉吉地区,北栄町,53331538,101,145,
倉吉地区,北栄町,53331547,105,151,
倉吉地区,北栄町,53331548,100,144,
倉吉地区,北栄町,53331549,100,143,
倉吉地区,北栄町,53331558,100,144,
倉吉地区,北栄町,53331559,100,143,
倉吉地区,北栄町,53331568,109,－,
倉吉地区,北栄町,53331569,100,143,
倉吉地区,北栄町,53331578,109,－,
倉吉地区,北栄町,53331579,100,143,
倉吉地区,北栄町,53331588,109,－,
倉吉地区,北栄町,53331589,103,148,
倉吉地区,北栄町,53331598,109,－,
倉吉地区,北栄町,53331599,103,148,
倉吉地区,北栄町,53331654,99,142,
倉吉地区,北栄町,53331655,100,143,
倉吉地区,北栄町,53331660,100,143,
倉吉地区,北栄町,53331661,100,143,
倉吉地区,北栄町,53331662,99,142,
倉吉地区,北栄町,53331663,99,142,
倉吉地区,北栄町,53331664,99,142,
倉吉地区,北栄町,53331665,100,143,
倉吉地区,北栄町,53331670,100,143,
倉吉地区,北栄町,53331671,100,144,
倉吉地区,北栄町,53331672,100,143,
倉吉地区,北栄町,53331673,100,143,
倉吉地区,北栄町,53331674,100,143,
倉吉地区,北栄町,53331675,100,144,
倉吉地区,北栄町,53331677,109,－,
倉吉地区,北栄町,53331680,105,150,
倉吉地区,北栄町,53331681,104,149,
倉吉地区,北栄町,53331682,109,－,
倉吉地区,北栄町,53331683,109,－,
倉吉地区,北栄町,53331684,109,－,
倉吉地区,北栄町,53331685,99,142,
倉吉地区,北栄町,53331686,98,141,
倉吉地区,北栄町,53331687,109,－,
倉吉地区,北栄町,53331690,103,148,
倉吉地区,北栄町,53331691,109,－,
倉吉地区,北栄町,53331692,109,－,
倉吉地区,北栄町,53331693,109,－,
倉吉地区,北栄町,53331694,109,－,
倉吉地区,北栄町,53331695,109,－,
倉吉地区,北栄町,53331696,109,－,
倉吉地区,北栄町,53331697,109,－,
倉吉地区,北栄町,53332508,109,－,
倉吉地区,北栄町,53332509,109,－,
倉吉地区,北栄町,53332600,109,－,
倉吉地区,北栄町,53332601,109,－,
倉吉地区,北栄町,53332602,109,－,
倉吉地区,北栄町,53332603,109,－,
倉吉地区,北栄町,53332604,109,－,
倉吉地区,北栄町,53332605,109,－,
倉吉地区,北栄町,53332606,109,－,
倉吉地区,北栄町,53332607,109,－,
米子地区,米子市,53330256,88,127,
米子地区,米子市,53330265,95,137,
米子地区,米子市,53330266,88,126,
米子地区,米子市,53330267,92,132,
米子地区,米子市,53330268,93,133,
米子地区,米子市,53330269,101,145,
米子地区,米子市,53330276,93,133,
米子地区,米子市,53330277,97,139,
米子地区,米子市,53330278,88,126,
米子地区,米子市,53330279,100,144,
米子地区,米子市,53330286,95,137,
米子地区,米子市,53330287,96,138,
米子地区,米子市,53330288,95,137,
米子地区,米子市,53330289,96,138,
米子地区,米子市,53330295,96,138,
米子地区,米子市,53330296,96,138,
米子地区,米子市,53330297,95,137,
米子地区,米子市,53330298,95,137,
米子地区,米子市,53330299,97,139,
米子地区,米子市,53330360,100,144,
米子地区,米子市,53330370,100,143,
米子地区,米子市,53330373,86,124,
米子地区,米子市,53330374,86,124,
米子地区,米子市,53330375,91,131,
米子地区,米子市,53330380,109,－,
米子地区,米子市,53330381,109,－,
米子地区,米子市,53330382,109,－,
米子地区,米子市,53330383,91,130,
米子地区,米子市,53330384,91,130,
米子地区,米子市,53330385,91,131,
米子地区,米子市,53330390,109,－,
米子地区,米子市,53330391,109,－,
米子地区,米子市,53330392,109,－,
米子地区,米子市,53330393,95,136,
米子地区,米子市,53330394,95,137,
米子地区,米子市,53330395,95,137,
米子地区,米子市,53331169,109,－,
米子地区,米子市,53331179,109,－,
米子地区,米子市,53331189,109,－,
米子地区,米子市,53331205,96,138,
米子地区,米子市,53331206,97,139,
米子地区,米子市,53331207,96,138,
米子地区,米子市,53331208,96,138,
米子地区,米子市,53331209,92,132,
米子地区,米子市,53331215,92,132,
米子地区,米子市,53331216,98,140,
米子地区,米子市,53331217,98,140,
米子地区,米子市,53331218,97,139,
米子地区,米子市,53331219,109,－,
米子地区,米子市,53331223,109,－,
米子地区,米子市,53331224,109,－,
米子地区,米子市,53331225,109,－,
米子地区,米子市,53331226,109,－,
米子地区,米子市,53331227,97,139,
米子地区,米子市,53331228,109,－,
米子地区,米子市,53331231,109,－,
米子地区,米子市,53331232,109,－,
米子地区,米子市,53331233,88,127,
米子地区,米子市,53331234,109,－,
米子地区,米子市,53331235,109,－,
米子地区,米子市,53331236,109,－,
米子地区,米子市,53331237,109,－,
米子地区,米子市,53331238,109,－,
米子地区,米子市,53331239,109,－,
米子地区,米子市,53331240,109,－,
米子地区,米子市,53331241,109,－,
米子地区,米子市,53331242,109,－,
米子地区,米子市,53331243,109,－,
米子地区,米子市,53331244,109,－,
米子地区,米子市,53331245,109,－,
米子地区,米子市,53331246,109,－,
米子地区,米子市,53331247,109,－,
米子地区,米子市,53331248,109,－,
米子地区,米子市,53331249,109,－,
米子地区,米子市,53331250,109,－,
米子地区,米子市,53331251,109,－,
米子地区,米子市,53331252,109,－,
米子地区,米子市,53331253,109,－,
米子地区,米子市,53331254,109,－,
米子地区,米子市,53331255,109,－,
米子地区,米子市,53331256,109,－,
米子地区,米子市,53331257,109,－,
米子地区,米子市,53331258,109,－,
米子地区,米子市,53331259,109,－,
米子地区,米子市,53331260,109,－,
米子地区,米子市,53331261,109,－,
米子地区,米子市,53331262,109,－,
米子地区,米子市,53331263,109,－,
米子地区,米子市,53331264,109,－,
米子地区,米子市,53331265,109,－,
米子地区,米子市,53331270,109,－,
米子地区,米子市,53331271,109,－,
米子地区,米子市,53331272,109,－,
米子地区,米子市,53331273,109,－,
米子地区,米子市,53331280,109,－,
米子地区,米子市,53331281,109,－,
米子地区,米子市,53331282,109,－,
米子地区,米子市,53331290,109,－,
米子地区,米子市,53331291,109,－,
米子地区,米子市,53331300,109,－,
米子地区,米子市,53331301,109,－,
米子地区,米子市,53331302,109,－,
米子地区,米子市,53331303,95,137,
米子地区,米子市,53331304,95,137,
米子地区,米子市,53331305,96,138,
米子地区,米子市,53331306,98,141,
米子地区,米子市,53331307,105,151,
米子地区,米子市,53331310,109,－,
米子地区,米子市,53331311,109,－,
米子地区,米子市,53331312,95,136,
米子地区,米子市,53331313,100,143,
米子地区,米子市,53331314,100,143,
米子地区,米子市,53331315,100,144,
米子地区,米子市,53331316,98,141,
米子地区,米子市,53331317,101,145,
米子地区,米子市,53331321,109,－,
米子地区,米子市,53331322,109,－,
米子地区,米子市,53331323,107,154,
米子地区,米子市,53331324,107,154,
米子地区,米子市,53331325,109,156,
米子地区,米子市,53331326,98,141,
米子地区,米子市,53331327,97,139,
米子地区,米子市,53331331,109,－,
米子地区,米子市,53331332,106,152,
米子地区,米子市,53331333,107,153,
米子地区,米子市,53331334,107,154,
米子地区,米子市,53331335,109,156,
米子地区,米子市,53331336,98,140,
米子地区,米子市,53331341,109,－,
米子地区,米子市,53331342,109,－,
米子地区,米子市,53331343,106,152,
米子地区,米子市,53331344,109,－,
米子地区,米子市,53331345,108,155,
米子地区,米子市,53331346,107,153,
米子地区,米子市,53331353,109,－,
米子地区,米子市,53331354,109,－,
米子地区,米子市,53332201,109,－,
米子地区,境港市,53331187,109,－,
米子地区,境港市,53331188,109,－,
米子地区,境港市,53331197,109,－,
米子地区,境港市,53331198,109,－,
米子地区,境港市,53331199,109,－,
米子地区,境港市,53332106,109,－,
米子地区,境港市,53332107,109,－,
米子地区,境港市,53332108,109,－,
米子地区,境港市,53332109,109,－,
米子地区,境港市,53332116,109,－,
米子地区,境港市,53332117,109,－,
米子地区,境港市,53332118,109,－,
米子地区,境港市,53332119,109,－,
米子地区,境港市,53332126,109,－,
米子地区,境港市,53332127,109,－,
米子地区,境港市,53332128,109,－,
米子地区,境港市,53332129,109,－,
米子地区,境港市,53332136,109,－,
米子地区,境港市,53332137,109,－,
米子地区,境港市,53332138,109,－,
米子地区,境港市,53332139,109,－,
米子地区,境港市,53332146,109,－,
米子地区,境港市,53332147,109,－,
米子地区,境港市,53332148,109,－,
米子地区,境港市,53332149,109,－,
米子地区,境港市,53332157,109,－,
米子地区,境港市,53332158,109,－,
米子地区,境港市,53332159,109,－,
米子地区,境港市,53332200,109,－,
米子地区,境港市,53332210,109,－,
米子地区,境港市,53332220,109,－,
米子地区,境港市,53332230,109,－,
米子地区,境港市,53332240,109,－,
米子地区,境港市,53332250,109,－,
米子地区,境港市,53332251,109,－,
米子地区,日吉津村,53331229,109,－,
米子地区,日吉津村,53331320,109,－,
米子地区,日吉津村,53331330,109,－,
米子地区,日吉津村,53331340,109,－,
米子地区,大山町,53330386,105,151,
米子地区,大山町,53330387,109,156,
米子地区,大山町,53330388,86,123,
米子地区,大山町,53330389,92,132,
米子地区,大山町,53330396,107,153,
米子地区,大山町,53330397,109,157,
米子地区,大山町,53330398,112,161,
米子地区,大山町,53330399,111,159,
米子地区,大山町,53330423,95,137,
米子地区,大山町,53330432,99,142,
米子地区,大山町,53330433,149,213,
米子地区,大山町,53330434,150,215,
米子地区,大山町,53330442,150,215,
米子地区,大山町,53330443,164,235,
米子地区,大山町,53330444,165,237,
米子地区,大山町,53330452,162,232,
米子地区,大山町,53330453,179,256,
米子地区,大山町,53330454,172,246,
米子地区,大山町,53330462,133,190,
米子地区,大山町,53330463,136,195,
米子地区,大山町,53330464,183,262,
米子地区,大山町,53330465,184,264,
米子地区,大山町,53330471,128,183,
米子地区,大山町,53330472,135,194,
米子地区,大山町,53330473,136,195,
米子地区,大山町,53330474,184,264,
米子地区,大山町,53330475,183,262,
米子地区,大山町,53330476,170,243,
米子地区,大山町,53330480,94,135,
米子地区,大山町,53330481,128,183,
米子地区,大山町,53330482,133,190,
米子地区,大山町,53330483,134,192,
米子地区,大山町,53330484,134,192,
米子地区,大山町,53330485,172,246,
米子地区,大山町,53330486,170,243,
米子地区,大山町,53330490,113,162,
米子地区,大山町,53330491,125,179,
米子地区,大山町,53330492,161,231,
米子地区,大山町,53330493,130,186,
米子地区,大山町,53330494,168,240,
米子地区,大山町,53330495,170,244,
米子地区,大山町,53330496,158,227,
米子地区,大山町,53331308,108,155,
米子地区,大山町,53331309,110,158,
米子地区,大山町,53331318,100,143,
米子地区,大山町,53331319,102,146,
米子地区,大山町,53331328,99,142,
米子地区,大山町,53331329,104,149,
米子地区,大山町,53331337,102,146,
米子地区,大山町,53331338,107,153,
米子地区,大山町,53331339,107,153,
米子地区,大山町,53331347,109,156,
米子地区,大山町,53331348,105,151,
米子地区,大山町,53331349,104,149,
米子地区,大山町,53331355,107,154,
米子地区,大山町,53331356,109,156,
米子地区,大山町,53331357,107,154,
米子地区,大山町,53331358,103,148,
米子地区,大山町,53331359,103,148,
米子地区,大山町,53331364,109,－,
米子地区,大山町,53331365,106,152,
米子地区,大山町,53331366,107,154,
米子地区,大山町,53331367,109,－,
米子地区,大山町,53331368,109,－,
米子地区,大山町,53331369,102,147,
米子地区,大山町,53331374,105,151,
米子地区,大山町,53331375,109,－,
米子地区,大山町,53331376,109,－,
米子地区,大山町,53331377,109,－,
米子地区,大山町,53331378,101,145,
米子地区,大山町,53331379,100,144,
米子地区,大山町,53331384,109,－,
米子地区,大山町,53331385,109,－,
米子地区,大山町,53331386,109,－,
米子地区,大山町,53331387,90,129,
米子地区,大山町,53331388,91,130,
米子地区,大山町,53331389,91,130,
米子地区,大山町,53331395,109,－,
米子地区,大山町,53331396,109,－,
米子地区,大山町,53331397,91,130,
米子地区,大山町,53331398,109,－,
米子地区,大山町,53331399,90,129,
米子地区,大山町,53331400,112,161,
米子地区,大山町,53331401,116,167,
米子地区,大山町,53331402,124,178,
米子地区,大山町,53331403,126,181,
米子地区,大山町,53331404,130,186,
米子地区,大山町,53331405,167,239,
米子地区,大山町,53331410,102,146,
米子地区,大山町,53331411,105,151,
米子地区,大山町,53331412,107,154,
米子地区,大山町,53331413,110,158,
米子地区,大山町,53331414,112,161,
米子地区,大山町,53331415,119,171,
米子地区,大山町,53331416,119,170,
米子地区,大山町,53331420,105,150,
米子地区,大山町,53331421,105,151,
米子地区,大山町,53331422,106,152,
米子地区,大山町,53331423,108,155,
米子地区,大山町,53331424,115,165,
米子地区,大山町,53331425,118,169,
米子地区,大山町,53331426,120,172,
米子地区,大山町,53331430,106,152,
米子地区,大山町,53331431,106,152,
米子地区,大山町,53331432,109,156,
米子地区,大山町,53331433,112,160,
米子地区,大山町,53331434,114,163,
米子地区,大山町,53331435,137,197,
米子地区,大山町,53331436,119,170,
米子地区,大山町,53331437,126,181,
米子地区,大山町,53331440,104,149,
米子地区,大山町,53331441,105,150,
米子地区,大山町,53331442,107,153,
米子地区,大山町,53331443,109,156,
米子地区,大山町,53331444,111,159,
米子地区,大山町,53331445,128,183,
米子地区,大山町,53331446,126,180,
米子地区,大山町,53331447,121,174,
米子地区,大山町,53331450,102,147,
米子地区,大山町,53331451,103,148,
米子地区,大山町,53331452,104,149,
米子地区,大山町,53331453,107,153,
米子地区,大山町,53331454,107,154,
米子地区,大山町,53331455,114,164,
米子地区,大山町,53331456,114,164,
米子地区,大山町,53331457,115,165,
米子地区,大山町,53331460,102,146,
米子地区,大山町,53331461,98,140,
米子地区,大山町,53331462,102,147,
米子地区,大山町,53331463,104,149,
米子地区,大山町,53331464,105,151,
米子地区,大山町,53331465,105,151,
米子地区,大山町,53331466,111,159,
米子地区,大山町,53331467,112,160,
米子地区,大山町,53331470,100,143,
米子地区,大山町,53331471,92,132,
米子地区,大山町,53331472,93,134,
米子地区,大山町,53331473,98,140,
米子地区,大山町,53331474,103,148,
米子地区,大山町,53331475,104,149,
米子地区,大山町,53331476,105,150,
米子地区,大山町,53331477,97,139,
米子地区,大山町,53331480,91,130,
米子地区,大山町,53331481,86,124,
米子地区,大山町,53331482,92,132,
米子地区,大山町,53331483,93,134,
米子地区,大山町,53331484,94,135,
米子地区,大山町,53331485,98,141,
米子地区,大山町,53331486,98,141,
米子地区,大山町,53331487,95,137,
米子地区,大山町,53331490,82,118,
米子地区,大山町,53331491,82,118,
米子地区,大山町,53331492,88,127,
米子地区,大山町,53331493,89,128,
米子地区,大山町,53331494,94,135,
米子地区,大山町,53331495,98,140,
米子地区,大山町,53331496,98,140,
米子地区,大山町,53331497,94,135,
米子地区,大山町,53332307,109,－,
米子地区,大山町,53332308,86,124,
米子地区,大山町,53332309,82,118,
米子地区,大山町,53332319,82,118,
米子地区,大山町,53332400,82,118,
米子地区,大山町,53332401,83,119,
米子地区,大山町,53332402,84,121,
米子地区,大山町,53332403,91,130,
米子地区,大山町,53332404,98,141,
米子地区,大山町,53332405,97,139,
米子地区,大山町,53332406,97,139,
米子地区,大山町,53332407,98,140,
米子地区,大山町,53332410,82,118,
米子地区,大山町,53332411,82,118,
米子地区,大山町,53332412,84,121,
米子地区,大山町,53332413,109,－,
米子地区,大山町,53332414,100,143,
米子地区,大山町,53332415,98,141,
米子地区,大山町,53332416,109,－,
米子地区,大山町,53332417,109,－,
米子地区,大山町,53332420,82,118,
米子地区,大山町,53332421,82,118,
米子地区,大山町,53332422,84,121,
米子地区,大山町,53332423,109,－,
米子地区,大山町,53332424,100,143,
米子地区,大山町,53332425,109,－,
米子地区,大山町,53332426,109,－,
米子地区,大山町,53332427,109,－,
米子地区,大山町,53332428,109,－,
米子地区,大山町,53332434,109,－,
米子地区,大山町,53332435,109,－,
米子地区,大山町,53332436,90,129,
米子地区,大山町,53332437,109,－,
米子地区,大山町,53332438,109,－,
米子地区,南部町,52336287,85,122,
米子地区,南部町,52336297,86,123,
米子地区,南部町,52336298,85,122,
米子地区,南部町,52337207,84,121,
米子地区,南部町,52337216,84,121,
米子地区,南部町,52337217,84,121,
米子地区,南部町,52337218,84,120,
米子地区,南部町,52337225,77,110,
米子地区,南部町,52337226,77,110,
米子地区,南部町,52337227,76,109,
米子地区,南部町,52337228,84,120,
米子地区,南部町,52337229,83,119,
米子地区,南部町,52337235,76,109,
米子地区,南部町,52337236,80,115,
米子地区,南部町,52337237,75,108,
米子地区,南部町,52337238,83,119,
米子地区,南部町,52337239,82,118,
米子地区,南部町,52337244,85,122,
米子地区,南部町,52337245,76,109,
米子地区,南部町,52337246,75,108,
米子地区,南部町,52337247,75,108,
米子地区,南部町,52337248,79,113,
米子地区,南部町,52337249,82,118,
米子地区,南部町,52337254,81,116,
米子地区,南部町,52337255,80,115,
米子地区,南部町,52337256,79,114,
米子地区,南部町,52337257,84,120,
米子地区,南部町,52337258,83,119,
米子地区,南部町,52337259,82,118,
米子地区,南部町,52337264,81,116,
米子地区,南部町,52337265,80,115,
米子地区,南部町,52337266,84,121,
米子地区,南部町,52337267,84,121,
米子地区,南部町,52337268,84,121,
米子地区,南部町,52337269,83,119,
米子地区,南部町,52337274,81,116,
米子地区,南部町,52337275,80,115,
米子地区,南部町,52337276,84,121,
米子地区,南部町,52337277,85,122,
米子地区,南部町,52337278,85,122,
米子地区,南部町,52337279,84,120,
米子地区,南部町,52337284,85,122,
米子地区,南部町,52337285,84,121,
米子地区,南部町,52337286,85,122,
米子地区,南部町,52337287,85,122,
米子地区,南部町,52337288,84,121,
米子地区,南部町,52337289,88,127,
米子地区,南部町,52337294,86,123,
米子地区,南部町,52337295,86,124,
米子地区,南部町,52337296,85,122,
米子地区,南部町,52337297,88,127,
米子地区,南部町,52337298,88,127,
米子地区,南部町,52337299,88,127,
米子地区,南部町,52337330,82,118,
米子地区,南部町,52337340,82,118,
米子地区,南部町,52337350,82,118,
米子地区,南部町,52337370,83,119,
米子地区,南部町,52337380,88,126,
米子地区,南部町,52337390,88,127,
米子地区,南部町,52337391,88,127,
米子地区,南部町,52337392,84,121,
米子地区,南部町,53330204,90,129,
米子地区,南部町,53330205,86,124,
米子地区,南部町,53330206,86,124,
米子地区,南部町,53330207,94,135,
米子地区,南部町,53330208,93,133,
米子地区,南部町,53330209,93,134,
米子地区,南部町,53330214,91,130,
米子地区,南部町,53330215,91,130,
米子地区,南部町,53330216,87,125,
米子地区,南部町,53330217,94,135,
米子地区,南部町,53330218,94,135,
米子地区,南部町,53330219,94,135,
米子地区,南部町,53330224,91,131,
米子地区,南部町,53330225,91,131,
米子地区,南部町,53330226,91,131,
米子地区,南部町,53330227,95,137,
米子地区,南部町,53330228,95,137,
米子地区,南部町,53330229,95,137,
米子地区,南部町,53330235,91,131,
米子地区,南部町,53330236,91,131,
米子地区,南部町,53330237,95,137,
米子地区,南部町,53330238,102,146,
米子地区,南部町,53330239,102,146,
米子地区,南部町,53330246,92,132,
米子地区,南部町,53330247,96,138,
米子地区,南部町,53330248,102,146,
米子地区,南部町,53330249,102,147,
米子地区,南部町,53330257,92,132,
米子地区,南部町,53330258,93,134,
米子地区,南部町,53330259,102,146,
米子地区,南部町,53330300,90,129,
米子地区,南部町,53330301,89,128,
米子地区,南部町,53330302,86,123,
米子地区,南部町,53330310,95,136,
米子地区,南部町,53330311,94,135,
米子地区,南部町,53330312,91,130,
米子地区,南部町,53330313,91,130,
米子地区,南部町,53330320,95,137,
米子地区,南部町,53330321,95,137,
米子地区,南部町,53330322,91,130,
米子地区,南部町,53330330,102,146,
米子地区,南部町,53330331,100,143,
米子地区,南部町,53330340,102,146,
米子地区,伯耆町,52336380,80,115,
米子地区,伯耆町,52336381,79,114,
米子地区,伯耆町,52336390,79,114,
米子地区,伯耆町,52336391,79,113,
米子地区,伯耆町,52337209,83,119,
米子地区,伯耆町,52337219,83,119,
米子地区,伯耆町,52337300,79,113,
米子地区,伯耆町,52337301,79,113,
米子地区,伯耆町,52337302,82,118,
米子地区,伯耆町,52337310,82,118,
米子地区,伯耆町,52337311,79,113,
米子地区,伯耆町,52337312,82,118,
米子地区,伯耆町,52337313,82,118,
米子地区,伯耆町,52337320,82,118,
米子地区,伯耆町,52337321,79,113,
米子地区,伯耆町,52337322,82,118,
米子地区,伯耆町,52337323,82,118,
米子地区,伯耆町,52337324,83,119,
米子地区,伯耆町,52337331,79,113,
米子地区,伯耆町,52337332,83,119,
米子地区,伯耆町,52337333,83,119,
米子地区,伯耆町,52337334,83,119,
米子地区,伯耆町,52337335,83,119,
米子地区,伯耆町,52337341,82,118,
米子地区,伯耆町,52337342,83,119,
米子地区,伯耆町,52337343,84,120,
米子地区,伯耆町,52337344,84,120,
米子地区,伯耆町,52337345,84,120,
米子地区,伯耆町,52337351,82,118,
米子地区,伯耆町,52337352,79,114,
米子地区,伯耆町,52337353,84,121,
米子地区,伯耆町,52337354,84,121,
米子地区,伯耆町,52337355,84,121,
米子地区,伯耆町,52337360,83,119,
米子地区,伯耆町,52337361,82,118,
米子地区,伯耆町,52337362,79,113,
米子地区,伯耆町,52337363,84,120,
米子地区,伯耆町,52337364,84,121,
米子地区,伯耆町,52337365,84,120,
米子地区,伯耆町,52337366,84,120,
米子地区,伯耆町,52337371,82,118,
米子地区,伯耆町,52337372,83,119,
米子地区,伯耆町,52337373,83,119,
米子地区,伯耆町,52337374,84,121,
米子地区,伯耆町,52337375,84,121,
米子地区,伯耆町,52337376,84,120,
米子地区,伯耆町,52337377,84,120,
米子地区,伯耆町,52337381,87,125,
米子地区,伯耆町,52337382,84,120,
米子地区,伯耆町,52337383,84,120,
米子地区,伯耆町,52337384,84,120,
米子地区,伯耆町,52337385,84,120,
米子地区,伯耆町,52337386,84,120,
米子地区,伯耆町,52337387,83,119,
米子地区,伯耆町,52337388,83,119,
米子地区,伯耆町,52337393,84,121,
米子地区,伯耆町,52337394,84,121,
米子地区,伯耆町,52337395,80,115,
米子地区,伯耆町,52337396,79,113,
米子地区,伯耆町,52337397,79,113,
米子地区,伯耆町,52337398,84,120,
米子地区,伯耆町,52337399,83,119,
米子地区,伯耆町,53330303,90,129,
米子地区,伯耆町,53330304,90,129,
米子地区,伯耆町,53330305,88,127,
米子地区,伯耆町,53330306,79,114,
米子地区,伯耆町,53330307,84,120,
米子地区,伯耆町,53330308,85,122,
米子地区,伯耆町,53330309,84,121,
米子地区,伯耆町,53330314,91,130,
米子地区,伯耆町,53330315,89,128,
米子地区,伯耆町,53330316,88,127,
米子地区,伯耆町,53330317,84,120,
米子地区,伯耆町,53330318,84,121,
米子地区,伯耆町,53330319,85,122,
米子地区,伯耆町,53330323,91,131,
米子地区,伯耆町,53330324,91,130,
米子地区,伯耆町,53330325,90,129,
米子地区,伯耆町,53330326,88,127,
米子地区,伯耆町,53330327,84,121,
米子地区,伯耆町,53330328,84,120,
米子地区,伯耆町,53330329,85,122,
米子地区,伯耆町,53330332,95,137,
米子地区,伯耆町,53330333,91,131,
米子地区,伯耆町,53330334,91,130,
米子地区,伯耆町,53330335,91,130,
米子地区,伯耆町,53330336,90,129,
米子地区,伯耆町,53330337,86,124,
米子地区,伯耆町,53330338,82,118,
米子地区,伯耆町,53330339,86,124,
米子地区,伯耆町,53330341,100,144,
米子地区,伯耆町,53330342,95,137,
米子地区,伯耆町,53330343,91,131,
米子地区,伯耆町,53330344,91,130,
米子地区,伯耆町,53330345,87,125,
米子地区,伯耆町,53330346,88,127,
米子地区,伯耆町,53330347,89,128,
米子地区,伯耆町,53330348,90,129,
米子地区,伯耆町,53330349,94,135,
米子地区,伯耆町,53330350,102,146,
米子地区,伯耆町,53330351,100,144,
米子地区,伯耆町,53330352,95,137,
米子地区,伯耆町,53330353,91,131,
米子地区,伯耆町,53330354,86,124,
米子地区,伯耆町,53330355,88,127,
米子地区,伯耆町,53330356,90,129,
米子地区,伯耆町,53330357,92,132,
米子地区,伯耆町,53330358,88,127,
米子地区,伯耆町,53330359,84,120,
米子地区,伯耆町,53330361,92,132,
米子地区,伯耆町,53330362,91,131,
米子地区,伯耆町,53330363,86,124,
米子地区,伯耆町,53330364,86,124,
米子地区,伯耆町,53330365,87,125,
米子地区,伯耆町,53330366,90,129,
米子地区,伯耆町,53330367,88,126,
米子地区,伯耆町,53330368,89,128,
米子地区,伯耆町,53330369,89,128,
米子地区,伯耆町,53330371,91,130,
米子地区,伯耆町,53330372,91,131,
米子地区,伯耆町,53330376,106,152,
米子地区,伯耆町,53330377,82,118,
米子地区,伯耆町,53330378,84,120,
米子地区,伯耆町,53330379,90,129,
米子地区,伯耆町,53330400,84,121,
米子地区,伯耆町,53330410,84,121,
米子地区,伯耆町,53330420,86,124,
米子地区,伯耆町,53330421,89,128,
米子地区,伯耆町,53330430,88,127,
米子地区,伯耆町,53330431,93,134,
米子地区,伯耆町,53330440,95,137,
米子地区,伯耆町,53330441,105,151,
米子地区,伯耆町,53330450,107,154,
米子地区,伯耆町,53330451,112,160,
米子地区,伯耆町,53330460,92,132,
米子地区,伯耆町,53330461,121,173,
米子地区,伯耆町,53330470,94,135,
日野地区,日南町,52334181,90,129,
日野地区,日南町,52334183,92,132,
日野地区,日南町,52334184,98,140,
日野地区,日南町,52334191,90,129,
日野地区,日南町,52334192,90,129,
日野地区,日南町,52334193,92,132,
日野地区,日南町,52334194,97,139,
日野地区,日南町,52334195,97,139,
日野地区,日南町,52334196,96,138,
日野地区,日南町,52334197,96,138,
日野地区,日南町,52334198,100,144,
日野地区,日南町,52334199,101,145,
日野地区,日南町,52334271,102,146,
日野地区,日南町,52334280,102,146,
日野地区,日南町,52334281,102,146,
日野地区,日南町,52334282,98,140,
日野地区,日南町,52334290,102,147,
日野地区,日南町,52334291,102,146,
日野地区,日南町,52334292,102,147,
日野地区,日南町,52335101,95,136,
日野地区,日南町,52335102,95,136,
日野地区,日南町,52335103,91,130,
日野地区,日南町,52335104,95,137,
日野地区,日南町,52335105,95,137,
日野地区,日南町,52335106,95,137,
日野地区,日南町,52335107,94,135,
日野地区,日南町,52335108,95,136,
日野地区,日南町,52335109,95,137,
日野地区,日南町,52335111,95,136,
日野地区,日南町,52335112,94,135,
日野地区,日南町,52335113,90,129,
日野地区,日南町,52335114,90,129,
日野地区,日南町,52335115,90,129,
日野地区,日南町,52335116,90,129,
日野地区,日南町,52335117,90,129,
日野地区,日南町,52335118,90,129,
日野地区,日南町,52335119,91,131,
日野地区,日南町,52335122,94,135,
日野地区,日南町,52335123,89,128,
日野地区,日南町,52335124,89,128,
日野地区,日南町,52335125,94,135,
日野地区,日南町,52335126,94,135,
日野地区,日南町,52335127,94,135,
日野地区,日南町,52335128,94,135,
日野地区,日南町,52335129,94,135,
日野地区,日南町,52335131,90,129,
日野地区,日南町,52335132,89,128,
日野地区,日南町,52335133,89,128,
日野地区,日南町,52335134,89,128,
日野地区,日南町,52335135,95,136,
日野地区,日南町,52335136,95,136,
日野地区,日南町,52335137,94,135,
日野地区,日南町,52335138,94,135,
日野地区,日南町,52335139,94,135,
日野地区,日南町,52335141,90,129,
日野地区,日南町,52335142,89,128,
日野地区,日南町,52335143,90,129,
日野地区,日南町,52335144,90,129,
日野地区,日南町,52335145,92,132,
日野地区,日南町,52335146,95,137,
日野地区,日南町,52335147,95,137,
日野地区,日南町,52335148,94,135,
日野地区,日南町,52335149,94,135,
日野地区,日南町,52335152,98,140,
日野地区,日南町,52335153,90,129,
日野地区,日南町,52335154,91,130,
日野地区,日南町,52335155,92,132,
日野地区,日南町,52335156,95,137,
日野地区,日南町,52335157,94,135,
日野地区,日南町,52335158,94,135,
日野地区,日南町,52335159,94,135,
日野地区,日南町,52335162,98,140,
日野地区,日南町,52335163,91,130,
日野地区,日南町,52335164,91,131,
日野地区,日南町,52335165,91,131,
日野地区,日南町,52335166,95,136,
日野地区,日南町,52335167,94,135,
日野地区,日南町,52335168,93,134,
日野地区,日南町,52335169,93,134,
日野地区,日南町,52335172,101,145,
日野地区,日南町,52335173,98,140,
日野地区,日南町,52335174,98,141,
日野地区,日南町,52335175,98,141,
日野地区,日南町,52335176,94,135,
日野地区,日南町,52335177,93,134,
日野地区,日南町,52335178,88,127,
日野地区,日南町,52335179,93,133,
日野地区,日南町,52335184,98,140,
日野地区,日南町,52335185,98,140,
日野地区,日南町,52335186,98,140,
日野地区,日南町,52335187,98,140,
日野地区,日南町,52335188,88,127,
日野地区,日南町,52335189,84,121,
日野地区,日南町,52335195,96,138,
日野地区,日南町,52335196,96,138,
日野地区,日南町,52335197,98,140,
日野地区,日南町,52335198,93,133,
日野地区,日南町,52335199,84,121,
日野地区,日南町,52335200,101,145,
日野地区,日南町,52335201,102,146,
日野地区,日南町,52335202,102,146,
日野地区,日南町,52335210,100,144,
日野地区,日南町,52335211,101,145,
日野地区,日南町,52335212,101,145,
日野地区,日南町,52335215,96,138,
日野地区,日南町,52335220,98,141,
日野地区,日南町,52335221,100,143,
日野地区,日南町,52335222,100,143,
日野地区,日南町,52335223,95,137,
日野地区,日南町,52335224,95,137,
日野地区,日南町,52335225,104,149,
日野地区,日南町,52335226,103,148,
日野地区,日南町,52335228,100,144,
日野地区,日南町,52335230,94,135,
日野地区,日南町,52335231,93,134,
日野地区,日南町,52335232,94,135,
日野地区,日南町,52335233,86,124,
日野地区,日南町,52335234,86,124,
日野地区,日南町,52335235,86,124,
日野地区,日南町,52335236,104,149,
日野地区,日南町,52335237,105,150,
日野地区,日南町,52335238,100,144,
日野地区,日南町,52335239,108,155,
日野地区,日南町,52335240,94,135,
日野地区,日南町,52335241,94,135,
日野地区,日南町,52335242,94,135,
日野地区,日南町,52335243,86,123,
日野地区,日南町,52335244,86,124,
日野地区,日南町,52335245,86,124,
日野地区,日南町,52335246,86,124,
日野地区,日南町,52335247,86,124,
日野地区,日南町,52335248,100,143,
日野地区,日南町,52335249,99,142,
日野地区,日南町,52335250,94,135,
日野地区,日南町,52335251,94,135,
日野地区,日南町,52335252,94,135,
日野地区,日南町,52335253,89,128,
日野地区,日南町,52335254,86,124,
日野地区,日南町,52335255,90,129,
日野地区,日南町,52335256,86,123,
日野地区,日南町,52335257,86,124,
日野地区,日南町,52335258,90,129,
日野地区,日南町,52335259,89,128,
日野地区,日南町,52335260,93,134,
日野地区,日南町,52335261,93,134,
日野地区,日南町,52335262,94,135,
日野地区,日南町,52335263,94,135,
日野地区,日南町,52335264,94,135,
日野地区,日南町,52335265,94,135,
日野地区,日南町,52335266,95,136,
日野地区,日南町,52335267,90,129,
日野地区,日南町,52335268,94,135,
日野地区,日南町,52335269,93,133,
日野地区,日南町,52335270,84,121,
日野地区,日南町,52335271,86,123,
日野地区,日南町,52335272,86,124,
日野地区,日南町,52335273,95,136,
日野地区,日南町,52335274,94,135,
日野地区,日南町,52335275,98,141,
日野地区,日南町,52335276,100,143,
日野地区,日南町,52335277,98,141,
日野地区,日南町,52335278,98,140,
日野地区,日南町,52335279,92,132,
日野地区,日南町,52335280,84,121,
日野地区,日南町,52335281,86,124,
日野地区,日南町,52335282,87,125,
日野地区,日南町,52335283,95,137,
日野地区,日南町,52335284,93,134,
日野地区,日南町,52335285,98,141,
日野地区,日南町,52335286,98,141,
日野地区,日南町,52335287,98,140,
日野地区,日南町,52335288,96,138,
日野地区,日南町,52335289,92,132,
日野地区,日南町,52335290,84,121,
日野地区,日南町,52335291,85,122,
日野地区,日南町,52335292,86,124,
日野地区,日南町,52335293,94,135,
日野地区,日南町,52335294,94,135,
日野地区,日南町,52335295,94,135,
日野地区,日南町,52335296,98,140,
日野地区,日南町,52335297,97,139,
日野地区,日南町,52335298,95,137,
日野地区,日南町,52335340,98,141,
日野地区,日南町,52335341,106,152,
日野地区,日南町,52335342,107,153,
日野地区,日南町,52335350,89,128,
日野地区,日南町,52335351,88,127,
日野地区,日南町,52335352,89,128,
日野地区,日南町,52335360,92,132,
日野地区,日南町,52335361,93,133,
日野地区,日南町,52335362,93,133,
日野地区,日南町,52335370,92,132,
日野地区,日南町,52335371,92,132,
日野地区,日南町,52335380,92,132,
日野地区,日南町,52335381,92,132,
日野地区,日南町,52335390,92,132,
日野地区,日南町,52335391,92,132,
日野地区,日南町,52336106,96,138,
日野地区,日南町,52336107,97,139,
日野地区,日南町,52336108,94,135,
日野地区,日南町,52336109,84,121,
日野地区,日南町,52336115,94,135,
日野地区,日南町,52336116,95,137,
日野地区,日南町,52336117,98,140,
日野地区,日南町,52336118,94,135,
日野地区,日南町,52336119,93,134,
日野地区,日南町,52336125,94,135,
日野地区,日南町,52336126,95,136,
日野地区,日南町,52336127,97,139,
日野地区,日南町,52336128,93,134,
日野地区,日南町,52336129,93,133,
日野地区,日南町,52336135,94,135,
日野地区,日南町,52336136,95,137,
日野地区,日南町,52336137,95,137,
日野地区,日南町,52336138,92,132,
日野地区,日南町,52336139,92,132,
日野地区,日南町,52336144,94,135,
日野地区,日南町,52336145,95,137,
日野地区,日南町,52336146,96,138,
日野地区,日南町,52336147,95,137,
日野地区,日南町,52336148,91,130,
日野地区,日南町,52336149,86,123,
日野地区,日南町,52336152,98,140,
日野地区,日南町,52336153,93,133,
日野地区,日南町,52336154,94,135,
日野地区,日南町,52336155,95,137,
日野地区,日南町,52336156,97,139,
日野地区,日南町,52336157,95,137,
日野地区,日南町,52336158,90,129,
日野地区,日南町,52336159,84,121,
日野地区,日南町,52336163,93,133,
日野地区,日南町,52336164,93,134,
日野地区,日南町,52336165,95,136,
日野地区,日南町,52336166,95,137,
日野地区,日南町,52336167,95,136,
日野地区,日南町,52336168,89,128,
日野地区,日南町,52336169,84,121,
日野地区,日南町,52336174,85,122,
日野地区,日南町,52336175,89,128,
日野地区,日南町,52336176,89,128,
日野地区,日南町,52336177,88,127,
日野地区,日南町,52336178,84,121,
日野地区,日南町,52336179,80,115,
日野地区,日南町,52336185,84,120,
日野地区,日南町,52336186,81,116,
日野地区,日南町,52336187,80,115,
日野地区,日南町,52336188,81,116,
日野地区,日南町,52336189,81,116,
日野地区,日南町,52336197,81,116,
日野地区,日南町,52336198,80,115,
日野地区,日南町,52336199,81,116,
日野地区,日南町,52336200,84,120,
日野地区,日南町,52336201,84,121,
日野地区,日南町,52336202,93,133,
日野地区,日南町,52336203,90,129,
日野地区,日南町,52336204,94,135,
日野地区,日南町,52336205,84,121,
日野地区,日南町,52336206,96,138,
日野地区,日南町,52336210,91,131,
日野地区,日南町,52336211,91,131,
日野地区,日南町,52336212,87,125,
日野地区,日南町,52336213,88,126,
日野地区,日南町,52336214,93,133,
日野地区,日南町,52336215,92,132,
日野地区,日南町,52336220,91,130,
日野地区,日南町,52336221,91,130,
日野地区,日南町,52336222,86,124,
日野地区,日南町,52336223,91,130,
日野地区,日南町,52336230,90,129,
日野地区,日南町,52336231,90,129,
日野地区,日南町,52336232,86,124,
日野地区,日南町,52336233,90,129,
日野地区,日南町,52336240,86,123,
日野地区,日南町,52336241,85,122,
日野地区,日南町,52336242,85,122,
日野地区,日南町,52336243,86,123,
日野地区,日南町,52336250,84,121,
日野地区,日南町,52336251,84,121,
日野地区,日南町,52336252,85,122,
日野地区,日南町,52336253,86,123,
日野地区,日南町,52336254,86,124,
日野地区,日南町,52336255,86,124,
日野地区,日南町,52336256,86,124,
日野地区,日南町,52336260,84,121,
日野地区,日南町,52336261,84,121,
日野地区,日南町,52336262,84,121,
日野地区,日南町,52336263,85,122,
日野地区,日南町,52336264,85,122,
日野地区,日南町,52336265,85,122,
日野地区,日南町,52336266,84,121,
日野地区,日南町,52336267,84,121,
日野地区,日南町,52336270,81,116,
日野地区,日南町,52336271,81,116,
日野地区,日南町,52336272,81,116,
日野地区,日南町,52336273,81,116,
日野地区,日南町,52336274,81,116,
日野地区,日南町,52336275,80,115,
日野地区,日南町,52336276,81,116,
日野地区,日南町,52336277,80,115,
日野地区,日南町,52336280,81,116,
日野地区,日南町,52336281,81,117,
日野地区,日南町,52336282,81,116,
日野地区,日南町,52336283,80,115,
日野地区,日南町,52336284,80,115,
日野地区,日南町,52336285,84,121,
日野地区,日南町,52336286,84,121,
日野地区,日南町,52336290,81,116,
日野地区,日南町,52336291,81,117,
日野地区,日南町,52336292,81,116,
日野地区,日南町,52336293,80,115,
日野地区,日南町,52336294,79,114,
日野地区,日南町,52336295,84,121,
日野地区,日南町,52336296,85,122,
日野地区,日南町,52336300,92,132,
日野地区,日南町,52336301,92,132,
日野地区,日南町,52337200,81,116,
日野地区,日南町,52337201,81,116,
日野地区,日南町,52337202,80,115,
日野地区,日南町,52337203,84,121,
日野地区,日南町,52337204,84,121,
日野地区,日南町,52337205,84,121,
日野地区,日南町,52337206,85,122,
日野地区,日南町,52337213,85,122,
日野地区,日南町,52337214,84,121,
日野地区,日南町,52337215,84,121,
日野地区,日野町,52335299,91,130,
日野地区,日野町,52336207,95,137,
日野地区,日野町,52336208,95,137,
日野地区,日野町,52336209,92,132,
日野地区,日野町,52336216,95,137,
日野地区,日野町,52336217,95,137,
日野地区,日野町,52336218,95,137,
日野地区,日野町,52336219,91,130,
日野地区,日野町,52336224,91,131,
日野地区,日野町,52336225,96,138,
日野地区,日野町,52336226,95,137,
日野地区,日野町,52336227,95,137,
日野地区,日野町,52336228,95,137,
日野地区,日野町,52336229,91,131,
日野地区,日野町,52336234,91,130,
日野地区,日野町,52336235,92,132,
日野地区,日野町,52336236,92,132,
日野地区,日野町,52336237,91,131,
日野地区,日野町,52336238,91,131,
日野地区,日野町,52336239,91,131,
日野地区,日野町,52336244,91,130,
日野地区,日野町,52336245,92,132,
日野地区,日野町,52336246,91,131,
日野地区,日野町,52336247,90,129,
日野地区,日野町,52336248,91,130,
日野地区,日野町,52336249,87,125,
日野地区,日野町,52336257,85,122,
日野地区,日野町,52336258,85,122,
日野地区,日野町,52336259,86,123,
日野地区,日野町,52336268,84,121,
日野地区,日野町,52336269,77,110,
日野地区,日野町,52336278,81,116,
日野地区,日野町,52336279,80,115,
日野地区,日野町,52336288,85,122,
日野地区,日野町,52336289,84,121,
日野地区,日野町,52336299,84,121,
日野地区,日野町,52336310,91,130,
日野地区,日野町,52336311,91,130,
日野地区,日野町,52336314,87,125,
日野地区,日野町,52336315,88,126,
日野地区,日野町,52336316,92,132,
日野地区,日野町,52336317,93,133,
日野地区,日野町,52336320,91,131,
日野地区,日野町,52336321,91,131,
日野地区,日野町,52336322,91,131,
日野地区,日野町,52336323,88,126,
日野地区,日野町,52336324,86,124,
日野地区,日野町,52336325,87,125,
日野地区,日野町,52336326,88,126,
日野地区,日野町,52336327,88,127,
日野地区,日野町,52336328,88,127,
日野地区,日野町,52336330,79,114,
日野地区,日野町,52336331,83,119,
日野地区,日野町,52336332,82,118,
日野地区,日野町,52336333,86,124,
日野地区,日野町,52336334,86,124,
日野地区,日野町,52336335,86,124,
日野地区,日野町,52336336,87,125,
日野地区,日野町,52336337,92,132,
日野地区,日野町,52336338,92,132,
日野地区,日野町,52336339,94,135,
日野地区,日野町,52336340,88,127,
日野地区,日野町,52336341,83,119,
日野地区,日野町,52336342,81,117,
日野地区,日野町,52336343,86,123,
日野地区,日野町,52336344,86,123,
日野地区,日野町,52336345,86,123,
日野地区,日野町,52336346,86,123,
日野地区,日野町,52336347,91,131,
日野地区,日野町,52336348,92,132,
日野地区,日野町,52336349,93,133,
日野地区,日野町,52336350,86,124,
日野地区,日野町,52336351,81,117,
日野地区,日野町,52336352,81,117,
日野地区,日野町,52336353,84,121,
日野地区,日野町,52336354,84,121,
日野地区,日野町,52336355,81,116,
日野地区,日野町,52336356,81,117,
日野地区,日野町,52336357,82,118,
日野地区,日野町,52336358,92,132,
日野地区,日野町,52336359,96,138,
日野地区,日野町,52336360,81,116,
日野地区,日野町,52336361,81,116,
日野地区,日野町,52336362,84,120,
日野地区,日野町,52336363,84,121,
日野地区,日野町,52336364,84,121,
日野地区,日野町,52336365,76,109,
日野地区,日野町,52336366,81,116,
日野地区,日野町,52336367,81,117,
日野地区,日野町,52336368,92,132,
日野地区,日野町,52336369,95,137,
日野地区,日野町,52336370,79,114,
日野地区,日野町,52336371,80,115,
日野地区,日野町,52336372,84,121,
日野地区,日野町,52336373,84,120,
日野地区,日野町,52336374,84,121,
日野地区,日野町,52336375,77,110,
日野地区,日野町,52336376,81,116,
日野地区,日野町,52336377,82,118,
日野地区,日野町,52336378,91,130,
日野地区,日野町,52336379,95,137,
日野地区,日野町,52336382,79,113,
日野地区,日野町,52336383,84,121,
日野地区,日野町,52336384,89,128,
日野地区,日野町,52336385,91,130,
日野地区,日野町,52336386,90,129,
日野地区,日野町,52336389,95,137,
日野地区,日野町,52336392,79,113,
日野地区,日野町,52336393,84,121,
日野地区,日野町,52336394,89,128,
日野地区,日野町,52336395,91,131,
日野地区,日野町,52336396,90,129,
日野地区,日野町,52336421,91,131,
日野地区,日野町,52336430,95,136,
日野地区,日野町,52336431,92,132,
日野地区,日野町,52336440,94,135,
日野地区,日野町,52336441,95,136,
日野地区,日野町,52336450,98,140,
日野地区,日野町,52336451,98,140,
日野地区,日野町,52336460,96,138,
日野地区,日野町,52336470,97,139,
日野地区,日野町,52337208,84,121,
日野地区,日野町,52337303,83,119,
日野地区,日野町,52337304,88,127,
日野地区,日野町,52337305,89,128,
日野地区,日野町,52337306,89,128,
日野地区,日野町,52337314,84,120,
日野地区,日野町,52337315,84,121,
日野地区,江府町,52336387,90,129,
日野地区,江府町,52336388,90,129,
日野地区,江府町,52336397,90,129,
日野地区,江府町,52336398,90,129,
日野地区,江府町,52336399,90,129,
日野地区,江府町,52336480,92,132,
日野地区,江府町,52336482,98,140,
日野地区,江府町,52336490,91,131,
日野地区,江府町,52336491,93,133,
日野地区,江府町,52336492,94,135,
日野地区,江府町,52336493,94,135,
日野地区,江府町,52336494,99,142,
日野地区,江府町,52337307,85,122,
日野地区,江府町,52337308,85,122,
日野地区,江府町,52337309,90,129,
日野地区,江府町,52337316,84,121,
日野地区,江府町,52337317,84,121,
日野地区,江府町,52337318,84,121,
日野地区,江府町,52337319,90,129,
日野地区,江府町,52337325,83,119,
日野地区,江府町,52337326,84,121,
日野地区,江府町,52337327,84,121,
日野地区,江府町,52337328,84,121,
日野地区,江府町,52337329,90,129,
日野地区,江府町,52337336,84,120,
日野地区,江府町,52337337,86,123,
日野地区,江府町,52337338,86,124,
日野地区,江府町,52337339,91,131,
日野地区,江府町,52337346,84,121,
日野地区,江府町,52337347,86,123,
日野地区,江府町,52337348,86,124,
日野地区,江府町,52337349,87,125,
日野地区,江府町,52337356,84,121,
日野地区,江府町,52337357,85,122,
日野地区,江府町,52337358,86,123,
日野地区,江府町,52337359,86,123,
日野地区,江府町,52337367,84,121,
日野地区,江府町,52337368,84,121,
日野地区,江府町,52337369,84,121,
日野地区,江府町,52337378,84,120,
日野地区,江府町,52337379,84,120,
日野地区,江府町,52337389,83,119,
日野地区,江府町,52337400,95,137,
日野地区,江府町,52337401,93,134,
日野地区,江府町,52337402,95,137,
日野地区,江府町,52337403,100,143,
日野地区,江府町,52337404,100,144,
日野地区,江府町,52337410,91,131,
日野地区,江府町,52337411,94,135,
日野地区,江府町,52337412,95,137,
日野地区,江府町,52337413,100,143,
日野地区,江府町,52337414,100,143,
日野地区,江府町,52337420,91,131,
日野地区,江府町,52337421,92,132,
日野地区,江府町,52337422,94,135,
日野地区,江府町,52337423,99,142,
日野地区,江府町,52337424,98,141,
日野地区,江府町,52337425,98,141,
日野地区,江府町,52337430,91,130,
日野地区,江府町,52337431,91,131,
日野地区,江府町,52337432,92,132,
日野地区,江府町,52337433,93,134,
日野地区,江府町,52337434,94,135,
日野地区,江府町,52337435,94,135,
日野地区,江府町,52337440,86,124,
日野地区,江府町,52337441,88,126,
日野地区,江府町,52337442,87,125,
日野地区,江府町,52337443,88,127,
日野地区,江府町,52337444,94,135,
日野地区,江府町,52337445,95,136,
日野地区,江府町,52337450,86,123,
日野地区,江府町,52337451,87,125,
日野地区,江府町,52337452,88,126,
日野地区,江府町,52337453,89,128,
日野地区,江府町,52337454,94,135,
日野地区,江府町,52337455,95,137,
日野地区,江府町,52337460,84,121,
日野地区,江府町,52337461,86,123,
日野地区,江府町,52337462,87,125,
日野地区,江府町,52337463,100,143,
日野地区,江府町,52337464,100,143,
日野地区,江府町,52337465,102,146,
日野地区,江府町,52337470,84,121,
日野地区,江府町,52337471,85,122,
日野地区,江府町,52337472,102,147,
日野地区,江府町,52337473,99,142,
日野地区,江府町,52337474,99,142,
日野地区,江府町,52337475,101,145,
日野地区,江府町,52337480,84,120,
日野地区,江府町,52337481,85,122,
日野地区,江府町,52337482,91,130,
日野地区,江府町,52337483,100,143,
日野地区,江府町,52337484,104,149,
日野地区,江府町,52337485,106,152,
日野地区,江府町,52337486,108,155,
日野地区,江府町,52337490,84,120,
日野地区,江府町,52337491,86,123,
日野地区,江府町,52337492,92,132,
日野地区,江府町,52337493,100,143,
日野地区,江府町,52337494,106,152,
日野地区,江府町,52337495,109,156,
日野地区,江府町,52337496,113,162,
日野地区,江府町,53330401,84,121,
日野地区,江府町,53330402,91,131,
日野地区,江府町,53330403,98,140,
日野地区,江府町,53330404,109,156,
日野地区,江府町,53330405,128,184,
日野地区,江府町,53330406,117,168,
日野地区,江府町,53330411,86,124,
日野地区,江府町,53330412,88,127,
日野地区,江府町,53330413,91,131,
日野地区,江府町,53330414,113,162,
日野地区,江府町,53330415,144,207,
日野地区,江府町,53330416,119,171,
日野地区,江府町,53330417,121,173,
日野地区,江府町,53330422,93,133,
日野地区,江府町,53330424,112,160,
日野地区,江府町,53330425,114,163,
日野地区,江府町,53330426,114,164,
