iʓYjJxEӕ̓yJʎwl,,,,ߘaN529
s܂Ƃ߂n,s,n惁bVR[hiPkmiqΉj,ӕ,x
ߍ]암,Îs암,52352679,93,141
ߍ]암,Îs암,52352689,90,137
ߍ]암,Îs암,52352751,90,137
ߍ]암,Îs암,52352752,90,137
ߍ]암,Îs암,52352755,90,137
ߍ]암,Îs암,52352760,90,137
ߍ]암,Îs암,52352761,90,137
ߍ]암,Îs암,52352762,90,137
ߍ]암,Îs암,52352763,90,137
ߍ]암,Îs암,52352765,90,137
ߍ]암,Îs암,52352766,90,137
ߍ]암,Îs암,52352770,90,137
ߍ]암,Îs암,52352771,90,137
ߍ]암,Îs암,52352772,90,137
ߍ]암,Îs암,52352773,90,137
ߍ]암,Îs암,52352774,90,137
ߍ]암,Îs암,52352775,90,137
ߍ]암,Îs암,52352776,90,137
ߍ]암,Îs암,52352777,90,137
ߍ]암,Îs암,52352778,90,137
ߍ]암,Îs암,52352780,89,136
ߍ]암,Îs암,52352781,89,136
ߍ]암,Îs암,52352782,89,136
ߍ]암,Îs암,52352783,89,136
ߍ]암,Îs암,52352784,89,136
ߍ]암,Îs암,52352785,88,134
ߍ]암,Îs암,52352786,88,134
ߍ]암,Îs암,52352787,88,134
ߍ]암,Îs암,52352788,88,134
ߍ]암,Îs암,52352790,89,136
ߍ]암,Îs암,52352791,89,136
ߍ]암,Îs암,52352792,89,136
ߍ]암,Îs암,52352793,89,136
ߍ]암,Îs암,52352794,89,136
ߍ]암,Îs암,52352795,88,134
ߍ]암,Îs암,52352796,88,134
ߍ]암,Îs암,52352797,88,134
ߍ]암,Îs암,52352798,88,134
ߍ]암,Îs암,52352799,88,134
ߍ]암,Îs암,52353659,91,138
ߍ]암,Îs암,52353668,91,138
ߍ]암,Îs암,52353669,91,138
ߍ]암,Îs암,52353678,91,138
ߍ]암,Îs암,52353679,91,138
ߍ]암,Îs암,52353688,91,138
ߍ]암,Îs암,52353689,91,138
ߍ]암,Îs암,52353696,91,138
ߍ]암,Îs암,52353697,91,138
ߍ]암,Îs암,52353698,91,138
ߍ]암,Îs암,52353699,91,138
ߍ]암,Îs암,52353700,89,136
ߍ]암,Îs암,52353701,89,136
ߍ]암,Îs암,52353702,89,136
ߍ]암,Îs암,52353703,89,136
ߍ]암,Îs암,52353704,89,136
ߍ]암,Îs암,52353705,88,134
ߍ]암,Îs암,52353706,88,134
ߍ]암,Îs암,52353707,88,134
ߍ]암,Îs암,52353708,88,134
ߍ]암,Îs암,52353709,88,134
ߍ]암,Îs암,52353710,89,136
ߍ]암,Îs암,52353711,89,136
ߍ]암,Îs암,52353712,89,136
ߍ]암,Îs암,52353713,89,136
ߍ]암,Îs암,52353714,89,136
ߍ]암,Îs암,52353715,88,134
ߍ]암,Îs암,52353716,88,134
ߍ]암,Îs암,52353717,88,134
ߍ]암,Îs암,52353718,88,134
ߍ]암,Îs암,52353719,88,134
ߍ]암,Îs암,52353720,89,136
ߍ]암,Îs암,52353721,89,136
ߍ]암,Îs암,52353722,89,136
ߍ]암,Îs암,52353723,89,136
ߍ]암,Îs암,52353724,89,136
ߍ]암,Îs암,52353725,88,134
ߍ]암,Îs암,52353726,88,134
ߍ]암,Îs암,52353727,88,134
ߍ]암,Îs암,52353728,88,134
ߍ]암,Îs암,52353729,88,134
ߍ]암,Îs암,52353730,89,136
ߍ]암,Îs암,52353731,89,136
ߍ]암,Îs암,52353732,89,136
ߍ]암,Îs암,52353733,89,136
ߍ]암,Îs암,52353734,89,136
ߍ]암,Îs암,52353735,88,134
ߍ]암,Îs암,52353736,88,134
ߍ]암,Îs암,52353737,88,134
ߍ]암,Îs암,52353738,88,134
ߍ]암,Îs암,52353739,88,134
ߍ]암,Îs암,52353740,83,127
ߍ]암,Îs암,52353741,83,127
ߍ]암,Îs암,52353742,83,127
ߍ]암,Îs암,52353743,83,127
ߍ]암,Îs암,52353744,83,127
ߍ]암,Îs암,52353745,80,122
ߍ]암,Îs암,52353746,80,122
ߍ]암,Îs암,52353747,80,122
ߍ]암,Îs암,52353748,80,122
ߍ]암,Îs암,52353749,80,122
ߍ]암,Îs암,52353750,83,127
ߍ]암,Îs암,52353751,83,127
ߍ]암,Îs암,52353752,83,127
ߍ]암,Îs암,52353753,83,127
ߍ]암,Îs암,52353754,83,127
ߍ]암,Îs암,52353755,80,122
ߍ]암,Îs암,52353756,80,122
ߍ]암,Îs암,52353757,80,122
ߍ]암,Îs암,52353758,80,122
ߍ]암,Îs암,52353759,80,122
ߍ]암,Îs암,52353760,83,127
ߍ]암,Îs암,52353761,83,127
ߍ]암,Îs암,52353762,83,127
ߍ]암,Îs암,52353763,83,127
ߍ]암,Îs암,52353764,83,127
ߍ]암,Îs암,52353765,80,122
ߍ]암,Îs암,52353766,80,122
ߍ]암,Îs암,52353767,80,122
ߍ]암,Îs암,52353768,80,122
ߍ]암,Îs암,52353769,80,122
ߍ]암,Îs암,52353770,83,127
ߍ]암,Îs암,52353771,83,127
ߍ]암,Îs암,52353772,83,127
ߍ]암,Îs암,52353773,83,127
ߍ]암,Îs암,52353774,83,127
ߍ]암,Îs암,52353775,80,122
ߍ]암,Îs암,52353777,80,122
ߍ]암,Îs암,52353778,80,122
ߍ]암,Îs암,52353780,83,127
ߍ]암,Îs암,52353781,83,127
ߍ]암,Îs암,52353782,83,127
ߍ]암,Îs암,52353783,83,127
ߍ]암,Îs암,52353784,83,127
ߍ]암,Îs암,52353790,83,127
ߍ]암,Îs암,52353791,83,127
ߍ]암,Îs암,52354607,89,136
ߍ]암,Îs암,52354608,89,136
ߍ]암,Îs암,52354609,89,136
ߍ]암,Îs암,52354617,89,136
ߍ]암,Îs암,52354618,89,136
ߍ]암,Îs암,52354619,89,136
ߍ]암,Îs암,52354627,89,136
ߍ]암,Îs암,52354628,89,136
ߍ]암,Îs암,52354629,89,136
ߍ]암,Îs암,52354636,89,136
ߍ]암,Îs암,52354637,89,136
ߍ]암,Îs암,52354638,89,136
ߍ]암,Îs암,52354639,89,136
ߍ]암,Îs암,52354646,89,136
ߍ]암,Îs암,52354647,89,136
ߍ]암,Îs암,52354648,89,136
ߍ]암,Îs암,52354649,89,136
ߍ]암,Îs암,52354655,89,136
ߍ]암,Îs암,52354656,89,136
ߍ]암,Îs암,52354657,89,136
ߍ]암,Îs암,52354658,89,136
ߍ]암,Îs암,52354659,89,136
ߍ]암,Îs암,52354666,94,143
ߍ]암,Îs암,52354667,94,143
ߍ]암,Îs암,52354668,94,143
ߍ]암,Îs암,52354669,94,143
ߍ]암,Îs암,52354677,94,143
ߍ]암,Îs암,52354678,94,143
ߍ]암,Îs암,52354679,94,143
ߍ]암,Îs암,52354687,94,143
ߍ]암,Îs암,52354688,94,143
ߍ]암,Îs암,52354689,94,143
ߍ]암,Îs암,52354697,94,143
ߍ]암,Îs암,52354698,94,143
ߍ]암,Îs암,52354699,94,143
ߍ]암,Îs암,52354700,80,122
ߍ]암,Îs암,52354701,80,122
ߍ]암,Îs암,52354760,83,126
ߍ]암,Îs암,52354770,83,126
ߍ]암,Îs암,52354771,83,126
ߍ]암,Îs암,52354780,83,126
ߍ]암,Îs암,52354781,83,126
ߍ]암,Îs암,52354790,83,126
ߍ]암,Îs암,52354791,83,126
ߍ]암,Îs암,52355607,94,143
ߍ]암,Îs암,52355608,94,143
ߍ]암,Îs암,52355609,94,143
ߍ]암,Îs암,52355617,94,143
ߍ]암,Îs암,52355618,94,143
ߍ]암,Îs암,52355619,94,143
ߍ]암,Îs암,52355627,90,137
ߍ]암,Îs암,52355628,90,137
ߍ]암,Îs암,52355629,90,137
ߍ]암,Îs암,52355638,90,137
ߍ]암,Îs암,52355700,83,126
ߍ]암,Îs암,52355701,83,126
ߍ]암,Îs암,52355702,83,126
ߍ]암,Îs암,52355710,83,126
ߍ]암,Îs암,52355711,83,126
ߍ]암,Îs암,52355712,83,126
ߍ]암,Îs암,52355720,87,132
ߍ]암,Îs암,52355721,87,132
ߍ]암,Îs암,52355722,87,132
ߍ]암,Îs암,52355723,87,132
ߍ]암,Îs암,52355730,87,132
ߍ]암,Îs암,52355731,87,132
ߍ]암,Îs암,52355732,87,132
ߍ]암,Îs암,52355733,87,132
ߍ]암,Îs암,52355734,87,|
ߍ]암,Îs암,52355742,87,132
ߍ]암,Îs암,52355743,87,132
ߍ]암,Îs암,52355744,87,|
ߍ]암,Îs암,52355751,87,132
ߍ]암,Îs암,52355752,87,132
ߍ]암,Îs암,52355753,87,132
ߍ]암,Îs암,52355754,87,132
ߍ]암,Îs암,52355761,87,132
ߍ]암,Îs암,52355762,87,132
ߍ]암,Îs암,52355763,87,132
ߍ]암,Îs암,52355764,87,132
ߍ]암,Îs암,52355771,87,132
ߍ]암,Îs암,52355772,87,132
ߍ]암,Îs암,52363000,88,134
ߍ]암,Îs암,52363001,88,134
ߍ]암,Îs암,52363010,88,134
ߍ]암,Îs암,52363011,88,134
ߍ]암,Îs암,52363012,88,134
ߍ]암,Îs암,52363020,88,134
ߍ]암,Îs암,52363021,88,134
ߍ]암,Îs암,52363022,88,134
ߍ]암,Îs암,52363030,88,134
ߍ]암,Îs암,52363040,89,136
ߍ]암,Îs암,52363050,89,136
ߍ]암,Îs암,52363060,89,136
ߍ]암,Îs,52353776,80,122
ߍ]암,Îs,52353785,80,122
ߍ]암,Îs,52353786,80,122
ߍ]암,Îs,52353787,80,122
ߍ]암,Îs,52353788,80,122
ߍ]암,Îs,52353792,96,|
ߍ]암,Îs,52353793,83,127
ߍ]암,Îs,52353794,83,127
ߍ]암,Îs,52353795,80,122
ߍ]암,Îs,52353796,80,122
ߍ]암,Îs,52353797,80,122
ߍ]암,Îs,52353798,80,122
ߍ]암,Îs,52353799,80,122
ߍ]암,Îs,52354702,96,|
ߍ]암,Îs,52354703,96,|
ߍ]암,Îs,52354704,96,|
ߍ]암,Îs,52354705,80,122
ߍ]암,Îs,52354706,80,122
ߍ]암,Îs,52354707,80,122
ߍ]암,Îs,52354708,80,122
ߍ]암,Îs,52354712,96,|
ߍ]암,Îs,52354713,96,|
ߍ]암,Îs,52354714,96,|
ߍ]암,Îs,52354715,96,|
ߍ]암,Îs,52354716,80,122
ߍ]암,Îs,52354717,80,122
ߍ]암,Îs,52354723,96,|
ߍ]암,Îs,52354724,96,|
ߍ]암,Îs,52354725,96,|
ߍ]암,Îs,52354726,96,|
ߍ]암,Îs,52354727,80,122
ߍ]암,Îs,52354732,96,|
ߍ]암,Îs,52354733,96,|
ߍ]암,Îs,52354734,96,|
ߍ]암,Îs,52354735,96,|
ߍ]암,Îs,52354736,96,|
ߍ]암,Îs,52354737,80,122
ߍ]암,Îs,52354742,96,|
ߍ]암,Îs,52354743,96,|
ߍ]암,Îs,52354744,96,|
ߍ]암,Îs,52354745,96,|
ߍ]암,Îs,52354746,96,|
ߍ]암,Îs,52354752,96,|
ߍ]암,Îs,52354753,96,|
ߍ]암,Îs,52354754,96,|
ߍ]암,Îs,52354755,96,|
ߍ]암,Îs,52354756,96,|
ߍ]암,Îs,52354763,96,|
ߍ]암,Îs,52354764,96,|
ߍ]암,Îs,52354765,96,|
ߍ]암,Îs,52354766,96,|
ߍ]암,Îs,52354774,96,|
ߍ]암,Îs,52354775,96,|
ߍ]암,Îs,52354784,96,|
ߍ]암,Îs,52354785,96,|
ߍ]암,Îs,52354794,96,|
ߍ]암,Rs,52354758,96,|
ߍ]암,Rs,52354759,96,|
ߍ]암,Rs,52354767,96,|
ߍ]암,Rs,52354768,96,|
ߍ]암,Rs,52354769,96,|
ߍ]암,Rs,52354776,96,|
ߍ]암,Rs,52354777,96,|
ߍ]암,Rs,52354778,96,|
ߍ]암,Rs,52354779,96,|
ߍ]암,Rs,52354786,96,|
ߍ]암,Rs,52354787,96,|
ߍ]암,Rs,52354788,96,|
ߍ]암,Rs,52354789,96,|
ߍ]암,Rs,52354795,96,|
ߍ]암,Rs,52354796,96,|
ߍ]암,Rs,52354797,96,|
ߍ]암,Rs,52354798,96,|
ߍ]암,Rs,52354799,96,|
ߍ]암,Rs,52355705,96,|
ߍ]암,Rs,52355706,96,|
ߍ]암,Rs,52355707,96,|
ߍ]암,Rs,52355708,96,|
ߍ]암,Rs,52355709,96,|
ߍ]암,Rs,52355714,96,|
ߍ]암,Rs,52355715,96,|
ߍ]암,Rs,52355716,96,|
ߍ]암,Rs,52355717,96,|
ߍ]암,Rs,52355718,96,|
ߍ]암,Rs,52355719,96,|
ߍ]암,Rs,52355725,96,|
ߍ]암,Rs,52355726,96,|
ߍ]암,Rs,52355727,96,|
ߍ]암,Rs,52355728,96,|
ߍ]암,Rs,52355729,96,|
ߍ]암,Rs,52355735,96,|
ߍ]암,Rs,52355736,96,|
ߍ]암,Rs,52355737,96,|
ߍ]암,Rs,52355738,96,|
ߍ]암,Rs,52355739,96,|
ߍ]암,Rs,52355745,96,|
ߍ]암,Rs,52355746,96,|
ߍ]암,Rs,52355747,96,|
ߍ]암,Rs,52355748,96,|
ߍ]암,Rs,52355755,96,|
ߍ]암,Rs,52355756,96,|
ߍ]암,Rs,52364060,96,|
ߍ]암,Rs,52364090,96,|
ߍ]암,Rs,52365000,96,|
ߍ]암,Is,52353779,80,122
ߍ]암,Is,52353789,80,122
ߍ]암,Is,52354709,80,122
ߍ]암,Is,52354718,80,122
ߍ]암,Is,52354719,80,122
ߍ]암,Is,52354728,80,122
ߍ]암,Is,52354729,80,122
ߍ]암,Is,52354738,80,122
ߍ]암,Is,52354739,80,122
ߍ]암,Is,52354747,96,|
ߍ]암,Is,52354748,96,|
ߍ]암,Is,52354749,96,|
ߍ]암,Is,52354757,96,|
ߍ]암,Is,52363031,88,134
ߍ]암,Is,52363032,88,134
ߍ]암,Is,52363041,89,136
ߍ]암,Is,52363042,89,136
ߍ]암,Is,52363043,89,136
ߍ]암,Is,52363051,89,136
ߍ]암,Is,52363052,89,136
ߍ]암,Is,52363053,89,136
ߍ]암,Is,52363054,89,136
ߍ]암,Is,52363061,89,136
ߍ]암,Is,52363062,89,136
ߍ]암,Is,52363063,89,136
ߍ]암,Is,52363070,89,136
ߍ]암,Is,52363071,89,136
ߍ]암,Is,52363072,89,136
ߍ]암,Is,52363073,89,136
ߍ]암,Is,52363080,89,136
ߍ]암,Is,52363081,89,136
ߍ]암,Is,52363082,89,136
ߍ]암,Is,52363090,89,136
ߍ]암,Is,52363091,89,136
ߍ]암,Is,52363092,89,136
ߍ]암,Is,52364000,80,122
ߍ]암,Is,52364001,80,122
ߍ]암,Is,52364002,80,122
ߍ]암,Is,52364010,80,122
ߍ]암,Is,52364011,80,122
ߍ]암,Is,52364012,80,122
ߍ]암,Is,52364020,80,122
ߍ]암,Is,52364021,80,122
ߍ]암,Is,52364022,80,122
ߍ]암,Is,52364030,80,122
ߍ]암,Is,52364031,80,122
ߍ]암,Is,52364032,80,122
ߍ]암,Is,52364040,80,122
ߍ]암,Is,52364041,80,122
ߍ]암,Is,52364050,96,|
ߍ]암,Is,52364051,80,122
ߍ]암,Fs,52355749,96,|
ߍ]암,Fs,52355758,96,|
ߍ]암,Fs,52355759,96,|
ߍ]암,Fs,52355768,96,|
ߍ]암,Fs,52355769,96,|
ߍ]암,Fs,52355778,96,|
ߍ]암,Fs,52355779,96,|
ߍ]암,Fs,52364033,80,122
ߍ]암,Fs,52364042,80,122
ߍ]암,Fs,52364043,80,122
ߍ]암,Fs,52364052,80,122
ߍ]암,Fs,52364053,80,122
ߍ]암,Fs,52364061,81,124
ߍ]암,Fs,52364062,81,124
ߍ]암,Fs,52364063,81,124
ߍ]암,Fs,52364064,81,124
ߍ]암,Fs,52364070,96,|
ߍ]암,Fs,52364071,81,124
ߍ]암,Fs,52364072,81,124
ߍ]암,Fs,52364073,81,124
ߍ]암,Fs,52364074,81,124
ߍ]암,Fs,52364075,83,127
ߍ]암,Fs,52364080,96,|
ߍ]암,Fs,52364081,81,124
ߍ]암,Fs,52364082,81,124
ߍ]암,Fs,52364083,81,124
ߍ]암,Fs,52364084,81,124
ߍ]암,Fs,52364085,83,127
ߍ]암,Fs,52364091,96,|
ߍ]암,Fs,52364092,81,124
ߍ]암,Fs,52364093,81,124
ߍ]암,Fs,52364094,81,124
ߍ]암,Fs,52364095,83,127
ߍ]암,Fs,52365001,96,|
ߍ]암,Fs,52365002,96,|
ߍ]암,Fs,52365003,81,124
ߍ]암,Fs,52365004,81,124
ߍ]암,Fs,52365005,83,127
ߍ]암,Fs,52365010,96,|
ߍ]암,Fs,52365011,96,|
ߍ]암,Fs,52365012,96,|
ߍ]암,Fs,52365013,81,124
ߍ]암,Fs,52365014,81,124
ߍ]암,Fs,52365015,83,127
ߍ]암,Fs,52365020,96,|
ߍ]암,Fs,52365021,96,|
ߍ]암,Fs,52365022,96,|
ߍ]암,Fs,52365023,96,|
ߍ]암,Fs,52365024,96,|
ߍ]암,Fs,52365030,96,|
ߍ]암,Fs,52365031,96,|
ߍ]암,Fs,52365032,96,|
ߍ]암,Fs,52365040,96,|
ߍ]암,Fs,52365041,96,|
ߍ]암,Fs,52365050,96,|
ߍ]암,Fs,52365051,96,|
ߍ]암,Fs,52365060,96,|
ߍ]암,Fs,52365061,96,|
ߍ],ߍ]s,52365016,96,121
ߍ],ߍ]s,52365018,96,121
ߍ],ߍ]s,52365019,96,121
ߍ],ߍ]s,52365025,96,120
ߍ],ߍ]s,52365026,96,120
ߍ],ߍ]s,52365027,96,120
ߍ],ߍ]s,52365028,96,120
ߍ],ߍ]s,52365029,96,120
ߍ],ߍ]s,52365033,96,|
ߍ],ߍ]s,52365034,96,|
ߍ],ߍ]s,52365035,96,|
ߍ],ߍ]s,52365036,96,|
ߍ],ߍ]s,52365037,96,|
ߍ],ߍ]s,52365038,96,120
ߍ],ߍ]s,52365039,96,120
ߍ],ߍ]s,52365042,96,|
ߍ],ߍ]s,52365043,96,|
ߍ],ߍ]s,52365044,96,|
ߍ],ߍ]s,52365045,96,|
ߍ],ߍ]s,52365046,96,|
ߍ],ߍ]s,52365047,96,|
ߍ],ߍ]s,52365048,96,|
ߍ],ߍ]s,52365049,96,120
ߍ],ߍ]s,52365052,93,117
ߍ],ߍ]s,52365053,93,117
ߍ],ߍ]s,52365054,93,117
ߍ],ߍ]s,52365055,96,120
ߍ],ߍ]s,52365056,96,120
ߍ],ߍ]s,52365057,96,120
ߍ],ߍ]s,52365058,96,120
ߍ],ߍ]s,52365059,96,120
ߍ],ߍ]s,52365062,93,117
ߍ],ߍ]s,52365063,93,117
ߍ],ߍ]s,52365064,93,117
ߍ],ߍ]s,52365065,96,120
ߍ],ߍ]s,52365066,96,120
ߍ],ߍ]s,52365067,96,120
ߍ],ߍ]s,52365068,96,120
ߍ],ߍ]s,52365069,96,120
ߍ],ߍ]s,52365071,96,|
ߍ],ߍ]s,52365072,93,117
ߍ],ߍ]s,52365073,93,117
ߍ],ߍ]s,52365074,93,117
ߍ],ߍ]s,52365075,96,120
ߍ],ߍ]s,52365076,96,120
ߍ],ߍ]s,52365077,96,120
ߍ],ߍ]s,52365078,96,120
ߍ],ߍ]s,52365079,96,120
ߍ],ߍ]s,52365084,101,127
ߍ],ߍ]s,52365085,94,118
ߍ],ߍ]s,52365086,94,118
ߍ],ߍ]s,52365087,94,118
ߍ],ߍ]s,52365088,94,118
ߍ],ߍ]s,52365089,94,118
ߍ],ߍ]s,52365094,101,127
ߍ],ߍ]s,52365095,94,118
ߍ],ߍ]s,52365096,94,118
ߍ],ߍ]s,52365097,94,118
ߍ],ߍ]s,52365098,94,118
ߍ],ߍ]s,52365099,94,118
ߍ],ߍ]s,52365100,92,116
ߍ],ߍ]s,52365130,92,116
ߍ],ߍ]s,52365131,92,116
ߍ],ߍ]s,52365132,92,116
ߍ],ߍ]s,52365140,92,116
ߍ],ߍ]s,52365141,92,116
ߍ],ߍ]s,52365142,92,116
ߍ],ߍ]s,52365143,92,116
ߍ],ߍ]s,52365150,92,116
ߍ],ߍ]s,52365151,92,116
ߍ],ߍ]s,52365152,92,116
ߍ],ߍ]s,52365153,92,116
ߍ],ߍ]s,52365160,92,116
ߍ],ߍ]s,52365161,92,116
ߍ],ߍ]s,52365162,92,116
ߍ],ߍ]s,52365163,92,116
ߍ],ߍ]s,52365170,92,116
ߍ],ߍ]s,52365171,92,116
ߍ],ߍ]s,52365172,92,116
ߍ],ߍ]s,52365180,92,115
ߍ],ߍ]s,52365181,92,115
ߍ],ߍ]s,52365190,92,115
ߍ],ߍ]s,52366004,101,127
ߍ],ߍ]s,52366005,94,118
ߍ],ߍ]s,52366006,94,118
ߍ],ߍ]s,52366007,94,118
ߍ],ߍ]s,52366008,94,118
ߍ],ߍ]s,52366009,94,118
ߍ],ߍ]s,52366014,101,127
ߍ],ߍ]s,52366015,94,118
ߍ],ߍ]s,52366016,94,118
ߍ],ߍ]s,52366017,94,118
ߍ],ߍ]s,52366018,94,118
ߍ],ߍ]s,52366019,94,118
ߍ],ߍ]s,52366025,94,118
ߍ],ߍ]s,52366026,94,118
ߍ],ߍ]s,52366027,94,118
ߍ],ߍ]s,52366028,94,118
ߍ],ߍ]s,52366034,101,127
ߍ],ߍ]s,52366036,94,118
ߍ],ߍ]s,52366037,94,118
ߍ],ߍ]s,52366044,101,127
ߍ],ߍ]s,52366045,100,126
ߍ],ߍ]s,52366046,100,126
ߍ],ߍ]s,52366047,100,126
ߍ],ߍ]s,52366054,101,127
ߍ],ߍ]s,52366055,100,126
ߍ],ߍ]s,52366056,100,126
ߍ],ߍ]s,52366100,92,115
ߍ],ߍ]s,52364124,91,114
ߍ],ߍ]s,52364133,91,114
ߍ],ߍ]s,52364134,91,114
ߍ],ߍ]s,52364135,92,116
ߍ],ߍ]s,52364142,91,114
ߍ],ߍ]s,52364143,91,114
ߍ],ߍ]s,52364144,91,114
ߍ],ߍ]s,52364145,92,116
ߍ],ߍ]s,52364146,92,116
ߍ],ߍ]s,52364152,91,114
ߍ],ߍ]s,52364153,91,114
ߍ],ߍ]s,52364154,91,114
ߍ],ߍ]s,52364155,92,116
ߍ],ߍ]s,52364156,92,116
ߍ],ߍ]s,52364162,92,116
ߍ],ߍ]s,52364163,92,116
ߍ],ߍ]s,52364164,92,116
ߍ],ߍ]s,52364165,94,118
ߍ],ߍ]s,52364166,94,118
ߍ],ߍ]s,52364172,92,116
ߍ],ߍ]s,52364173,92,116
ߍ],ߍ]s,52364174,92,116
ߍ],ߍ]s,52364175,94,118
ߍ],ߍ]s,52364176,94,118
ߍ],ߍ]s,52364177,94,118
ߍ],ߍ]s,52364182,92,116
ߍ],ߍ]s,52364183,92,116
ߍ],ߍ]s,52364184,92,116
ߍ],ߍ]s,52364185,94,118
ߍ],ߍ]s,52364186,94,118
ߍ],ߍ]s,52364187,94,118
ߍ],ߍ]s,52364188,94,118
ߍ],ߍ]s,52364189,94,118
ߍ],ߍ]s,52364191,92,116
ߍ],ߍ]s,52364192,92,116
ߍ],ߍ]s,52364193,92,116
ߍ],ߍ]s,52364194,92,116
ߍ],ߍ]s,52364195,94,118
ߍ],ߍ]s,52364196,94,118
ߍ],ߍ]s,52364197,94,118
ߍ],ߍ]s,52364198,94,118
ߍ],ߍ]s,52364199,94,118
ߍ],ߍ]s,52364227,132,|
ߍ],ߍ]s,52364229,132,|
ߍ],ߍ]s,52364237,107,134
ߍ],ߍ]s,52364238,132,|
ߍ],ߍ]s,52364239,132,|
ߍ],ߍ]s,52364246,107,134
ߍ],ߍ]s,52364247,107,134
ߍ],ߍ]s,52364248,132,|
ߍ],ߍ]s,52364249,132,|
ߍ],ߍ]s,52364255,107,134
ߍ],ߍ]s,52364256,107,134
ߍ],ߍ]s,52364257,107,134
ߍ],ߍ]s,52364258,132,|
ߍ],ߍ]s,52364259,132,|
ߍ],ߍ]s,52364264,98,123
ߍ],ߍ]s,52364265,109,137
ߍ],ߍ]s,52364266,109,137
ߍ],ߍ]s,52364267,109,137
ߍ],ߍ]s,52364268,132,|
ߍ],ߍ]s,52364269,132,|
ߍ],ߍ]s,52364271,98,123
ߍ],ߍ]s,52364272,98,123
ߍ],ߍ]s,52364273,98,123
ߍ],ߍ]s,52364274,98,123
ߍ],ߍ]s,52364275,109,137
ߍ],ߍ]s,52364276,109,137
ߍ],ߍ]s,52364277,109,137
ߍ],ߍ]s,52364278,109,137
ߍ],ߍ]s,52364279,132,|
ߍ],ߍ]s,52364280,98,123
ߍ],ߍ]s,52364281,98,123
ߍ],ߍ]s,52364282,98,123
ߍ],ߍ]s,52364283,98,123
ߍ],ߍ]s,52364284,98,123
ߍ],ߍ]s,52364285,109,137
ߍ],ߍ]s,52364286,109,137
ߍ],ߍ]s,52364287,109,137
ߍ],ߍ]s,52364288,109,137
ߍ],ߍ]s,52364289,109,137
ߍ],ߍ]s,52364290,98,123
ߍ],ߍ]s,52364291,98,123
ߍ],ߍ]s,52364292,98,123
ߍ],ߍ]s,52364293,98,123
ߍ],ߍ]s,52364294,98,123
ߍ],ߍ]s,52364295,109,137
ߍ],ߍ]s,52364296,109,137
ߍ],ߍ]s,52364297,109,137
ߍ],ߍ]s,52364298,109,137
ߍ],ߍ]s,52364299,109,137
ߍ],ߍ]s,52364320,132,|
ߍ],ߍ]s,52364321,132,|
ߍ],ߍ]s,52364322,132,|
ߍ],ߍ]s,52364323,132,|
ߍ],ߍ]s,52364330,132,|
ߍ],ߍ]s,52364331,132,|
ߍ],ߍ]s,52364332,132,|
ߍ],ߍ]s,52364333,132,|
ߍ],ߍ]s,52364340,132,|
ߍ],ߍ]s,52364341,132,|
ߍ],ߍ]s,52364342,132,|
ߍ],ߍ]s,52364350,132,|
ߍ],ߍ]s,52364351,132,|
ߍ],ߍ]s,52364352,132,|
ߍ],ߍ]s,52364360,132,|
ߍ],ߍ]s,52364361,132,|
ߍ],ߍ]s,52364362,132,|
ߍ],ߍ]s,52364363,132,|
ߍ],ߍ]s,52364370,132,|
ߍ],ߍ]s,52364371,132,|
ߍ],ߍ]s,52364372,132,|
ߍ],ߍ]s,52364373,132,|
ߍ],ߍ]s,52364374,132,|
ߍ],ߍ]s,52364380,132,165
ߍ],ߍ]s,52364381,132,165
ߍ],ߍ]s,52364382,132,165
ߍ],ߍ]s,52364383,132,|
ߍ],ߍ]s,52364384,132,|
ߍ],ߍ]s,52364390,132,165
ߍ],ߍ]s,52364391,132,165
ߍ],ߍ]s,52364392,132,165
ߍ],ߍ]s,52364393,132,|
ߍ],ߍ]s,52364394,132,|
ߍ],ߍ]s,52365101,92,116
ߍ],ߍ]s,52365102,92,116
ߍ],ߍ]s,52365103,92,116
ߍ],ߍ]s,52365104,92,116
ߍ],ߍ]s,52365105,94,118
ߍ],ߍ]s,52365106,94,118
ߍ],ߍ]s,52365107,94,118
ߍ],ߍ]s,52365108,94,118
ߍ],ߍ]s,52365109,94,118
ߍ],ߍ]s,52365110,92,116
ߍ],ߍ]s,52365111,92,116
ߍ],ߍ]s,52365112,92,116
ߍ],ߍ]s,52365113,92,116
ߍ],ߍ]s,52365114,100,|
ߍ],ߍ]s,52365115,100,|
ߍ],ߍ]s,52365116,100,|
ߍ],ߍ]s,52365117,100,|
ߍ],ߍ]s,52365118,94,118
ߍ],ߍ]s,52365119,94,118
ߍ],ߍ]s,52365120,92,116
ߍ],ߍ]s,52365121,92,116
ߍ],ߍ]s,52365122,92,116
ߍ],ߍ]s,52365123,92,116
ߍ],ߍ]s,52365124,92,116
ߍ],ߍ]s,52365125,92,116
ߍ],ߍ]s,52365126,92,116
ߍ],ߍ]s,52365127,100,|
ߍ],ߍ]s,52365128,92,116
ߍ],ߍ]s,52365129,92,116
ߍ],ߍ]s,52365133,92,116
ߍ],ߍ]s,52365134,92,116
ߍ],ߍ]s,52365135,92,116
ߍ],ߍ]s,52365136,92,116
ߍ],ߍ]s,52365137,100,|
ߍ],ߍ]s,52365138,92,116
ߍ],ߍ]s,52365139,92,116
ߍ],ߍ]s,52365144,92,116
ߍ],ߍ]s,52365145,92,116
ߍ],ߍ]s,52365146,92,116
ߍ],ߍ]s,52365147,100,|
ߍ],ߍ]s,52365148,92,116
ߍ],ߍ]s,52365149,92,116
ߍ],ߍ]s,52365154,92,116
ߍ],ߍ]s,52365155,92,116
ߍ],ߍ]s,52365156,92,116
ߍ],ߍ]s,52365157,100,|
ߍ],ߍ]s,52365158,100,|
ߍ],ߍ]s,52365159,100,|
ߍ],ߍ]s,52365164,92,116
ߍ],ߍ]s,52365165,92,116
ߍ],ߍ]s,52365166,92,116
ߍ],ߍ]s,52365167,100,|
ߍ],ߍ]s,52365168,100,|
ߍ],ߍ]s,52365169,100,|
ߍ],ߍ]s,52365173,92,116
ߍ],ߍ]s,52365174,92,116
ߍ],ߍ]s,52365175,92,116
ߍ],ߍ]s,52365176,92,116
ߍ],ߍ]s,52365177,100,|
ߍ],ߍ]s,52365178,100,|
ߍ],ߍ]s,52365179,100,|
ߍ],ߍ]s,52365182,92,115
ߍ],ߍ]s,52365183,92,115
ߍ],ߍ]s,52365184,92,115
ߍ],ߍ]s,52365185,92,115
ߍ],ߍ]s,52365188,100,|
ߍ],ߍ]s,52365191,92,115
ߍ],ߍ]s,52365192,92,115
ߍ],ߍ]s,52365193,92,115
ߍ],ߍ]s,52365194,92,115
ߍ],ߍ]s,52365195,92,115
ߍ],ߍ]s,52365200,98,123
ߍ],ߍ]s,52365201,98,123
ߍ],ߍ]s,52365202,98,123
ߍ],ߍ]s,52365203,98,123
ߍ],ߍ]s,52365204,98,123
ߍ],ߍ]s,52365205,109,137
ߍ],ߍ]s,52365206,109,137
ߍ],ߍ]s,52365207,109,137
ߍ],ߍ]s,52365208,109,137
ߍ],ߍ]s,52365209,109,137
ߍ],ߍ]s,52365210,98,123
ߍ],ߍ]s,52365211,98,123
ߍ],ߍ]s,52365212,98,123
ߍ],ߍ]s,52365213,98,123
ߍ],ߍ]s,52365214,98,123
ߍ],ߍ]s,52365215,109,137
ߍ],ߍ]s,52365216,112,|
ߍ],ߍ]s,52365217,109,137
ߍ],ߍ]s,52365218,109,137
ߍ],ߍ]s,52365219,109,137
ߍ],ߍ]s,52365220,94,118
ߍ],ߍ]s,52365221,94,118
ߍ],ߍ]s,52365222,94,118
ߍ],ߍ]s,52365223,94,118
ߍ],ߍ]s,52365224,94,118
ߍ],ߍ]s,52365225,112,|
ߍ],ߍ]s,52365226,112,|
ߍ],ߍ]s,52365227,112,141
ߍ],ߍ]s,52365228,112,141
ߍ],ߍ]s,52365229,112,141
ߍ],ߍ]s,52365230,94,118
ߍ],ߍ]s,52365231,94,118
ߍ],ߍ]s,52365232,94,118
ߍ],ߍ]s,52365233,94,118
ߍ],ߍ]s,52365234,94,118
ߍ],ߍ]s,52365235,112,141
ߍ],ߍ]s,52365236,112,141
ߍ],ߍ]s,52365237,112,141
ߍ],ߍ]s,52365238,112,141
ߍ],ߍ]s,52365239,112,141
ߍ],ߍ]s,52365240,94,118
ߍ],ߍ]s,52365241,94,118
ߍ],ߍ]s,52365242,94,118
ߍ],ߍ]s,52365243,94,118
ߍ],ߍ]s,52365244,94,118
ߍ],ߍ]s,52365245,112,141
ߍ],ߍ]s,52365246,112,141
ߍ],ߍ]s,52365247,112,141
ߍ],ߍ]s,52365248,112,141
ߍ],ߍ]s,52365249,112,141
ߍ],ߍ]s,52365250,94,118
ߍ],ߍ]s,52365251,94,118
ߍ],ߍ]s,52365252,94,118
ߍ],ߍ]s,52365253,94,118
ߍ],ߍ]s,52365254,94,118
ߍ],ߍ]s,52365255,112,141
ߍ],ߍ]s,52365256,112,141
ߍ],ߍ]s,52365257,112,141
ߍ],ߍ]s,52365258,112,141
ߍ],ߍ]s,52365259,112,141
ߍ],ߍ]s,52365260,94,118
ߍ],ߍ]s,52365261,94,118
ߍ],ߍ]s,52365262,94,118
ߍ],ߍ]s,52365263,94,118
ߍ],ߍ]s,52365264,94,118
ߍ],ߍ]s,52365265,112,141
ߍ],ߍ]s,52365266,112,141
ߍ],ߍ]s,52365270,94,118
ߍ],ߍ]s,52365271,94,118
ߍ],ߍ]s,52365272,94,118
ߍ],ߍ]s,52365273,94,118
ߍ],ߍ]s,52365274,94,118
ߍ],ߍ]s,52365275,112,141
ߍ],ߍ]s,52365280,97,122
ߍ],ߍ]s,52365281,97,122
ߍ],ߍ]s,52365283,97,122
ߍ],ߍ]s,52365284,97,122
ߍ],ߍ]s,52365300,132,165
ߍ],ߍ]s,52365301,132,165
ߍ],ߍ]s,52365302,132,165
ߍ],ߍ]s,52365303,132,165
ߍ],ߍ]s,52365304,132,165
ߍ],ߍ]s,52365310,132,165
ߍ],ߍ]s,52365311,132,165
ߍ],ߍ]s,52365312,132,165
ߍ],ߍ]s,52365313,132,165
ߍ],ߍ]s,52365314,132,165
ߍ],ߍ]s,52365320,136,171
ߍ],ߍ]s,52365321,136,171
ߍ],ߍ]s,52365322,136,171
ߍ],ߍ]s,52365323,136,171
ߍ],ߍ]s,52365324,136,171
ߍ],ߍ]s,52365330,136,171
ߍ],ߍ]s,52365331,136,171
ߍ],ߍ]s,52365332,136,171
ߍ],ߍ]s,52365333,136,171
ߍ],ߍ]s,52365334,136,171
ߍ],ߍ]s,52365340,136,171
ߍ],ߍ]s,52365341,136,171
ߍ],ߍ]s,52365342,136,|
ߍ],ߍ]s,52365343,136,|
ߍ],ߍ]s,52365344,136,|
ߍ],ߍ]s,52365345,136,|
ߍ],ߍ]s,52365350,136,171
ߍ],ߍ]s,52365351,136,171
ߍ],ߍ]s,52365352,136,171
ߍ],ߍ]s,52365353,136,|
ߍ],ߍ]s,52365354,136,|
ߍ],ߍ]s,52365360,136,171
ߍ],ߍ]s,52365361,136,171
ߍ],ߍ]s,52365362,136,171
ߍ],ߍ]s,52365363,136,171
ߍ],ߍ]s,52365364,136,171
ߍ],ߍ]s,52365371,136,171
ߍ],ߍ]s,52365372,136,171
ߍ],ߍ]s,52365373,136,171
ߍ],ߍ]s,52365374,136,171
ߍ],ߍ]s,52365375,136,170
ߍ],ߍ]s,52365381,133,167
ߍ],ߍ]s,52365382,133,167
ߍ],ߍ]s,52365383,133,167
ߍ],ߍ]s,52365384,133,167
ߍ],ߍ]s,52365385,132,166
ߍ],ߍ]s,52365391,136,|
ߍ],ߍ]s,52365392,136,|
ߍ],ߍ]s,52365393,133,167
ߍ],ߍ]s,52365394,133,167
ߍ],ߍ]s,52365395,132,166
ߍ],ߍ]s,52366029,100,|
ߍ],ߍ]s,52366038,94,118
ߍ],ߍ]s,52366039,100,|
ߍ],ߍ]s,52366048,100,126
ߍ],ߍ]s,52366049,100,|
ߍ],ߍ]s,52366058,100,126
ߍ],ߍ]s,52366059,100,|
ߍ],ߍ]s,52366101,92,115
ߍ],ߍ]s,52366102,92,115
ߍ],ߍ]s,52366103,92,115
ߍ],ߍ]s,52366104,92,115
ߍ],ߍ]s,52366105,92,115
ߍ],ߍ]s,52366110,100,|
ߍ],ߍ]s,52366111,92,115
ߍ],ߍ]s,52366112,92,115
ߍ],ߍ]s,52366113,92,115
ߍ],ߍ]s,52366114,92,115
ߍ],ߍ]s,52366115,92,115
ߍ],ߍ]s,52366120,100,|
ߍ],ߍ]s,52366121,92,115
ߍ],ߍ]s,52366122,92,115
ߍ],ߍ]s,52366123,92,115
ߍ],ߍ]s,52366124,92,115
ߍ],ߍ]s,52366125,92,115
ߍ],ߍ]s,52366130,100,|
ߍ],ߍ]s,52366131,100,|
ߍ],ߍ]s,52366132,100,|
ߍ],ߍ]s,52366133,100,|
ߍ],ߍ]s,52366140,100,|
ߍ],ߍ]s,52366141,100,|
ߍ],ߍ]s,52366142,100,|
ߍ],ߍ]s,52366150,100,|
ߍ],ߍ]s,52366300,136,|
ߍ],ߍ]s,52366301,136,|
ߍ],ߍ]s,52366302,136,|
ߍ],ߍ]s,52366303,136,|
ߍ],ߍ]s,52366304,136,|
ߍ],ߍ]s,52366310,136,|
ߍ],ߍ]s,52366311,136,|
ߍ],ߍ]s,52366312,136,|
ߍ],ߍ]s,52366313,136,|
ߍ],ߍ]s,52366314,136,|
ߍ],ߍ]s,52366320,136,|
ߍ],ߍ]s,52366321,136,|
ߍ],ߍ]s,52366322,136,|
ߍ],쒬,52363159,96,120
ߍ],쒬,52363168,96,120
ߍ],쒬,52363169,96,120
ߍ],쒬,52363178,96,120
ߍ],쒬,52363179,96,120
ߍ],쒬,52363186,96,120
ߍ],쒬,52363187,96,120
ߍ],쒬,52363188,96,120
ߍ],쒬,52363189,96,120
ߍ],쒬,52363195,96,120
ߍ],쒬,52363196,96,120
ߍ],쒬,52363197,96,120
ߍ],쒬,52363198,96,120
ߍ],쒬,52363199,96,120
ߍ],쒬,52363250,97,122
ߍ],쒬,52363260,97,122
ߍ],쒬,52363261,97,122
ߍ],쒬,52363262,97,122
ߍ],쒬,52363270,97,122
ߍ],쒬,52363271,97,122
ߍ],쒬,52363272,97,122
ߍ],쒬,52363273,97,122
ߍ],쒬,52363280,97,122
ߍ],쒬,52363281,97,122
ߍ],쒬,52363282,97,122
ߍ],쒬,52363283,97,122
ߍ],쒬,52363284,97,122
ߍ],쒬,52363285,110,138
ߍ],쒬,52363286,110,138
ߍ],쒬,52363290,97,122
ߍ],쒬,52363291,97,122
ߍ],쒬,52363292,97,122
ߍ],쒬,52363293,97,122
ߍ],쒬,52363294,97,122
ߍ],쒬,52363295,110,138
ߍ],쒬,52363296,110,138
ߍ],쒬,52364105,92,116
ߍ],쒬,52364106,92,116
ߍ],쒬,52364107,92,116
ߍ],쒬,52364108,92,116
ߍ],쒬,52364109,92,116
ߍ],쒬,52364115,92,116
ߍ],쒬,52364116,92,116
ߍ],쒬,52364117,92,116
ߍ],쒬,52364118,92,116
ߍ],쒬,52364119,92,116
ߍ],쒬,52364125,92,116
ߍ],쒬,52364126,92,116
ߍ],쒬,52364127,92,116
ߍ],쒬,52364128,92,116
ߍ],쒬,52364129,92,116
ߍ],쒬,52364136,92,116
ߍ],쒬,52364137,92,116
ߍ],쒬,52364138,92,116
ߍ],쒬,52364139,92,116
ߍ],쒬,52364147,92,116
ߍ],쒬,52364148,92,116
ߍ],쒬,52364149,92,116
ߍ],쒬,52364157,92,116
ߍ],쒬,52364158,92,116
ߍ],쒬,52364159,92,116
ߍ],쒬,52364167,94,118
ߍ],쒬,52364168,94,118
ߍ],쒬,52364169,94,118
ߍ],쒬,52364178,94,118
ߍ],쒬,52364179,94,118
ߍ],쒬,52364200,99,124
ߍ],쒬,52364201,99,124
ߍ],쒬,52364202,99,124
ߍ],쒬,52364203,99,124
ߍ],쒬,52364204,99,124
ߍ],쒬,52364205,107,134
ߍ],쒬,52364206,107,134
ߍ],쒬,52364207,107,134
ߍ],쒬,52364210,99,124
ߍ],쒬,52364211,99,124
ߍ],쒬,52364212,99,124
ߍ],쒬,52364213,99,124
ߍ],쒬,52364214,99,124
ߍ],쒬,52364215,107,134
ߍ],쒬,52364216,107,134
ߍ],쒬,52364220,99,124
ߍ],쒬,52364221,99,124
ߍ],쒬,52364222,99,124
ߍ],쒬,52364223,99,124
ߍ],쒬,52364224,99,124
ߍ],쒬,52364225,107,134
ߍ],쒬,52364226,107,134
ߍ],쒬,52364230,99,124
ߍ],쒬,52364231,99,124
ߍ],쒬,52364232,99,124
ߍ],쒬,52364233,99,124
ߍ],쒬,52364234,99,124
ߍ],쒬,52364235,107,134
ߍ],쒬,52364236,107,134
ߍ],쒬,52364240,99,124
ߍ],쒬,52364241,99,124
ߍ],쒬,52364242,99,124
ߍ],쒬,52364243,99,124
ߍ],쒬,52364244,99,124
ߍ],쒬,52364245,107,134
ߍ],쒬,52364250,99,124
ߍ],쒬,52364251,99,124
ߍ],쒬,52364252,99,124
ߍ],쒬,52364253,99,124
ߍ],쒬,52364254,99,124
ߍ],쒬,52364260,98,123
ߍ],쒬,52364261,98,123
ߍ],쒬,52364262,98,123
ߍ],쒬,52364263,98,123
ߍ],쒬,52364270,98,123
ߍ],,52364037,101,127
ߍ],,52364038,101,127
ߍ],,52364039,101,127
ߍ],,52364047,101,127
ߍ],,52364048,101,127
ߍ],,52364049,101,127
ߍ],,52364056,101,127
ߍ],,52364057,101,127
ߍ],,52364058,101,127
ߍ],,52364059,101,127
ߍ],,52364066,96,121
ߍ],,52364067,96,121
ߍ],,52364068,96,121
ߍ],,52364069,96,121
ߍ],,52364076,96,121
ߍ],,52364077,96,121
ߍ],,52364078,96,121
ߍ],,52364079,96,121
ߍ],,52364086,96,121
ߍ],,52364087,96,121
ߍ],,52364088,96,121
ߍ],,52364089,96,121
ߍ],,52364096,96,121
ߍ],,52364097,96,121
ߍ],,52364098,96,121
ߍ],,52364099,96,121
ߍ],,52364131,91,114
ߍ],,52364132,91,114
ߍ],,52364140,91,114
ߍ],,52364141,91,114
ߍ],,52364150,91,114
ߍ],,52364151,91,114
ߍ],,52364160,92,116
ߍ],,52364161,92,116
ߍ],,52364170,92,116
ߍ],,52364171,92,116
ߍ],,52364180,92,116
ߍ],,52364181,92,116
ߍ],,52364190,92,116
ߍ],,52365006,96,121
ߍ],,52365007,96,121
ߍ],,52365008,96,121
ߍ],,52365009,96,121
ߍ],,52365017,96,121
b,bs,52352718,85,119
b,bs,52352719,85,119
b,bs,52352726,89,124
b,bs,52352727,89,124
b,bs,52352728,89,124
b,bs,52352729,89,124
b,bs,52352735,89,124
b,bs,52352736,89,124
b,bs,52352737,89,124
b,bs,52352738,89,124
b,bs,52352739,89,124
b,bs,52352745,89,124
b,bs,52352746,89,124
b,bs,52352747,89,124
b,bs,52352748,89,124
b,bs,52352749,89,124
b,bs,52352756,89,124
b,bs,52352757,89,124
b,bs,52352758,89,124
b,bs,52352759,89,124
b,bs,52352767,89,124
b,bs,52352768,89,124
b,bs,52352769,89,124
b,bs,52352779,89,124
b,bs,52352789,87,121
b,bs,52361051,84,118
b,bs,52361052,84,118
b,bs,52361061,87,122
b,bs,52361062,87,122
b,bs,52361063,87,122
b,bs,52361064,87,122
b,bs,52361065,90,125
b,bs,52361072,87,122
b,bs,52361073,87,122
b,bs,52361074,87,122
b,bs,52361075,90,125
b,bs,52361076,90,125
b,bs,52361082,87,122
b,bs,52361083,87,122
b,bs,52361084,87,122
b,bs,52361085,90,125
b,bs,52361086,90,125
b,bs,52361090,87,|
b,bs,52361091,87,122
b,bs,52361092,87,122
b,bs,52361093,87,122
b,bs,52361094,87,122
b,bs,52361095,90,125
b,bs,52361096,90,125
b,bs,52362000,87,122
b,bs,52362001,87,122
b,bs,52362002,87,122
b,bs,52362003,87,122
b,bs,52362004,87,122
b,bs,52362005,90,125
b,bs,52362006,90,125
b,bs,52362010,87,122
b,bs,52362011,87,122
b,bs,52362012,87,122
b,bs,52362013,87,122
b,bs,52362014,87,122
b,bs,52362015,90,125
b,bs,52362016,90,125
b,bs,52362017,90,125
b,bs,52362018,90,125
b,bs,52362020,89,124
b,bs,52362021,89,124
b,bs,52362022,89,124
b,bs,52362023,89,124
b,bs,52362024,89,124
b,bs,52362025,91,127
b,bs,52362026,91,127
b,bs,52362027,91,127
b,bs,52362028,91,127
b,bs,52362030,89,124
b,bs,52362031,89,124
b,bs,52362032,89,124
b,bs,52362033,89,124
b,bs,52362034,89,124
b,bs,52362035,91,127
b,bs,52362036,91,127
b,bs,52362037,91,127
b,bs,52362038,91,127
b,bs,52362039,91,|
b,bs,52362040,89,124
b,bs,52362041,89,124
b,bs,52362042,89,124
b,bs,52362043,89,124
b,bs,52362044,89,124
b,bs,52362045,91,127
b,bs,52362046,91,127
b,bs,52362047,91,127
b,bs,52362049,91,|
b,bs,52362050,89,124
b,bs,52362051,89,124
b,bs,52362052,89,124
b,bs,52362053,89,124
b,bs,52362054,89,124
b,bs,52362055,91,127
b,bs,52362056,91,127
b,bs,52362060,89,124
b,bs,52362061,89,124
b,bs,52362062,89,124
b,bs,52362063,89,124
b,bs,52362064,89,124
b,bs,52362065,91,127
b,bs,52362066,91,127
b,bs,52362070,89,124
b,bs,52362071,89,124
b,bs,52362072,89,124
b,bs,52362073,89,124
b,bs,52362074,89,124
b,bs,52362075,91,127
b,bs,52362076,91,127
b,bs,52362077,91,127
b,bs,52362079,91,127
b,bs,52362080,87,121
b,bs,52362081,87,121
b,bs,52362082,87,121
b,bs,52362083,87,121
b,bs,52362084,87,121
b,bs,52362085,90,126
b,bs,52362086,90,126
b,bs,52362087,90,126
b,bs,52362088,91,|
b,bs,52362089,90,126
b,bs,52362090,87,121
b,bs,52362091,87,121
b,bs,52362092,87,121
b,bs,52362093,87,|
b,bs,52362094,87,121
b,bs,52362095,90,126
b,bs,52362096,90,126
b,bs,52362097,90,126
b,bs,52362098,90,126
b,bs,52362099,90,126
b,bs,52362138,87,121
b,bs,52362139,87,121
b,bs,52362146,87,121
b,bs,52362147,87,121
b,bs,52362148,87,121
b,bs,52362149,87,121
b,bs,52362155,87,121
b,bs,52362156,87,121
b,bs,52362157,87,121
b,bs,52362158,87,121
b,bs,52362159,87,121
b,bs,52362160,83,116
b,bs,52362161,83,116
b,bs,52362162,83,116
b,bs,52362163,83,116
b,bs,52362164,83,116
b,bs,52362165,87,121
b,bs,52362166,87,121
b,bs,52362167,87,121
b,bs,52362168,87,121
b,bs,52362169,87,121
b,bs,52362170,83,116
b,bs,52362171,83,116
b,bs,52362172,83,116
b,bs,52362173,83,116
b,bs,52362174,83,116
b,bs,52362175,87,121
b,bs,52362176,87,121
b,bs,52362177,87,121
b,bs,52362178,87,121
b,bs,52362179,87,121
b,bs,52362180,83,116
b,bs,52362181,83,116
b,bs,52362182,83,116
b,bs,52362183,83,116
b,bs,52362184,83,116
b,bs,52362185,83,116
b,bs,52362186,83,116
b,bs,52362187,83,116
b,bs,52362188,83,116
b,bs,52362189,83,116
b,bs,52362190,83,116
b,bs,52362191,83,116
b,bs,52362192,83,116
b,bs,52362193,83,116
b,bs,52362194,83,116
b,bs,52362195,83,116
b,bs,52362196,83,116
b,bs,52362197,83,116
b,bs,52362198,83,116
b,bs,52362199,83,116
b,bs,52362230,95,133
b,bs,52362240,95,133
b,bs,52362241,95,133
b,bs,52362250,95,133
b,bs,52362251,95,133
b,bs,52362252,95,133
b,bs,52362253,95,133
b,bs,52362254,95,|
b,bs,52362260,95,133
b,bs,52362261,95,133
b,bs,52362262,95,133
b,bs,52362263,95,133
b,bs,52362264,95,133
b,bs,52362270,95,133
b,bs,52362271,95,133
b,bs,52362272,95,133
b,bs,52362273,95,133
b,bs,52362274,95,133
b,bs,52362275,98,137
b,bs,52362276,98,137
b,bs,52362277,98,137
b,bs,52362280,85,119
b,bs,52362281,85,119
b,bs,52362282,85,119
b,bs,52362283,85,119
b,bs,52362284,85,119
b,bs,52362285,92,129
b,bs,52362286,92,129
b,bs,52362287,92,129
b,bs,52362288,92,129
b,bs,52362290,85,119
b,bs,52362291,85,119
b,bs,52362292,85,119
b,bs,52362293,85,119
b,bs,52362294,85,119
b,bs,52362295,92,129
b,bs,52362296,92,129
b,bs,52362297,92,129
b,bs,52362298,92,129
b,bs,52363002,87,121
b,bs,52363003,87,121
b,bs,52363004,87,121
b,bs,52363005,90,126
b,bs,52363006,90,126
b,bs,52363007,90,126
b,bs,52363008,90,126
b,bs,52363009,90,126
b,bs,52363013,87,121
b,bs,52363014,87,121
b,bs,52363015,90,126
b,bs,52363016,90,126
b,bs,52363017,90,126
b,bs,52363018,90,126
b,bs,52363019,90,126
b,bs,52363023,87,121
b,bs,52363024,87,121
b,bs,52363025,90,126
b,bs,52363026,90,126
b,bs,52363027,90,126
b,bs,52363028,90,126
b,bs,52363029,90,126
b,bs,52363033,87,121
b,bs,52363034,87,121
b,bs,52363035,90,126
b,bs,52363036,90,126
b,bs,52363037,90,126
b,bs,52363038,90,126
b,bs,52363039,90,126
b,bs,52363044,88,123
b,bs,52363045,90,|
b,bs,52363046,90,125
b,bs,52363047,90,125
b,bs,52363055,90,125
b,bs,52363100,83,116
b,bs,52363101,83,116
b,bs,52363102,83,116
b,bs,52363103,83,116
b,bs,52363104,83,116
b,bs,52363105,83,116
b,bs,52363106,83,116
b,bs,52363107,83,116
b,bs,52363108,83,116
b,bs,52363109,83,116
b,bs,52363110,83,116
b,bs,52363111,83,116
b,bs,52363112,83,116
b,bs,52363113,83,116
b,bs,52363114,83,116
b,bs,52363115,83,116
b,bs,52363116,83,116
b,bs,52363117,83,116
b,bs,52363118,83,116
b,bs,52363119,83,116
b,bs,52363120,83,116
b,bs,52363121,83,116
b,bs,52363122,83,116
b,bs,52363123,83,116
b,bs,52363124,83,116
b,bs,52363125,83,116
b,bs,52363126,83,116
b,bs,52363127,83,116
b,bs,52363128,83,116
b,bs,52363129,83,116
b,bs,52363130,83,116
b,bs,52363131,83,116
b,bs,52363132,83,116
b,bs,52363133,83,116
b,bs,52363134,83,116
b,bs,52363135,83,116
b,bs,52363136,83,116
b,bs,52363137,83,116
b,bs,52363138,83,116
b,bs,52363139,83,116
b,bs,52363140,83,116
b,bs,52363141,83,116
b,bs,52363142,83,116
b,bs,52363143,83,116
b,bs,52363144,83,116
b,bs,52363145,82,114
b,bs,52363146,82,114
b,bs,52363147,82,114
b,bs,52363148,82,114
b,bs,52363149,82,114
b,bs,52363150,83,116
b,bs,52363151,83,116
b,bs,52363152,83,116
b,bs,52363153,83,116
b,bs,52363154,83,116
b,bs,52363155,82,114
b,bs,52363156,82,114
b,bs,52363157,82,114
b,bs,52363158,82,114
b,bs,52363160,83,116
b,bs,52363161,83,116
b,bs,52363162,83,116
b,bs,52363163,83,116
b,bs,52363164,83,116
b,bs,52363165,82,114
b,bs,52363166,82,114
b,bs,52363167,82,114
b,bs,52363170,83,116
b,bs,52363171,83,116
b,bs,52363172,83,116
b,bs,52363173,83,116
b,bs,52363174,83,116
b,bs,52363175,82,114
b,bs,52363176,82,114
b,bs,52363177,82,114
b,bs,52363180,83,116
b,bs,52363181,83,116
b,bs,52363182,83,116
b,bs,52363183,83,116
b,bs,52363184,83,116
b,bs,52363185,82,114
b,bs,52363190,83,116
b,bs,52363191,83,116
b,bs,52363192,83,116
b,bs,52363193,83,116
b,bs,52363194,83,116
b,bs,52363200,85,119
b,bs,52363201,85,119
b,bs,52363202,85,119
b,bs,52363203,85,119
b,bs,52363204,85,119
b,bs,52363205,92,129
b,bs,52363206,92,129
b,bs,52363207,92,129
b,bs,52363208,92,129
b,bs,52363209,92,129
b,bs,52363210,85,119
b,bs,52363211,85,119
b,bs,52363212,85,119
b,bs,52363213,85,119
b,bs,52363214,85,119
b,bs,52363215,92,129
b,bs,52363216,92,129
b,bs,52363217,92,129
b,bs,52363218,92,129
b,bs,52363219,92,129
b,bs,52363220,85,119
b,bs,52363221,85,119
b,bs,52363222,85,119
b,bs,52363223,85,119
b,bs,52363224,85,119
b,bs,52363225,92,129
b,bs,52363226,92,129
b,bs,52363227,92,129
b,bs,52363228,92,129
b,bs,52363229,92,129
b,bs,52363230,85,119
b,bs,52363231,85,119
b,bs,52363232,85,119
b,bs,52363233,85,119
b,bs,52363234,85,119
b,bs,52363235,92,129
b,bs,52363236,92,129
b,bs,52363237,92,129
b,bs,52363238,92,129
b,bs,52363239,92,129
b,bs,52363240,83,116
b,bs,52363241,83,116
b,bs,52363242,83,116
b,bs,52363243,83,116
b,bs,52363244,83,116
b,bs,52363245,94,131
b,bs,52363246,94,131
b,bs,52363247,94,131
b,bs,52363248,94,131
b,bs,52363249,94,131
b,bs,52363251,83,116
b,bs,52363252,83,116
b,bs,52363253,83,116
b,bs,52363254,83,116
b,bs,52363255,94,131
b,bs,52363256,94,131
b,bs,52363257,94,131
b,bs,52363258,94,131
b,bs,52363259,94,131
b,bs,52363263,83,116
b,bs,52363264,83,116
b,bs,52363265,94,131
b,bs,52363266,94,131
b,bs,52363267,94,131
b,bs,52363268,94,131
b,bs,52363269,94,131
b,bs,52363274,83,116
b,bs,52363275,94,131
b,bs,52363276,94,131
b,bs,52363277,94,131
b,bs,52363278,94,131
b,bs,52363279,132,|
b,bs,52363287,94,131
b,bs,52363288,94,131
b,bs,52363289,132,|
b,bs,52363297,94,131
b,bs,52363298,132,|
b,bs,52363299,132,|
b,bs,52363340,105,147
b,bs,52363341,132,|
b,bs,52363350,105,147
b,bs,52363351,132,|
b,bs,52363360,105,147
b,bs,52363361,132,|
b,bs,52363370,132,|
b,bs,52363371,132,|
b,bs,52363372,132,|
b,bs,52363380,132,|
b,bs,52363381,132,|
b,bs,52363382,132,|
b,bs,52363390,132,|
b,bs,52363391,132,|
b,bs,52363392,132,|
b,bs,52364101,77,108
b,bs,52364102,77,108
b,bs,52364103,77,108
b,bs,52364104,77,108
b,bs,52364111,77,108
b,bs,52364112,77,108
b,bs,52364113,77,108
b,bs,52364114,77,108
b,bs,52364121,77,108
b,bs,52364122,77,108
b,bs,52364123,77,108
b,bs,52364208,132,|
b,bs,52364209,132,|
b,bs,52364217,91,127
b,bs,52364218,132,|
b,bs,52364219,132,|
b,bs,52364228,132,|
b,bs,52364300,132,|
b,bs,52364301,132,|
b,bs,52364302,132,|
b,bs,52364303,132,|
b,bs,52364310,132,|
b,bs,52364311,132,|
b,bs,52364312,132,|
b,Γs,52363048,90,125
b,Γs,52363049,90,125
b,Γs,52363056,90,125
b,Γs,52363057,90,125
b,Γs,52363058,90,125
b,Γs,52363059,90,125
b,Γs,52363064,88,123
b,Γs,52363065,90,125
b,Γs,52363066,90,125
b,Γs,52363067,90,125
b,Γs,52363068,90,125
b,Γs,52363069,90,125
b,Γs,52363074,88,123
b,Γs,52363075,90,125
b,Γs,52363076,90,125
b,Γs,52363077,90,125
b,Γs,52363078,90,125
b,Γs,52363079,90,125
b,Γs,52363083,88,123
b,Γs,52363084,88,123
b,Γs,52363085,90,125
b,Γs,52363086,90,125
b,Γs,52363087,90,125
b,Γs,52363088,90,125
b,Γs,52363089,90,125
b,Γs,52363093,88,123
b,Γs,52363094,88,123
b,Γs,52363095,90,125
b,Γs,52363096,90,125
b,Γs,52363097,90,125
b,Γs,52363098,90,125
b,Γs,52363099,90,125
b,Γs,52364003,79,111
b,Γs,52364004,79,111
b,Γs,52364005,87,121
b,Γs,52364006,87,121
b,Γs,52364007,87,121
b,Γs,52364008,87,121
b,Γs,52364009,87,121
b,Γs,52364013,79,111
b,Γs,52364014,79,111
b,Γs,52364015,87,121
b,Γs,52364016,87,121
b,Γs,52364017,87,121
b,Γs,52364018,87,121
b,Γs,52364019,87,121
b,Γs,52364023,79,111
b,Γs,52364024,79,111
b,Γs,52364025,87,121
b,Γs,52364026,87,121
b,Γs,52364027,87,121
b,Γs,52364028,87,121
b,Γs,52364029,87,121
b,Γs,52364034,79,111
b,Γs,52364035,87,121
b,Γs,52364036,87,121
b,Γs,52364044,79,111
b,Γs,52364045,87,121
b,Γs,52364046,87,121
b,Γs,52364054,79,111
b,Γs,52364055,87,121
b,Γs,52364065,82,115
b,Γs,52364100,77,108
b,Γs,52364110,77,108
b,Γs,52364120,77,108
b,Γs,52364130,77,108
ߍ],Îsk,52355639,110,133
ߍ],Îsk,52355648,110,133
ߍ],Îsk,52355649,110,133
ߍ],Îsk,52355658,110,133
ߍ],Îsk,52355659,110,133
ߍ],Îsk,52355668,110,133
ߍ],Îsk,52355669,110,133
ߍ],Îsk,52355678,110,133
ߍ],Îsk,52355679,110,133
ߍ],Îsk,52355688,117,142
ߍ],Îsk,52355689,117,142
ߍ],Îsk,52355698,117,142
ߍ],Îsk,52355699,117,142
ߍ],Îsk,52355740,106,128
ߍ],Îsk,52355741,106,128
ߍ],Îsk,52355750,106,128
ߍ],Îsk,52355760,106,128
ߍ],Îsk,52355770,106,128
ߍ],Îsk,52355773,106,128
ߍ],Îsk,52355774,106,128
ߍ],Îsk,52355780,108,131
ߍ],Îsk,52355781,108,131
ߍ],Îsk,52355782,108,131
ߍ],Îsk,52355783,108,131
ߍ],Îsk,52355784,108,131
ߍ],Îsk,52355790,108,131
ߍ],Îsk,52355791,108,131
ߍ],Îsk,52355792,108,131
ߍ],Îsk,52355793,108,131
ߍ],Îsk,52355794,108,131
ߍ],Îsk,52356608,117,142
ߍ],Îsk,52356609,117,142
ߍ],Îsk,52356617,117,142
ߍ],Îsk,52356618,117,142
ߍ],Îsk,52356619,117,142
ߍ],Îsk,52356627,117,142
ߍ],Îsk,52356628,117,142
ߍ],Îsk,52356629,117,142
ߍ],Îsk,52356637,117,142
ߍ],Îsk,52356638,117,142
ߍ],Îsk,52356639,117,142
ߍ],Îsk,52356647,118,143
ߍ],Îsk,52356648,118,143
ߍ],Îsk,52356649,118,143
ߍ],Îsk,52356657,118,143
ߍ],Îsk,52356658,118,143
ߍ],Îsk,52356659,118,143
ߍ],Îsk,52356666,118,|
ߍ],Îsk,52356667,118,143
ߍ],Îsk,52356668,118,143
ߍ],Îsk,52356669,118,143
ߍ],Îsk,52356677,118,143
ߍ],Îsk,52356678,118,143
ߍ],Îsk,52356679,118,143
ߍ],Îsk,52356687,118,143
ߍ],Îsk,52356688,118,143
ߍ],Îsk,52356689,118,143
ߍ],Îsk,52356697,118,143
ߍ],Îsk,52356698,118,143
ߍ],Îsk,52356699,118,143
ߍ],Îsk,52356700,108,131
ߍ],Îsk,52356701,108,131
ߍ],Îsk,52356702,108,131
ߍ],Îsk,52356703,108,131
ߍ],Îsk,52356710,108,131
ߍ],Îsk,52356711,108,131
ߍ],Îsk,52356712,108,131
ߍ],Îsk,52356713,108,131
ߍ],Îsk,52356720,108,131
ߍ],Îsk,52356721,108,131
ߍ],Îsk,52356722,108,131
ߍ],Îsk,52356723,108,131
ߍ],Îsk,52356730,108,131
ߍ],Îsk,52356731,108,131
ߍ],Îsk,52356732,108,131
ߍ],Îsk,52356733,108,131
ߍ],Îsk,52356740,122,148
ߍ],Îsk,52356741,122,148
ߍ],Îsk,52356742,122,148
ߍ],Îsk,52356743,122,148
ߍ],Îsk,52356744,122,148
ߍ],Îsk,52356750,122,148
ߍ],Îsk,52356751,122,148
ߍ],Îsk,52356752,122,148
ߍ],Îsk,52356753,122,148
ߍ],Îsk,52356754,122,148
ߍ],Îsk,52356755,103,125
ߍ],Îsk,52356760,122,148
ߍ],Îsk,52356761,122,148
ߍ],Îsk,52356762,122,148
ߍ],Îsk,52356763,122,148
ߍ],Îsk,52356764,122,148
ߍ],Îsk,52356765,103,125
ߍ],Îsk,52356766,103,125
ߍ],Îsk,52356770,122,148
ߍ],Îsk,52356771,122,148
ߍ],Îsk,52356772,122,148
ߍ],Îsk,52356773,122,148
ߍ],Îsk,52356774,122,148
ߍ],Îsk,52356775,103,125
ߍ],Îsk,52356776,103,125
ߍ],Îsk,52356777,103,125
ߍ],Îsk,52356780,122,148
ߍ],Îsk,52356781,122,|
ߍ],Îsk,52356782,122,148
ߍ],Îsk,52356783,122,148
ߍ],Îsk,52356784,122,148
ߍ],Îsk,52356785,103,125
ߍ],Îsk,52356786,103,125
ߍ],Îsk,52356787,103,125
ߍ],Îsk,52356790,122,148
ߍ],Îsk,52356791,122,148
ߍ],Îsk,52356792,122,148
ߍ],Îsk,52356793,122,148
ߍ],Îsk,52356794,122,148
ߍ],Îsk,52356795,103,125
ߍ],Îsk,52356796,103,125
ߍ],Îsk,52356797,103,125
ߍ],Îsk,52357608,117,142
ߍ],Îsk,52357609,117,142
ߍ],Îsk,52357618,117,142
ߍ],Îsk,52357619,117,142
ߍ],Îsk,52357628,117,142
ߍ],Îsk,52357629,117,142
ߍ],Îsk,52357639,117,142
ߍ],Îsk,52357700,126,153
ߍ],Îsk,52357701,126,153
ߍ],Îsk,52357702,126,153
ߍ],Îsk,52357703,126,153
ߍ],Îsk,52357704,126,153
ߍ],Îsk,52357705,107,129
ߍ],Îsk,52357706,107,129
ߍ],Îsk,52357707,107,129
ߍ],Îsk,52357708,107,129
ߍ],Îsk,52357710,126,153
ߍ],Îsk,52357711,126,153
ߍ],Îsk,52357712,126,153
ߍ],Îsk,52357715,107,129
ߍ],Îsk,52357716,107,129
ߍ],Îsk,52357717,107,129
ߍ],Îsk,52357718,107,129
ߍ],Îsk,52357719,107,129
ߍ],Îsk,52357720,126,153
ߍ],Îsk,52357721,126,153
ߍ],Îsk,52357726,107,129
ߍ],Îsk,52357727,107,129
ߍ],Îsk,52357728,107,129
ߍ],Îsk,52357730,126,153
ߍ],Îsk,52357731,126,153
ߍ],s,52357636,117,142
ߍ],s,52357637,117,142
ߍ],s,52357646,117,142
ߍ],s,52357647,117,142
ߍ],s,52357648,117,142
ߍ],s,52357649,117,142
ߍ],s,52357656,117,142
ߍ],s,52357657,117,142
ߍ],s,52357658,117,142
ߍ],s,52357659,117,142
ߍ],s,52357665,118,143
ߍ],s,52357666,118,143
ߍ],s,52357667,118,143
ߍ],s,52357668,118,143
ߍ],s,52357669,118,143
ߍ],s,52357675,118,143
ߍ],s,52357676,118,143
ߍ],s,52357677,118,143
ߍ],s,52357678,118,|
ߍ],s,52357679,118,143
ߍ],s,52357684,108,131
ߍ],s,52357685,118,143
ߍ],s,52357686,118,143
ߍ],s,52357687,118,143
ߍ],s,52357688,118,143
ߍ],s,52357689,118,143
ߍ],s,52357693,108,131
ߍ],s,52357694,108,131
ߍ],s,52357695,118,143
ߍ],s,52357696,118,143
ߍ],s,52357697,118,143
ߍ],s,52357698,118,143
ߍ],s,52357699,118,143
ߍ],s,52357713,126,153
ߍ],s,52357714,126,153
ߍ],s,52357722,126,153
ߍ],s,52357723,126,153
ߍ],s,52357724,126,153
ߍ],s,52357725,107,129
ߍ],s,52357729,107,129
ߍ],s,52357732,126,153
ߍ],s,52357733,126,153
ߍ],s,52357734,126,153
ߍ],s,52357735,107,129
ߍ],s,52357736,107,129
ߍ],s,52357737,107,129
ߍ],s,52357738,107,129
ߍ],s,52357739,107,129
ߍ],s,52357740,126,153
ߍ],s,52357741,126,153
ߍ],s,52357742,126,153
ߍ],s,52357743,126,153
ߍ],s,52357744,126,153
ߍ],s,52357745,107,129
ߍ],s,52357746,107,129
ߍ],s,52357747,107,129
ߍ],s,52357748,107,129
ߍ],s,52357749,107,129
ߍ],s,52357750,126,153
ߍ],s,52357751,126,153
ߍ],s,52357752,126,153
ߍ],s,52357753,126,153
ߍ],s,52357754,126,153
ߍ],s,52357755,107,129
ߍ],s,52357756,107,129
ߍ],s,52357757,107,129
ߍ],s,52357758,107,129
ߍ],s,52357759,107,129
ߍ],s,52357760,120,145
ߍ],s,52357761,120,145
ߍ],s,52357762,120,145
ߍ],s,52357763,120,145
ߍ],s,52357764,120,145
ߍ],s,52357765,110,133
ߍ],s,52357766,110,133
ߍ],s,52357767,110,133
ߍ],s,52357768,110,133
ߍ],s,52357769,110,133
ߍ],s,52357770,120,145
ߍ],s,52357771,120,145
ߍ],s,52357772,120,145
ߍ],s,52357773,120,145
ߍ],s,52357774,120,145
ߍ],s,52357775,110,133
ߍ],s,52357776,110,133
ߍ],s,52357777,110,133
ߍ],s,52357778,110,133
ߍ],s,52357779,110,133
ߍ],s,52357780,120,145
ߍ],s,52357781,120,145
ߍ],s,52357782,120,145
ߍ],s,52357783,120,145
ߍ],s,52357784,120,145
ߍ],s,52357785,110,133
ߍ],s,52357786,110,133
ߍ],s,52357787,110,133
ߍ],s,52357788,110,133
ߍ],s,52357789,110,133
ߍ],s,52357790,120,145
ߍ],s,52357791,120,145
ߍ],s,52357792,120,145
ߍ],s,52357793,120,145
ߍ],s,52357794,120,145
ߍ],s,52357795,110,133
ߍ],s,52357796,110,133
ߍ],s,52357797,110,133
ߍ],s,52357798,110,133
ߍ],s,52357799,110,133
ߍ],s,52367020,97,117
ߍ],s,52367030,97,117
ߍ],s,52367031,97,117
ߍ],s,52367040,97,117
ߍ],s,52367041,97,117
ߍ],s,52367050,97,117
ߍ],s,52367051,97,117
ߍ],s,52367060,101,122
ߍ],s,52367061,101,122
ߍ],s,52367062,101,|
ߍ],s,52367063,101,|
ߍ],s,52367064,101,|
ߍ],s,52367070,101,122
ߍ],s,52367071,101,122
ߍ],s,52367072,101,|
ߍ],s,52367073,101,|
ߍ],s,52367074,101,|
ߍ],s,52367075,101,|
ߍ],s,52367076,101,|
ߍ],s,52367080,101,122
ߍ],s,52367081,101,122
ߍ],s,52367082,101,|
ߍ],s,52367083,101,|
ߍ],s,52367084,101,|
ߍ],s,52367085,101,|
ߍ],s,52367086,101,|
ߍ],s,52367090,101,122
ߍ],s,52367091,101,122
ߍ],s,52367092,101,|
ߍ],s,52367093,101,|
ߍ],s,52367094,101,|
ߍ],s,52367095,101,|
ߍ],s,52367096,101,|
ߍ],s,53350603,108,131
ߍ],s,53350604,108,131
ߍ],s,53350605,118,143
ߍ],s,53350606,118,143
ߍ],s,53350607,118,143
ߍ],s,53350608,118,143
ߍ],s,53350609,118,143
ߍ],s,53350611,108,131
ߍ],s,53350612,108,131
ߍ],s,53350613,108,131
ߍ],s,53350614,108,131
ߍ],s,53350615,118,143
ߍ],s,53350616,118,143
ߍ],s,53350617,118,143
ߍ],s,53350618,118,143
ߍ],s,53350619,118,143
ߍ],s,53350621,111,134
ߍ],s,53350622,111,134
ߍ],s,53350623,111,134
ߍ],s,53350624,111,134
ߍ],s,53350625,111,134
ߍ],s,53350626,111,134
ߍ],s,53350627,111,134
ߍ],s,53350628,111,134
ߍ],s,53350629,111,134
ߍ],s,53350632,111,134
ߍ],s,53350633,111,134
ߍ],s,53350634,111,134
ߍ],s,53350635,111,134
ߍ],s,53350636,111,134
ߍ],s,53350637,111,134
ߍ],s,53350638,111,134
ߍ],s,53350639,111,134
ߍ],s,53350642,111,134
ߍ],s,53350643,111,134
ߍ],s,53350644,111,134
ߍ],s,53350645,111,134
ߍ],s,53350646,111,134
ߍ],s,53350647,111,134
ߍ],s,53350648,111,134
ߍ],s,53350649,111,134
ߍ],s,53350653,111,134
ߍ],s,53350654,111,134
ߍ],s,53350655,111,134
ߍ],s,53350656,111,134
ߍ],s,53350657,111,134
ߍ],s,53350658,111,134
ߍ],s,53350659,111,134
ߍ],s,53350665,111,134
ߍ],s,53350666,111,134
ߍ],s,53350667,111,134
ߍ],s,53350668,111,134
ߍ],s,53350669,111,134
ߍ],s,53350675,111,134
ߍ],s,53350676,111,134
ߍ],s,53350677,111,134
ߍ],s,53350678,111,134
ߍ],s,53350685,111,134
ߍ],s,53350686,111,134
ߍ],s,53350687,111,134
ߍ],s,53350695,111,134
ߍ],s,53350696,111,134
ߍ],s,53350697,111,134
ߍ],s,53350700,120,145
ߍ],s,53350701,120,145
ߍ],s,53350702,120,145
ߍ],s,53350703,120,145
ߍ],s,53350704,120,145
ߍ],s,53350705,110,133
ߍ],s,53350706,110,133
ߍ],s,53350707,110,133
ߍ],s,53350708,110,133
ߍ],s,53350709,110,133
ߍ],s,53350710,120,145
ߍ],s,53350711,120,145
ߍ],s,53350712,120,145
ߍ],s,53350713,120,145
ߍ],s,53350714,120,145
ߍ],s,53350715,110,133
ߍ],s,53350716,110,133
ߍ],s,53350717,110,133
ߍ],s,53350718,110,133
ߍ],s,53350719,110,133
ߍ],s,53350720,115,139
ߍ],s,53350721,115,139
ߍ],s,53350722,115,139
ߍ],s,53350723,115,139
ߍ],s,53350724,115,139
ߍ],s,53350725,107,129
ߍ],s,53350726,107,129
ߍ],s,53350727,107,129
ߍ],s,53350728,107,129
ߍ],s,53350729,107,129
ߍ],s,53350730,115,139
ߍ],s,53350731,115,139
ߍ],s,53350732,115,139
ߍ],s,53350733,115,139
ߍ],s,53350734,115,139
ߍ],s,53350735,107,129
ߍ],s,53350736,107,129
ߍ],s,53350737,107,129
ߍ],s,53350738,107,129
ߍ],s,53350739,107,129
ߍ],s,53350740,115,139
ߍ],s,53350741,115,139
ߍ],s,53350742,115,139
ߍ],s,53350743,115,139
ߍ],s,53350744,115,139
ߍ],s,53350745,107,129
ߍ],s,53350746,107,129
ߍ],s,53350747,107,129
ߍ],s,53350748,107,129
ߍ],s,53350749,107,129
ߍ],s,53350750,115,139
ߍ],s,53350751,115,139
ߍ],s,53350752,115,139
ߍ],s,53350753,115,139
ߍ],s,53350754,115,139
ߍ],s,53350755,107,129
ߍ],s,53350756,107,129
ߍ],s,53350757,107,129
ߍ],s,53350758,107,129
ߍ],s,53350759,107,129
ߍ],s,53350760,115,139
ߍ],s,53350761,115,139
ߍ],s,53350762,115,139
ߍ],s,53350763,115,139
ߍ],s,53350764,115,139
ߍ],s,53350765,107,129
ߍ],s,53350766,107,129
ߍ],s,53350767,107,129
ߍ],s,53350768,107,129
ߍ],s,53350769,107,129
ߍ],s,53350770,115,139
ߍ],s,53350771,115,139
ߍ],s,53350772,115,139
ߍ],s,53350773,115,139
ߍ],s,53350774,115,139
ߍ],s,53350775,107,129
ߍ],s,53350776,107,129
ߍ],s,53350777,107,129
ߍ],s,53350778,107,129
ߍ],s,53350779,107,129
ߍ],s,53350781,109,132
ߍ],s,53350782,109,132
ߍ],s,53350783,109,132
ߍ],s,53350784,109,132
ߍ],s,53350785,104,126
ߍ],s,53350786,104,126
ߍ],s,53350787,104,126
ߍ],s,53350788,104,126
ߍ],s,53350789,104,126
ߍ],s,53350791,109,132
ߍ],s,53350792,109,132
ߍ],s,53350793,109,132
ߍ],s,53350794,109,132
ߍ],s,53350795,104,126
ߍ],s,53350796,104,126
ߍ],s,53350797,104,126
ߍ],s,53350798,104,126
ߍ],s,53350799,104,126
ߍ],s,53351702,109,132
ߍ],s,53351703,109,132
ߍ],s,53351704,109,132
ߍ],s,53351705,104,126
ߍ],s,53351706,104,126
ߍ],s,53351707,104,126
ߍ],s,53351708,104,126
ߍ],s,53351709,104,126
ߍ],s,53351712,109,132
ߍ],s,53351713,109,132
ߍ],s,53351714,109,132
ߍ],s,53351715,104,126
ߍ],s,53351716,104,126
ߍ],s,53351717,104,126
ߍ],s,53351718,104,126
ߍ],s,53351719,104,126
ߍ],s,53351723,109,132
ߍ],s,53351724,109,132
ߍ],s,53351725,104,126
ߍ],s,53351726,104,126
ߍ],s,53351727,104,126
ߍ],s,53351728,104,126
ߍ],s,53351729,104,126
ߍ],s,53351733,109,132
ߍ],s,53351734,109,132
ߍ],s,53351735,104,126
ߍ],s,53351736,104,126
ߍ],s,53351737,104,126
ߍ],s,53351738,104,126
ߍ],s,53351739,104,126
ߍ],s,53351743,108,131
ߍ],s,53351744,108,131
ߍ],s,53351745,108,131
ߍ],s,53351746,108,131
ߍ],s,53351747,108,131
ߍ],s,53351748,108,131
ߍ],s,53351749,108,131
ߍ],s,53351753,108,131
ߍ],s,53351754,108,131
ߍ],s,53351755,108,|
ߍ],s,53351756,108,|
ߍ],s,53351757,108,|
ߍ],s,53351758,108,131
ߍ],s,53351759,108,131
ߍ],s,53351763,108,|
ߍ],s,53351764,108,|
ߍ],s,53351765,108,|
ߍ],s,53351766,108,|
ߍ],s,53351767,108,|
ߍ],s,53351768,108,131
ߍ],s,53351769,108,131
ߍ],s,53351774,108,|
ߍ],s,53351775,108,|
ߍ],s,53351776,108,|
ߍ],s,53351777,108,|
ߍ],s,53351778,108,|
ߍ],s,53351779,108,|
ߍ],s,53351784,108,|
ߍ],s,53351785,108,|
ߍ],s,53351786,108,|
ߍ],s,53351787,108,|
ߍ],s,53351788,108,|
ߍ],s,53351789,108,|
ߍ],s,53351794,108,|
ߍ],s,53351795,108,|
ߍ],s,53351796,108,|
ߍ],s,53351797,108,|
ߍ],s,53352705,108,|
ߍ],s,53352706,108,|
ߍ],s,53352715,108,|
ߍ],s,53360000,101,122
ߍ],s,53360001,101,122
ߍ],s,53360002,101,|
ߍ],s,53360003,101,|
ߍ],s,53360004,101,|
ߍ],s,53360005,101,|
ߍ],s,53360010,101,122
ߍ],s,53360011,101,122
ߍ],s,53360012,101,122
ߍ],s,53360013,101,122
ߍ],s,53360014,101,|
ߍ],s,53360015,101,|
ߍ],s,53360020,100,121
ߍ],s,53360021,100,121
ߍ],s,53360022,100,121
ߍ],s,53360023,100,121
ߍ],s,53360024,101,|
ߍ],s,53360025,101,|
ߍ],s,53360030,100,121
ߍ],s,53360031,100,121
ߍ],s,53360032,100,121
ߍ],s,53360033,100,121
ߍ],s,53360034,101,|
ߍ],s,53360035,101,|
ߍ],s,53360040,100,121
ߍ],s,53360041,100,121
ߍ],s,53360042,100,121
ߍ],s,53360043,100,121
ߍ],s,53360044,101,|
ߍ],s,53360050,100,121
ߍ],s,53360051,100,121
ߍ],s,53360052,100,121
ߍ],s,53360053,100,121
ߍ],s,53360060,100,121
ߍ],s,53360061,100,121
ߍ],s,53360062,100,121
ߍ],s,53360070,100,121
ߍ],s,53360071,100,121
ߍ],s,53360072,100,121
ߍ],s,53360080,102,123
ߍ],s,53360081,102,123
ߍ],s,53360082,102,123
ߍ],s,53360083,102,123
ߍ],s,53360090,102,123
ߍ],s,53360091,102,123
ߍ],s,53360092,102,123
ߍ],s,53360093,102,123
ߍ],s,53361000,102,123
ߍ],s,53361001,102,123
ߍ],s,53361002,102,123
ߍ],s,53361003,102,|
ߍ],s,53361010,102,123
ߍ],s,53361011,102,123
ߍ],s,53361012,102,123
ߍ],s,53361013,102,|
ߍ],s,53361020,102,123
ߍ],s,53361021,102,123
ߍ],s,53361022,102,123
ߍ],s,53361023,102,|
ߍ],s,53361030,102,123
ߍ],s,53361031,102,123
ߍ],s,53361032,102,123
ߍ],s,53361033,102,123
ߍ],s,53361034,102,|
ߍ],s,53361036,94,114
ߍ],s,53361037,94,114
ߍ],s,53361040,102,123
ߍ],s,53361041,102,123
ߍ],s,53361042,102,123
ߍ],s,53361043,102,123
ߍ],s,53361044,102,123
ߍ],s,53361045,97,117
ߍ],s,53361046,97,117
ߍ],s,53361047,97,117
ߍ],s,53361048,97,117
ߍ],s,53361050,102,123
ߍ],s,53361051,102,123
ߍ],s,53361052,102,123
ߍ],s,53361053,102,123
ߍ],s,53361054,102,123
ߍ],s,53361055,97,117
ߍ],s,53361056,97,117
ߍ],s,53361057,97,117
ߍ],s,53361060,102,123
ߍ],s,53361061,102,123
ߍ],s,53361062,102,123
ߍ],s,53361063,102,123
ߍ],s,53361064,102,123
ߍ],s,53361065,97,117
ߍ],s,53361066,97,117
ߍ],s,53361067,97,117
ߍ],s,53361070,102,123
ߍ],s,53361071,102,123
ߍ],s,53361072,102,123
ߍ],s,53361073,102,123
ߍ],s,53361074,102,123
ߍ],s,53361075,97,117
ߍ],s,53361076,97,117
ߍ],s,53361077,97,117
ߍ],s,53361080,102,123
ߍ],s,53361081,102,123
ߍ],s,53361082,102,123
ߍ],s,53361083,102,123
ߍ],s,53361084,102,123
ߍ],s,53361085,97,117
ߍ],s,53361086,97,117
ߍ],s,53361087,97,117
ߍ],s,53361091,102,123
ߍ],s,53361092,102,123
ߍ],s,53361093,102,123
ߍ],s,53361094,102,123
ߍ],s,53361095,97,117
ߍ],s,53361096,97,117
ߍ],s,53361097,97,117
ߍ],s,53362001,106,128
ߍ],s,53362002,106,128
ߍ],s,53362003,106,128
ߍ],s,53362004,106,128
ߍ],s,53362005,101,122
ߍ],s,53362006,101,122
ߍ],s,53362007,101,122
ߍ],s,53362011,106,128
ߍ],s,53362012,106,128
ߍ],s,53362013,106,128
ߍ],s,53362014,106,128
ߍ],s,53362015,101,122
ߍ],s,53362016,101,122
ߍ],s,53362017,101,122
ߍ],s,53362022,106,128
ߍ],s,53362023,106,128
ߍ],s,53362024,106,128
ߍ],s,53362025,101,122
ߍ],s,53362026,101,122
ߍ],s,53362027,101,122
ߍ],s,53362032,106,|
ߍ],s,53362033,106,|
ߍ],s,53362034,106,128
ߍ],s,53362036,101,122
ߍ],s,53362037,101,122
ߍ],s,53362046,101,122
Ζk,ls,53360167,110,|
Ζk,ls,53360168,110,|
Ζk,ls,53360169,110,|
Ζk,ls,53360177,110,|
Ζk,ls,53360178,110,|
Ζk,ls,53360179,110,|
Ζk,ls,53360186,110,|
Ζk,ls,53360187,110,|
Ζk,ls,53360188,110,|
Ζk,ls,53360189,110,|
Ζk,ls,53360196,110,|
Ζk,ls,53360197,110,|
Ζk,ls,53360198,110,|
Ζk,ls,53360199,110,|
Ζk,ls,53360215,106,132
Ζk,ls,53360222,98,122
Ζk,ls,53360223,98,122
Ζk,ls,53360224,98,122
Ζk,ls,53360225,103,128
Ζk,ls,53360231,98,122
Ζk,ls,53360232,98,122
Ζk,ls,53360233,98,122
Ζk,ls,53360234,98,122
Ζk,ls,53360235,103,128
Ζk,ls,53360240,110,|
Ζk,ls,53360241,98,122
Ζk,ls,53360242,98,122
Ζk,ls,53360243,98,122
Ζk,ls,53360244,98,122
Ζk,ls,53360245,103,128
Ζk,ls,53360246,103,128
Ζk,ls,53360250,110,|
Ζk,ls,53360251,110,|
Ζk,ls,53360252,110,|
Ζk,ls,53360253,98,122
Ζk,ls,53360254,98,122
Ζk,ls,53360255,103,128
Ζk,ls,53360256,103,128
Ζk,ls,53360260,110,|
Ζk,ls,53360261,110,|
Ζk,ls,53360262,110,|
Ζk,ls,53360263,98,122
Ζk,ls,53360264,98,122
Ζk,ls,53360265,103,128
Ζk,ls,53360266,103,128
Ζk,ls,53360270,110,|
Ζk,ls,53360271,110,|
Ζk,ls,53360272,110,|
Ζk,ls,53360273,110,|
Ζk,ls,53360274,98,122
Ζk,ls,53360275,103,128
Ζk,ls,53360276,103,128
Ζk,ls,53360280,110,|
Ζk,ls,53360281,110,|
Ζk,ls,53360282,110,|
Ζk,ls,53360283,110,|
Ζk,ls,53360284,110,|
Ζk,ls,53360285,110,136
Ζk,ls,53360286,110,136
Ζk,ls,53360287,110,136
Ζk,ls,53360288,110,136
Ζk,ls,53360290,110,|
Ζk,ls,53360291,110,|
Ζk,ls,53360292,110,|
Ζk,ls,53360293,110,|
Ζk,ls,53360294,110,|
Ζk,ls,53360295,110,136
Ζk,ls,53360296,110,136
Ζk,ls,53360297,110,136
Ζk,ls,53360298,110,136
Ζk,ls,53361058,98,122
Ζk,ls,53361059,98,122
Ζk,ls,53361068,98,122
Ζk,ls,53361069,98,122
Ζk,ls,53361078,98,122
Ζk,ls,53361079,98,122
Ζk,ls,53361088,98,122
Ζk,ls,53361089,98,122
Ζk,ls,53361098,98,122
Ζk,ls,53361099,98,122
Ζk,ls,53361101,96,119
Ζk,ls,53361105,110,|
Ζk,ls,53361106,110,|
Ζk,ls,53361107,110,|
Ζk,ls,53361108,110,|
Ζk,ls,53361109,96,119
Ζk,ls,53361111,96,119
Ζk,ls,53361115,110,|
Ζk,ls,53361116,110,|
Ζk,ls,53361117,110,|
Ζk,ls,53361118,96,119
Ζk,ls,53361119,96,119
Ζk,ls,53361125,96,119
Ζk,ls,53361126,96,119
Ζk,ls,53361127,96,119
Ζk,ls,53361128,96,119
Ζk,ls,53361129,96,119
Ζk,ls,53361131,96,119
Ζk,ls,53361132,96,119
Ζk,ls,53361134,96,119
Ζk,ls,53361135,96,119
Ζk,ls,53361136,96,119
Ζk,ls,53361137,96,119
Ζk,ls,53361138,96,119
Ζk,ls,53361139,96,119
Ζk,ls,53361140,97,120
Ζk,ls,53361141,97,120
Ζk,ls,53361142,97,120
Ζk,ls,53361145,98,121
Ζk,ls,53361146,98,121
Ζk,ls,53361147,98,121
Ζk,ls,53361148,98,121
Ζk,ls,53361149,98,121
Ζk,ls,53361150,97,120
Ζk,ls,53361151,97,120
Ζk,ls,53361152,97,120
Ζk,ls,53361155,98,121
Ζk,ls,53361156,98,121
Ζk,ls,53361157,98,121
Ζk,ls,53361158,98,121
Ζk,ls,53361159,98,121
Ζk,ls,53361160,97,120
Ζk,ls,53361161,97,120
Ζk,ls,53361165,98,121
Ζk,ls,53361166,98,121
Ζk,ls,53361167,98,121
Ζk,ls,53361168,98,121
Ζk,ls,53361169,98,121
Ζk,ls,53361170,97,120
Ζk,ls,53361171,97,120
Ζk,ls,53361172,97,120
Ζk,ls,53361175,98,121
Ζk,ls,53361176,98,121
Ζk,ls,53361177,98,121
Ζk,ls,53361178,98,121
Ζk,ls,53361179,98,121
Ζk,ls,53361180,97,120
Ζk,ls,53361181,97,120
Ζk,ls,53361182,97,120
Ζk,ls,53361185,98,121
Ζk,ls,53361186,98,121
Ζk,ls,53361187,98,121
Ζk,ls,53361188,98,121
Ζk,ls,53361189,98,121
Ζk,ls,53361190,97,120
Ζk,ls,53361191,97,120
Ζk,ls,53361192,97,120
Ζk,ls,53361193,97,120
Ζk,ls,53361194,97,120
Ζk,ls,53361195,98,121
Ζk,ls,53361196,98,121
Ζk,ls,53361197,98,121
Ζk,ls,53361198,98,121
Ζk,ls,53361199,98,121
Ζk,ls,53361200,98,122
Ζk,ls,53361201,98,122
Ζk,ls,53361202,110,|
Ζk,ls,53361203,110,|
Ζk,ls,53361204,98,122
Ζk,ls,53361205,110,136
Ζk,ls,53361206,110,136
Ζk,ls,53361207,110,136
Ζk,ls,53361208,110,136
Ζk,ls,53361210,98,122
Ζk,ls,53361211,98,122
Ζk,ls,53361212,98,122
Ζk,ls,53361213,98,122
Ζk,ls,53361214,98,122
Ζk,ls,53361215,110,136
Ζk,ls,53361216,110,136
Ζk,ls,53361217,110,136
Ζk,ls,53361218,110,136
Ζk,ls,53361220,98,122
Ζk,ls,53361221,98,122
Ζk,ls,53361222,98,122
Ζk,ls,53361223,98,122
Ζk,ls,53361224,98,122
Ζk,ls,53361225,110,136
Ζk,ls,53361226,110,136
Ζk,ls,53361227,110,136
Ζk,ls,53361228,110,136
Ζk,ls,53361230,98,122
Ζk,ls,53361231,98,122
Ζk,ls,53361232,98,122
Ζk,ls,53361233,98,122
Ζk,ls,53361234,98,122
Ζk,ls,53361235,110,136
Ζk,ls,53361236,110,136
Ζk,ls,53361237,110,136
Ζk,ls,53361240,100,124
Ζk,ls,53361241,100,124
Ζk,ls,53361242,100,124
Ζk,ls,53361243,100,124
Ζk,ls,53361244,100,124
Ζk,ls,53361245,115,142
Ζk,ls,53361246,115,142
Ζk,ls,53361247,115,142
Ζk,ls,53361250,100,124
Ζk,ls,53361251,100,124
Ζk,ls,53361252,100,124
Ζk,ls,53361253,100,124
Ζk,ls,53361254,100,124
Ζk,ls,53361255,115,142
Ζk,ls,53361256,115,142
Ζk,ls,53361260,100,124
Ζk,ls,53361261,100,124
Ζk,ls,53361262,100,124
Ζk,ls,53361263,100,124
Ζk,ls,53361264,100,124
Ζk,ls,53361265,115,142
Ζk,ls,53361266,115,142
Ζk,ls,53361270,100,124
Ζk,ls,53361271,100,124
Ζk,ls,53361272,100,124
Ζk,ls,53361273,100,124
Ζk,ls,53361274,100,124
Ζk,ls,53361275,115,142
Ζk,ls,53361276,115,142
Ζk,ls,53361280,100,124
Ζk,ls,53361281,100,124
Ζk,ls,53361282,100,124
Ζk,ls,53361283,100,124
Ζk,ls,53361284,100,124
Ζk,ls,53361285,115,142
Ζk,ls,53361286,115,142
Ζk,ls,53361290,100,124
Ζk,ls,53361291,100,124
Ζk,ls,53361292,100,124
Ζk,ls,53361293,100,124
Ζk,ls,53361294,100,124
Ζk,ls,53361295,115,142
Ζk,ls,53361296,115,142
Ζk,ls,53362008,103,128
Ζk,ls,53362009,103,128
Ζk,ls,53362018,103,128
Ζk,ls,53362019,103,128
Ζk,ls,53362028,103,128
Ζk,ls,53362029,103,128
Ζk,ls,53362038,103,128
Ζk,ls,53362039,103,128
Ζk,ls,53362049,103,128
Ζk,ls,53362059,103,128
Ζk,ls,53362069,104,129
Ζk,ls,53362079,104,129
Ζk,ls,53362089,104,129
Ζk,ls,53362100,100,124
Ζk,ls,53362101,100,124
Ζk,ls,53362102,100,124
Ζk,ls,53362103,100,124
Ζk,ls,53362104,100,124
Ζk,ls,53362105,100,124
Ζk,ls,53362106,100,124
Ζk,ls,53362107,100,124
Ζk,ls,53362108,100,124
Ζk,ls,53362109,100,124
Ζk,ls,53362110,100,124
Ζk,ls,53362111,100,124
Ζk,ls,53362112,100,124
Ζk,ls,53362113,100,124
Ζk,ls,53362114,100,124
Ζk,ls,53362115,100,124
Ζk,ls,53362116,100,124
Ζk,ls,53362117,100,124
Ζk,ls,53362118,100,124
Ζk,ls,53362119,100,124
Ζk,ls,53362120,100,124
Ζk,ls,53362121,100,124
Ζk,ls,53362122,100,124
Ζk,ls,53362123,100,124
Ζk,ls,53362124,100,124
Ζk,ls,53362125,100,124
Ζk,ls,53362126,100,124
Ζk,ls,53362127,100,124
Ζk,ls,53362128,100,124
Ζk,ls,53362129,100,124
Ζk,ls,53362130,100,124
Ζk,ls,53362131,100,124
Ζk,ls,53362132,100,124
Ζk,ls,53362133,100,124
Ζk,ls,53362134,100,124
Ζk,ls,53362135,100,124
Ζk,ls,53362136,100,124
Ζk,ls,53362137,100,124
Ζk,ls,53362138,100,124
Ζk,ls,53362139,100,124
Ζk,ls,53362140,100,124
Ζk,ls,53362141,100,124
Ζk,ls,53362142,100,124
Ζk,ls,53362143,100,124
Ζk,ls,53362144,100,124
Ζk,ls,53362145,100,124
Ζk,ls,53362146,100,124
Ζk,ls,53362147,100,124
Ζk,ls,53362148,100,124
Ζk,ls,53362149,100,124
Ζk,ls,53362150,100,124
Ζk,ls,53362151,100,124
Ζk,ls,53362152,100,124
Ζk,ls,53362153,100,124
Ζk,ls,53362154,100,124
Ζk,ls,53362155,100,124
Ζk,ls,53362156,100,124
Ζk,ls,53362157,100,124
Ζk,ls,53362158,100,124
Ζk,ls,53362159,100,124
Ζk,ls,53362160,103,128
Ζk,ls,53362161,103,128
Ζk,ls,53362162,103,128
Ζk,ls,53362163,103,128
Ζk,ls,53362164,103,128
Ζk,ls,53362165,103,128
Ζk,ls,53362166,103,128
Ζk,ls,53362167,103,128
Ζk,ls,53362168,103,128
Ζk,ls,53362169,103,128
Ζk,ls,53362170,103,128
Ζk,ls,53362171,103,128
Ζk,ls,53362172,103,128
Ζk,ls,53362173,103,128
Ζk,ls,53362174,103,128
Ζk,ls,53362175,103,128
Ζk,ls,53362176,103,128
Ζk,ls,53362177,103,128
Ζk,ls,53362178,103,128
Ζk,ls,53362179,103,128
Ζk,ls,53362180,103,128
Ζk,ls,53362181,103,128
Ζk,ls,53362182,103,128
Ζk,ls,53362183,103,128
Ζk,ls,53362184,103,128
Ζk,ls,53362185,103,128
Ζk,ls,53362186,103,128
Ζk,ls,53362187,103,128
Ζk,ls,53362188,103,128
Ζk,ls,53362189,103,128
Ζk,ls,53362193,103,128
Ζk,ls,53362194,103,128
Ζk,ls,53362195,103,128
Ζk,ls,53362196,103,128
Ζk,ls,53362197,103,128
Ζk,ls,53362198,103,128
Ζk,ls,53362199,103,128
Ζk,ls,53362200,108,134
Ζk,ls,53362201,108,134
Ζk,ls,53362202,108,134
Ζk,ls,53362203,108,134
Ζk,ls,53362204,108,134
Ζk,ls,53362205,120,149
Ζk,ls,53362206,120,149
Ζk,ls,53362210,108,134
Ζk,ls,53362211,108,134
Ζk,ls,53362212,108,134
Ζk,ls,53362213,124,|
Ζk,ls,53362214,124,|
Ζk,ls,53362215,120,149
Ζk,ls,53362216,120,149
Ζk,ls,53362220,108,134
Ζk,ls,53362221,108,134
Ζk,ls,53362222,108,134
Ζk,ls,53362223,124,|
Ζk,ls,53362224,124,|
Ζk,ls,53362225,120,149
Ζk,ls,53362226,120,149
Ζk,ls,53362227,120,149
Ζk,ls,53362230,108,134
Ζk,ls,53362231,108,134
Ζk,ls,53362232,108,134
Ζk,ls,53362233,124,|
Ζk,ls,53362234,124,|
Ζk,ls,53362235,120,149
Ζk,ls,53362236,120,149
Ζk,ls,53362237,120,149
Ζk,ls,53362240,108,134
Ζk,ls,53362241,108,134
Ζk,ls,53362242,124,|
Ζk,ls,53362243,124,|
Ζk,ls,53362244,124,|
Ζk,ls,53362245,124,|
Ζk,ls,53362246,124,|
Ζk,ls,53362247,124,|
Ζk,ls,53362250,108,134
Ζk,ls,53362251,108,134
Ζk,ls,53362252,124,|
Ζk,ls,53362253,124,|
Ζk,ls,53362254,124,|
Ζk,ls,53362255,124,|
Ζk,ls,53362256,124,|
Ζk,ls,53362260,102,127
Ζk,ls,53362261,102,127
Ζk,ls,53362262,102,127
Ζk,ls,53362263,102,127
Ζk,ls,53362264,102,127
Ζk,ls,53362270,102,127
Ζk,ls,53362271,102,127
Ζk,ls,53362272,102,127
Ζk,ls,53362273,102,127
Ζk,ls,53362274,102,127
Ζk,ls,53362280,102,127
Ζk,ls,53362281,102,127
Ζk,ls,53362282,102,127
Ζk,ls,53362283,102,127
Ζk,ls,53362284,102,127
Ζk,ls,53362285,110,136
Ζk,ls,53362290,102,127
Ζk,ls,53362291,102,127
Ζk,ls,53362292,102,127
Ζk,ls,53362293,102,127
Ζk,ls,53362294,102,127
Ζk,ls,53362295,110,136
Ζk,ls,53363104,103,128
Ζk,ls,53363105,103,128
Ζk,ls,53363106,103,128
Ζk,ls,53363107,103,128
Ζk,ls,53363108,103,128
Ζk,ls,53363109,103,128
Ζk,ls,53363114,103,128
Ζk,ls,53363115,103,128
Ζk,ls,53363116,103,128
Ζk,ls,53363117,103,128
Ζk,ls,53363118,103,128
Ζk,ls,53363119,103,128
Ζk,ls,53363124,106,131
Ζk,ls,53363125,103,128
Ζk,ls,53363126,103,128
Ζk,ls,53363127,103,128
Ζk,ls,53363128,103,128
Ζk,ls,53363129,103,128
Ζk,ls,53363134,106,131
Ζk,ls,53363135,103,128
Ζk,ls,53363136,103,128
Ζk,ls,53363137,103,128
Ζk,ls,53363138,103,128
Ζk,ls,53363139,103,128
Ζk,ls,53363143,106,131
Ζk,ls,53363144,106,131
Ζk,ls,53363145,103,128
Ζk,ls,53363146,103,128
Ζk,ls,53363147,103,128
Ζk,ls,53363148,103,128
Ζk,ls,53363149,103,128
Ζk,ls,53363153,106,131
Ζk,ls,53363154,106,131
Ζk,ls,53363155,103,128
Ζk,ls,53363156,103,128
Ζk,ls,53363157,103,128
Ζk,ls,53363158,103,128
Ζk,ls,53363159,103,128
Ζk,ls,53363163,106,131
Ζk,ls,53363164,106,131
Ζk,ls,53363165,103,128
Ζk,ls,53363166,103,128
Ζk,ls,53363167,103,128
Ζk,ls,53363168,103,128
Ζk,ls,53363169,110,|
Ζk,ls,53363172,106,131
Ζk,ls,53363173,106,131
Ζk,ls,53363174,106,131
Ζk,ls,53363175,103,128
Ζk,ls,53363176,103,128
Ζk,ls,53363177,103,128
Ζk,ls,53363178,110,|
Ζk,ls,53363179,110,|
Ζk,ls,53363182,104,129
Ζk,ls,53363183,104,129
Ζk,ls,53363184,104,129
Ζk,ls,53363185,103,128
Ζk,ls,53363186,103,128
Ζk,ls,53363187,103,128
Ζk,ls,53363188,110,|
Ζk,ls,53363189,110,|
Ζk,ls,53363192,104,129
Ζk,ls,53363193,104,129
Ζk,ls,53363194,104,129
Ζk,ls,53363195,103,128
Ζk,ls,53363196,103,128
Ζk,ls,53363197,103,128
Ζk,ls,53363198,110,|
Ζk,ls,53363199,110,|
Ζk,ls,53363200,102,127
Ζk,ls,53363201,102,127
Ζk,ls,53363202,102,127
Ζk,ls,53363203,102,127
Ζk,ls,53363204,102,127
Ζk,ls,53363205,110,|
Ζk,ls,53363210,102,127
Ζk,ls,53363211,102,127
Ζk,ls,53363212,102,127
Ζk,ls,53363213,102,127
Ζk,ls,53363214,102,127
Ζk,ls,53363215,110,|
Ζk,ls,53363220,106,131
Ζk,ls,53363221,110,|
Ζk,ls,53363222,110,|
Ζk,ls,53363223,110,|
Ζk,ls,53363224,110,|
Ζk,ls,53363230,110,|
Ζk,ls,53363231,110,|
Ζk,ls,53363232,110,|
Ζk,ls,53363233,110,|
Ζk,ls,53363234,110,|
Ζk,ls,53363235,110,|
Ζk,ls,53363240,110,|
Ζk,ls,53363241,110,|
Ζk,ls,53363242,110,|
Ζk,ls,53363244,110,|
Ζk,ls,53363250,110,|
Ζk,ls,53363251,110,|
Ζk,ls,53363252,110,|
Ζk,ls,53363260,110,|
Ζk,ls,53363261,110,|
Ζk,ls,53363270,110,|
Ζk,ls,53363271,110,|
Ζk,ls,53363272,110,|
Ζk,ls,53363280,110,|
Ζk,ls,53363281,110,|
Ζk,ls,53363290,110,|
Ζk,ls,53363291,110,|
Ζk,ls,53364101,104,129
Ζk,ls,53364102,104,129
Ζk,ls,53364103,104,129
Ζk,ls,53364104,104,129
Ζk,ls,53364105,103,128
Ζk,ls,53364106,110,|
Ζk,ls,53364107,110,|
Ζk,ls,53364108,110,|
Ζk,ls,53364109,110,|
Ζk,ls,53364111,104,129
Ζk,ls,53364112,104,129
Ζk,ls,53364113,104,129
Ζk,ls,53364114,104,129
Ζk,ls,53364115,110,|
Ζk,ls,53364116,110,|
Ζk,ls,53364117,110,|
Ζk,ls,53364118,110,|
Ζk,ls,53364122,104,129
Ζk,ls,53364123,104,129
Ζk,ls,53364124,110,|
Ζk,ls,53364125,110,|
Ζk,ls,53364132,104,129
Ζk,ls,53364133,104,129
Ζk,ls,53364134,110,|
Ζk,ls,53364135,110,|
Ζk,ls,53364200,110,|
Ζk,Čs,52367238,106,132
Ζk,Čs,52367245,106,132
Ζk,Čs,52367247,106,132
Ζk,Čs,52367248,106,132
Ζk,Čs,52367249,106,132
Ζk,Čs,52367251,96,119
Ζk,Čs,52367254,96,119
Ζk,Čs,52367255,106,132
Ζk,Čs,52367256,106,132
Ζk,Čs,52367257,106,132
Ζk,Čs,52367258,106,132
Ζk,Čs,52367259,106,132
Ζk,Čs,52367260,100,124
Ζk,Čs,52367261,100,124
Ζk,Čs,52367262,100,124
Ζk,Čs,52367263,100,124
Ζk,Čs,52367264,100,124
Ζk,Čs,52367265,106,132
Ζk,Čs,52367266,106,132
Ζk,Čs,52367267,106,132
Ζk,Čs,52367268,106,132
Ζk,Čs,52367269,106,132
Ζk,Čs,52367270,100,124
Ζk,Čs,52367271,100,124
Ζk,Čs,52367272,100,124
Ζk,Čs,52367273,100,124
Ζk,Čs,52367274,100,124
Ζk,Čs,52367275,106,132
Ζk,Čs,52367276,106,132
Ζk,Čs,52367277,106,132
Ζk,Čs,52367278,106,132
Ζk,Čs,52367279,106,132
Ζk,Čs,52367281,100,|
Ζk,Čs,52367282,100,124
Ζk,Čs,52367283,100,124
Ζk,Čs,52367284,100,124
Ζk,Čs,52367285,106,132
Ζk,Čs,52367286,106,132
Ζk,Čs,52367287,106,132
Ζk,Čs,52367288,106,132
Ζk,Čs,52367289,106,132
Ζk,Čs,52367291,100,|
Ζk,Čs,52367292,100,124
Ζk,Čs,52367293,100,124
Ζk,Čs,52367294,100,124
Ζk,Čs,52367295,106,132
Ζk,Čs,52367296,106,132
Ζk,Čs,52367297,106,132
Ζk,Čs,52367298,106,132
Ζk,Čs,52367299,106,132
Ζk,Čs,52367340,118,|
Ζk,Čs,52367350,118,|
Ζk,Čs,52367351,118,|
Ζk,Čs,52367360,116,144
Ζk,Čs,52367361,116,144
Ζk,Čs,52367370,116,144
Ζk,Čs,52367371,116,144
Ζk,Čs,52367372,116,|
Ζk,Čs,52367380,116,144
Ζk,Čs,52367381,116,144
Ζk,Čs,52367382,116,144
Ζk,Čs,52367390,116,144
Ζk,Čs,52367391,116,144
Ζk,Čs,52367392,116,144
Ζk,Čs,53360201,100,|
Ζk,Čs,53360202,100,124
Ζk,Čs,53360203,100,124
Ζk,Čs,53360204,100,124
Ζk,Čs,53360205,106,132
Ζk,Čs,53360206,106,132
Ζk,Čs,53360207,106,132
Ζk,Čs,53360208,106,132
Ζk,Čs,53360209,106,132
Ζk,Čs,53360212,100,|
Ζk,Čs,53360213,100,124
Ζk,Čs,53360214,100,124
Ζk,Čs,53360216,106,132
Ζk,Čs,53360217,106,132
Ζk,Čs,53360218,106,132
Ζk,Čs,53360219,106,132
Ζk,Čs,53360226,103,128
Ζk,Čs,53360227,103,128
Ζk,Čs,53360228,103,128
Ζk,Čs,53360229,103,128
Ζk,Čs,53360236,103,128
Ζk,Čs,53360237,103,128
Ζk,Čs,53360238,103,128
Ζk,Čs,53360239,103,128
Ζk,Čs,53360247,103,128
Ζk,Čs,53360248,103,128
Ζk,Čs,53360249,103,128
Ζk,Čs,53360257,103,128
Ζk,Čs,53360258,103,128
Ζk,Čs,53360259,103,128
Ζk,Čs,53360267,103,128
Ζk,Čs,53360268,103,128
Ζk,Čs,53360269,103,128
Ζk,Čs,53360277,103,128
Ζk,Čs,53360278,103,128
Ζk,Čs,53360279,103,128
Ζk,Čs,53360289,110,136
Ζk,Čs,53360299,110,136
Ζk,Čs,53360300,116,144
Ζk,Čs,53360301,116,144
Ζk,Čs,53360302,116,144
Ζk,Čs,53360310,116,144
Ζk,Čs,53360311,116,144
Ζk,Čs,53360312,116,144
Ζk,Čs,53360313,116,144
Ζk,Čs,53360320,120,149
Ζk,Čs,53360321,120,149
Ζk,Čs,53360322,120,149
Ζk,Čs,53360330,120,149
Ζk,Čs,53360331,120,149
Ζk,Čs,53360332,120,149
Ζk,Čs,53360340,120,149
Ζk,Čs,53360341,120,149
Ζk,Čs,53360342,120,149
Ζk,Čs,53360350,120,149
Ζk,Čs,53360351,120,149
Ζk,Čs,53360352,120,149
Ζk,Čs,53360353,120,149
Ζk,Čs,53360354,120,149
Ζk,Čs,53360360,120,149
Ζk,Čs,53360361,120,149
Ζk,Čs,53360362,120,149
Ζk,Čs,53360363,120,149
Ζk,Čs,53360364,120,149
Ζk,Čs,53360370,120,149
Ζk,Čs,53360371,120,149
Ζk,Čs,53360372,120,149
Ζk,Čs,53360373,120,149
Ζk,Čs,53360374,120,149
Ζk,Čs,53360380,132,163
Ζk,Čs,53360381,132,163
Ζk,Čs,53360382,132,163
Ζk,Čs,53360383,132,163
Ζk,Čs,53360390,132,163
Ζk,Čs,53360391,132,163
Ζk,Čs,53360392,132,163
Ζk,Čs,53360393,132,163
Ζk,Čs,53361209,110,136
Ζk,Čs,53361219,110,136
Ζk,Čs,53361229,110,136
Ζk,Čs,53361238,110,136
Ζk,Čs,53361239,110,136
Ζk,Čs,53361248,115,142
Ζk,Čs,53361249,115,142
Ζk,Čs,53361257,115,142
Ζk,Čs,53361258,115,142
Ζk,Čs,53361259,115,142
Ζk,Čs,53361267,115,142
Ζk,Čs,53361268,115,142
Ζk,Čs,53361269,115,142
Ζk,Čs,53361277,115,142
Ζk,Čs,53361278,115,142
Ζk,Čs,53361279,115,142
Ζk,Čs,53361287,115,142
Ζk,Čs,53361288,115,142
Ζk,Čs,53361289,115,142
Ζk,Čs,53361297,115,142
Ζk,Čs,53361298,115,142
Ζk,Čs,53361299,115,142
Ζk,Čs,53361300,132,163
Ζk,Čs,53361301,132,163
Ζk,Čs,53361302,132,163
Ζk,Čs,53361310,132,163
Ζk,Čs,53361311,132,163
Ζk,Čs,53361312,132,163
Ζk,Čs,53361320,132,163
Ζk,Čs,53361321,132,163
Ζk,Čs,53361322,132,|
Ζk,Čs,53361323,132,|
Ζk,Čs,53361330,132,163
Ζk,Čs,53361331,132,|
Ζk,Čs,53361332,132,|
Ζk,Čs,53361333,132,|
Ζk,Čs,53361340,129,160
Ζk,Čs,53361341,132,|
Ζk,Čs,53361342,132,|
Ζk,Čs,53361343,132,|
Ζk,Čs,53361350,132,|
Ζk,Čs,53361351,132,|
Ζk,Čs,53361352,132,|
Ζk,Čs,53361353,132,|
Ζk,Čs,53361360,132,|
Ζk,Čs,53361361,132,|
Ζk,Čs,53361370,132,|
Ζk,Čs,53361371,132,|
Ζk,Čs,53361380,132,|
Ζk,Čs,53361390,129,160
Ζk,Čs,53362207,120,149
Ζk,Čs,53362208,120,149
Ζk,Čs,53362209,120,149
Ζk,Čs,53362217,120,149
Ζk,Čs,53362218,120,149
Ζk,Čs,53362219,120,149
Ζk,Čs,53362228,120,149
Ζk,Čs,53362229,120,149
Ζk,Čs,53362238,124,|
Ζk,Čs,53362239,120,149
Ζk,Čs,53362248,124,|
Ζk,Čs,53362249,124,|
Ζk,Čs,53362259,124,|
Ζk,Čs,53362269,124,|
Ζk,Čs,53362300,124,154
Ζk,Čs,53362310,124,154
Ζk,Čs,53362311,124,154
Ζk,Čs,53362320,124,154
Ζk,Čs,53362321,124,154
Ζk,Čs,53362330,124,154
Ζk,Čs,53362331,124,154
Ζk,Čs,53362340,124,|
Γ,Fs,52366069,100,|
Γ,Fs,52366134,100,|
Γ,Fs,52366135,100,|
Γ,Fs,52366143,100,|
Γ,Fs,52366144,100,|
Γ,Fs,52366145,100,|
Γ,Fs,52366146,100,|
Γ,Fs,52366147,100,|
Γ,Fs,52366151,100,|
Γ,Fs,52366152,100,|
Γ,Fs,52366153,100,|
Γ,Fs,52366154,100,|
Γ,Fs,52366155,85,113
Γ,Fs,52366156,85,113
Γ,Fs,52366157,85,113
Γ,Fs,52366160,100,|
Γ,Fs,52366161,100,|
Γ,Fs,52366162,100,|
Γ,Fs,52366163,84,111
Γ,Fs,52366164,84,111
Γ,Fs,52366165,85,113
Γ,Fs,52366166,85,113
Γ,Fs,52366167,85,113
Γ,Fs,52366168,85,113
Γ,Fs,52366169,100,|
Γ,Fs,52366171,100,|
Γ,Fs,52366172,100,|
Γ,Fs,52366173,84,111
Γ,Fs,52366174,84,111
Γ,Fs,52366175,85,113
Γ,Fs,52366176,85,113
Γ,Fs,52366177,85,113
Γ,Fs,52366178,85,113
Γ,Fs,52366179,100,|
Γ,Fs,52366182,100,|
Γ,Fs,52366183,84,111
Γ,Fs,52366184,84,111
Γ,Fs,52366185,85,113
Γ,Fs,52366186,85,113
Γ,Fs,52366187,85,113
Γ,Fs,52366188,100,|
Γ,Fs,52366189,100,|
Γ,Fs,52366194,84,111
Γ,Fs,52366195,85,113
Γ,Fs,52366196,85,113
Γ,Fs,52366197,85,113
Γ,Fs,52366198,85,113
Γ,Fs,52366199,85,113
Γ,Fs,52366270,88,117
Γ,Fs,52366271,88,117
Γ,Fs,52366280,88,117
Γ,Fs,52366281,88,117
Γ,Fs,52366290,88,117
Γ,Fs,52366291,88,117
Γ,Fs,52366292,88,117
Γ,Fs,52367105,85,112
Γ,Fs,52367106,85,112
Γ,Fs,52367107,85,112
Γ,Fs,52367108,85,112
Γ,Fs,52367109,85,112
Γ,Fs,52367116,85,|
Γ,Fs,52367117,85,|
Γ,Fs,52367118,85,112
Γ,Fs,52367119,85,112
Γ,Fs,52367127,85,|
Γ,Fs,52367128,85,|
Γ,Fs,52367129,85,112
Γ,Fs,52367138,85,|
Γ,Fs,52367139,85,112
Γ,Fs,52367149,85,112
Γ,Fs,52367200,82,109
Γ,Fs,52367201,82,109
Γ,Fs,52367202,82,109
Γ,Fs,52367203,82,109
Γ,Fs,52367210,82,109
Γ,Fs,52367211,82,109
Γ,Fs,52367212,82,109
Γ,Fs,52367213,82,109
Γ,Fs,52367214,82,109
Γ,Fs,52367220,82,109
Γ,Fs,52367221,82,109
Γ,Fs,52367222,82,109
Γ,Fs,52367223,82,109
Γ,Fs,52367224,82,109
Γ,Fs,52367225,92,122
Γ,Fs,52367226,92,122
Γ,Fs,52367227,92,122
Γ,Fs,52367230,82,109
Γ,Fs,52367231,82,109
Γ,Fs,52367232,82,109
Γ,Fs,52367233,82,109
Γ,Fs,52367234,82,109
Γ,Fs,52367235,92,122
Γ,Fs,52367236,92,122
Γ,Fs,52367237,92,122
Γ,Fs,52367240,82,109
Γ,Fs,52367241,82,109
Γ,Fs,52367242,82,109
Γ,Fs,52367243,82,109
Γ,Fs,52367244,82,109
Γ,Fs,52367246,92,122
Γ,Fs,52367250,82,109
Γ,Fs,52367252,82,109
Γ,Fs,52367253,82,109
Γ,,52365186,100,|
Γ,,52365187,100,|
Γ,,52365189,100,|
Γ,,52365196,85,113
Γ,,52365197,100,|
Γ,,52365198,100,|
Γ,,52365199,85,113
Γ,,52365276,105,139
Γ,,52365282,91,120
Γ,,52365285,136,|
Γ,,52365290,91,120
Γ,,52365291,91,120
Γ,,52365292,91,120
Γ,,52365293,91,120
Γ,,52366106,85,113
Γ,,52366107,100,|
Γ,,52366108,100,|
Γ,,52366109,85,113
Γ,,52366116,85,113
Γ,,52366117,85,113
Γ,,52366119,85,113
Γ,,52366126,85,113
Γ,,52366127,85,113
Γ,,52366129,85,113
Γ,,52366136,85,113
Γ,,52366200,91,120
Γ,,52366201,91,120
Γ,,52366202,91,120
Γ,,52366203,91,120
Γ,,52366210,91,120
Γ,,52366211,91,120
Γ,,52366212,91,120
Γ,,52366220,91,120
Γ,L,52366118,100,|
Γ,L,52366128,100,|
Γ,L,52366137,100,|
Γ,L,52366138,100,|
Γ,L,52366139,100,|
Γ,L,52366148,100,|
Γ,L,52366158,100,|
Γ,bǒ,52366149,100,|
Γ,bǒ,52366159,100,|
Γ,bǒ,52366221,91,120
Γ,bǒ,52366222,91,120
Γ,bǒ,52366230,91,120
Γ,bǒ,52366231,91,120
Γ,bǒ,52366232,91,120
Γ,bǒ,52366240,100,|
Γ,bǒ,52366241,88,117
Γ,bǒ,52366250,100,|
Γ,bǒ,52366251,88,117
Γ,bǒ,52366260,100,|
Γ,꒬,52365267,105,139
Γ,꒬,52365268,105,139
Γ,꒬,52365269,105,139
Γ,꒬,52365277,105,139
Γ,꒬,52365278,105,139
Γ,꒬,52365279,105,139
Γ,꒬,52365286,136,|
Γ,꒬,52365287,136,|
Γ,꒬,52365288,136,|
Γ,꒬,52365289,136,|
Γ,꒬,52365294,91,120
Γ,꒬,52365295,101,133
Γ,꒬,52365296,101,133
Γ,꒬,52365297,101,133
Γ,꒬,52365298,101,133
Γ,꒬,52365299,136,|
Γ,꒬,52365370,127,168
Γ,꒬,52365380,136,|
Γ,꒬,52365390,136,|
Γ,꒬,52366204,91,120
Γ,꒬,52366205,101,133
Γ,꒬,52366206,101,133
Γ,꒬,52366207,101,133
Γ,꒬,52366208,101,133
Γ,꒬,52366209,136,|
Γ,꒬,52366213,91,120
Γ,꒬,52366214,91,120
Γ,꒬,52366215,101,133
Γ,꒬,52366216,101,133
Γ,꒬,52366217,101,133
Γ,꒬,52366218,136,|
Γ,꒬,52366219,136,|
Γ,꒬,52366223,91,120
Γ,꒬,52366224,91,120
Γ,꒬,52366225,101,133
Γ,꒬,52366226,101,133
Γ,꒬,52366227,101,133
Γ,꒬,52366228,101,133
Γ,꒬,52366229,136,|
Γ,꒬,52366233,91,120
Γ,꒬,52366234,91,120
Γ,꒬,52366235,101,133
Γ,꒬,52366236,101,133
Γ,꒬,52366237,101,133
Γ,꒬,52366238,101,133
Γ,꒬,52366239,101,133
Γ,꒬,52366242,88,117
Γ,꒬,52366243,88,117
Γ,꒬,52366244,88,117
Γ,꒬,52366245,101,133
Γ,꒬,52366246,101,133
Γ,꒬,52366247,101,133
Γ,꒬,52366248,101,133
Γ,꒬,52366249,101,133
Γ,꒬,52366252,88,117
Γ,꒬,52366253,88,117
Γ,꒬,52366254,88,117
Γ,꒬,52366255,101,133
Γ,꒬,52366256,101,133
Γ,꒬,52366257,101,133
Γ,꒬,52366258,101,133
Γ,꒬,52366259,101,133
Γ,꒬,52366261,88,117
Γ,꒬,52366262,88,117
Γ,꒬,52366263,88,117
Γ,꒬,52366264,88,117
Γ,꒬,52366265,101,133
Γ,꒬,52366266,101,133
Γ,꒬,52366267,101,133
Γ,꒬,52366268,101,133
Γ,꒬,52366269,101,133
Γ,꒬,52366272,88,117
Γ,꒬,52366273,88,117
Γ,꒬,52366274,88,117
Γ,꒬,52366275,101,133
Γ,꒬,52366276,101,133
Γ,꒬,52366277,101,133
Γ,꒬,52366278,101,133
Γ,꒬,52366279,101,133
Γ,꒬,52366282,88,117
Γ,꒬,52366283,88,117
Γ,꒬,52366284,88,117
Γ,꒬,52366285,101,133
Γ,꒬,52366286,101,133
Γ,꒬,52366287,101,133
Γ,꒬,52366288,101,133
Γ,꒬,52366289,101,133
Γ,꒬,52366293,88,117
Γ,꒬,52366294,88,117
Γ,꒬,52366295,101,133
Γ,꒬,52366296,101,133
Γ,꒬,52366297,101,133
Γ,꒬,52366298,101,133
Γ,꒬,52366299,118,|
Γ,꒬,52366330,136,|
Γ,꒬,52366331,136,|
Γ,꒬,52366332,136,|
Γ,꒬,52366340,118,156
Γ,꒬,52366341,136,|
Γ,꒬,52366342,136,|
Γ,꒬,52366350,118,156
Γ,꒬,52366351,136,|
Γ,꒬,52366352,136,|
Γ,꒬,52366360,118,156
Γ,꒬,52366361,136,|
Γ,꒬,52366362,136,|
Γ,꒬,52366370,118,156
Γ,꒬,52366371,136,|
Γ,꒬,52366380,118,156
Γ,꒬,52367204,82,109
Γ,꒬,52367205,92,122
Γ,꒬,52367206,92,122
Γ,꒬,52367207,92,122
Γ,꒬,52367208,92,122
Γ,꒬,52367209,118,|
Γ,꒬,52367215,92,122
Γ,꒬,52367216,92,122
Γ,꒬,52367217,92,122
Γ,꒬,52367218,92,122
Γ,꒬,52367219,118,|
Γ,꒬,52367228,92,122
Γ,꒬,52367229,118,|
Γ,꒬,52367239,118,|
Γ,꒬,52367300,118,|
Γ,꒬,52367301,118,|
Γ,꒬,52367310,118,|
Γ,꒬,52367311,118,|
Γ,꒬,52367320,118,|
Γ,꒬,52367321,118,|
Γ,꒬,52367330,118,|
Γ,꒬,52367331,118,|
